"country_name","year","v2x_regime","cowcode","iso","country","cid"
"Argentina",1789,NA,160,"ARG","Argentina",1
"Argentina",1790,NA,160,"ARG","Argentina",1
"Argentina",1791,NA,160,"ARG","Argentina",1
"Argentina",1792,NA,160,"ARG","Argentina",1
"Argentina",1793,NA,160,"ARG","Argentina",1
"Argentina",1794,NA,160,"ARG","Argentina",1
"Argentina",1795,NA,160,"ARG","Argentina",1
"Argentina",1796,NA,160,"ARG","Argentina",1
"Argentina",1797,NA,160,"ARG","Argentina",1
"Argentina",1798,NA,160,"ARG","Argentina",1
"Argentina",1799,NA,160,"ARG","Argentina",1
"Argentina",1800,NA,160,"ARG","Argentina",1
"Argentina",1801,NA,160,"ARG","Argentina",1
"Argentina",1802,NA,160,"ARG","Argentina",1
"Argentina",1803,NA,160,"ARG","Argentina",1
"Argentina",1804,NA,160,"ARG","Argentina",1
"Argentina",1805,NA,160,"ARG","Argentina",1
"Argentina",1806,NA,160,"ARG","Argentina",1
"Argentina",1807,NA,160,"ARG","Argentina",1
"Argentina",1808,NA,160,"ARG","Argentina",1
"Argentina",1809,NA,160,"ARG","Argentina",1
"Argentina",1810,NA,160,"ARG","Argentina",1
"Argentina",1811,NA,160,"ARG","Argentina",1
"Argentina",1812,NA,160,"ARG","Argentina",1
"Argentina",1813,NA,160,"ARG","Argentina",1
"Argentina",1814,NA,160,"ARG","Argentina",1
"Argentina",1815,NA,160,"ARG","Argentina",1
"Argentina",1816,NA,160,"ARG","Argentina",1
"Argentina",1817,NA,160,"ARG","Argentina",1
"Argentina",1818,NA,160,"ARG","Argentina",1
"Argentina",1819,NA,160,"ARG","Argentina",1
"Argentina",1820,NA,160,"ARG","Argentina",1
"Argentina",1821,NA,160,"ARG","Argentina",1
"Argentina",1822,NA,160,"ARG","Argentina",1
"Argentina",1823,NA,160,"ARG","Argentina",1
"Argentina",1824,NA,160,"ARG","Argentina",1
"Argentina",1825,NA,160,"ARG","Argentina",1
"Argentina",1826,NA,160,"ARG","Argentina",1
"Argentina",1827,NA,160,"ARG","Argentina",1
"Argentina",1828,NA,160,"ARG","Argentina",1
"Argentina",1829,NA,160,"ARG","Argentina",1
"Argentina",1830,NA,160,"ARG","Argentina",1
"Argentina",1831,NA,160,"ARG","Argentina",1
"Argentina",1832,NA,160,"ARG","Argentina",1
"Argentina",1833,NA,160,"ARG","Argentina",1
"Argentina",1834,NA,160,"ARG","Argentina",1
"Argentina",1835,NA,160,"ARG","Argentina",1
"Argentina",1836,NA,160,"ARG","Argentina",1
"Argentina",1837,NA,160,"ARG","Argentina",1
"Argentina",1838,NA,160,"ARG","Argentina",1
"Argentina",1839,NA,160,"ARG","Argentina",1
"Argentina",1840,NA,160,"ARG","Argentina",1
"Argentina",1841,NA,160,"ARG","Argentina",1
"Argentina",1842,NA,160,"ARG","Argentina",1
"Argentina",1843,NA,160,"ARG","Argentina",1
"Argentina",1844,NA,160,"ARG","Argentina",1
"Argentina",1845,NA,160,"ARG","Argentina",1
"Argentina",1846,NA,160,"ARG","Argentina",1
"Argentina",1847,NA,160,"ARG","Argentina",1
"Argentina",1848,NA,160,"ARG","Argentina",1
"Argentina",1849,NA,160,"ARG","Argentina",1
"Argentina",1850,NA,160,"ARG","Argentina",1
"Argentina",1851,NA,160,"ARG","Argentina",1
"Argentina",1852,NA,160,"ARG","Argentina",1
"Argentina",1853,NA,160,"ARG","Argentina",1
"Argentina",1854,NA,160,"ARG","Argentina",1
"Argentina",1855,NA,160,"ARG","Argentina",1
"Argentina",1856,NA,160,"ARG","Argentina",1
"Argentina",1857,NA,160,"ARG","Argentina",1
"Argentina",1858,NA,160,"ARG","Argentina",1
"Argentina",1859,NA,160,"ARG","Argentina",1
"Argentina",1860,NA,160,"ARG","Argentina",1
"Argentina",1861,NA,160,"ARG","Argentina",1
"Argentina",1862,NA,160,"ARG","Argentina",1
"Argentina",1863,NA,160,"ARG","Argentina",1
"Argentina",1864,NA,160,"ARG","Argentina",1
"Argentina",1865,NA,160,"ARG","Argentina",1
"Argentina",1866,NA,160,"ARG","Argentina",1
"Argentina",1867,NA,160,"ARG","Argentina",1
"Argentina",1868,NA,160,"ARG","Argentina",1
"Argentina",1869,NA,160,"ARG","Argentina",1
"Argentina",1870,NA,160,"ARG","Argentina",1
"Argentina",1871,NA,160,"ARG","Argentina",1
"Argentina",1872,NA,160,"ARG","Argentina",1
"Argentina",1873,NA,160,"ARG","Argentina",1
"Argentina",1874,NA,160,"ARG","Argentina",1
"Argentina",1875,NA,160,"ARG","Argentina",1
"Argentina",1876,NA,160,"ARG","Argentina",1
"Argentina",1877,NA,160,"ARG","Argentina",1
"Argentina",1878,NA,160,"ARG","Argentina",1
"Argentina",1879,NA,160,"ARG","Argentina",1
"Argentina",1880,NA,160,"ARG","Argentina",1
"Argentina",1881,NA,160,"ARG","Argentina",1
"Argentina",1882,NA,160,"ARG","Argentina",1
"Argentina",1883,NA,160,"ARG","Argentina",1
"Argentina",1884,NA,160,"ARG","Argentina",1
"Argentina",1885,NA,160,"ARG","Argentina",1
"Argentina",1886,NA,160,"ARG","Argentina",1
"Argentina",1887,NA,160,"ARG","Argentina",1
"Argentina",1888,NA,160,"ARG","Argentina",1
"Argentina",1889,NA,160,"ARG","Argentina",1
"Argentina",1890,NA,160,"ARG","Argentina",1
"Argentina",1891,NA,160,"ARG","Argentina",1
"Argentina",1892,NA,160,"ARG","Argentina",1
"Argentina",1893,NA,160,"ARG","Argentina",1
"Argentina",1894,NA,160,"ARG","Argentina",1
"Argentina",1895,NA,160,"ARG","Argentina",1
"Argentina",1896,NA,160,"ARG","Argentina",1
"Argentina",1897,NA,160,"ARG","Argentina",1
"Argentina",1898,NA,160,"ARG","Argentina",1
"Argentina",1899,NA,160,"ARG","Argentina",1
"Argentina",1900,1,160,"ARG","Argentina",1
"Argentina",1901,1,160,"ARG","Argentina",1
"Argentina",1902,1,160,"ARG","Argentina",1
"Argentina",1903,1,160,"ARG","Argentina",1
"Argentina",1904,1,160,"ARG","Argentina",1
"Argentina",1905,1,160,"ARG","Argentina",1
"Argentina",1906,1,160,"ARG","Argentina",1
"Argentina",1907,1,160,"ARG","Argentina",1
"Argentina",1908,1,160,"ARG","Argentina",1
"Argentina",1909,1,160,"ARG","Argentina",1
"Argentina",1910,1,160,"ARG","Argentina",1
"Argentina",1911,1,160,"ARG","Argentina",1
"Argentina",1912,1,160,"ARG","Argentina",1
"Argentina",1913,1,160,"ARG","Argentina",1
"Argentina",1914,1,160,"ARG","Argentina",1
"Argentina",1915,1,160,"ARG","Argentina",1
"Argentina",1916,1,160,"ARG","Argentina",1
"Argentina",1917,1,160,"ARG","Argentina",1
"Argentina",1918,1,160,"ARG","Argentina",1
"Argentina",1919,1,160,"ARG","Argentina",1
"Argentina",1920,1,160,"ARG","Argentina",1
"Argentina",1921,1,160,"ARG","Argentina",1
"Argentina",1922,1,160,"ARG","Argentina",1
"Argentina",1923,1,160,"ARG","Argentina",1
"Argentina",1924,1,160,"ARG","Argentina",1
"Argentina",1925,1,160,"ARG","Argentina",1
"Argentina",1926,1,160,"ARG","Argentina",1
"Argentina",1927,1,160,"ARG","Argentina",1
"Argentina",1928,1,160,"ARG","Argentina",1
"Argentina",1929,1,160,"ARG","Argentina",1
"Argentina",1930,1,160,"ARG","Argentina",1
"Argentina",1931,1,160,"ARG","Argentina",1
"Argentina",1932,1,160,"ARG","Argentina",1
"Argentina",1933,1,160,"ARG","Argentina",1
"Argentina",1934,1,160,"ARG","Argentina",1
"Argentina",1935,1,160,"ARG","Argentina",1
"Argentina",1936,1,160,"ARG","Argentina",1
"Argentina",1937,1,160,"ARG","Argentina",1
"Argentina",1938,1,160,"ARG","Argentina",1
"Argentina",1939,1,160,"ARG","Argentina",1
"Argentina",1940,1,160,"ARG","Argentina",1
"Argentina",1941,1,160,"ARG","Argentina",1
"Argentina",1942,1,160,"ARG","Argentina",1
"Argentina",1943,1,160,"ARG","Argentina",1
"Argentina",1944,0,160,"ARG","Argentina",1
"Argentina",1945,0,160,"ARG","Argentina",1
"Argentina",1946,1,160,"ARG","Argentina",1
"Argentina",1947,1,160,"ARG","Argentina",1
"Argentina",1948,1,160,"ARG","Argentina",1
"Argentina",1949,1,160,"ARG","Argentina",1
"Argentina",1950,1,160,"ARG","Argentina",1
"Argentina",1951,1,160,"ARG","Argentina",1
"Argentina",1952,1,160,"ARG","Argentina",1
"Argentina",1953,1,160,"ARG","Argentina",1
"Argentina",1954,1,160,"ARG","Argentina",1
"Argentina",1955,1,160,"ARG","Argentina",1
"Argentina",1956,0,160,"ARG","Argentina",1
"Argentina",1957,0,160,"ARG","Argentina",1
"Argentina",1958,1,160,"ARG","Argentina",1
"Argentina",1959,1,160,"ARG","Argentina",1
"Argentina",1960,1,160,"ARG","Argentina",1
"Argentina",1961,1,160,"ARG","Argentina",1
"Argentina",1962,1,160,"ARG","Argentina",1
"Argentina",1963,1,160,"ARG","Argentina",1
"Argentina",1964,2,160,"ARG","Argentina",1
"Argentina",1965,2,160,"ARG","Argentina",1
"Argentina",1966,1,160,"ARG","Argentina",1
"Argentina",1967,0,160,"ARG","Argentina",1
"Argentina",1968,0,160,"ARG","Argentina",1
"Argentina",1969,0,160,"ARG","Argentina",1
"Argentina",1970,0,160,"ARG","Argentina",1
"Argentina",1971,0,160,"ARG","Argentina",1
"Argentina",1972,0,160,"ARG","Argentina",1
"Argentina",1973,1,160,"ARG","Argentina",1
"Argentina",1974,2,160,"ARG","Argentina",1
"Argentina",1975,2,160,"ARG","Argentina",1
"Argentina",1976,1,160,"ARG","Argentina",1
"Argentina",1977,0,160,"ARG","Argentina",1
"Argentina",1978,0,160,"ARG","Argentina",1
"Argentina",1979,0,160,"ARG","Argentina",1
"Argentina",1980,0,160,"ARG","Argentina",1
"Argentina",1981,0,160,"ARG","Argentina",1
"Argentina",1982,0,160,"ARG","Argentina",1
"Argentina",1983,1,160,"ARG","Argentina",1
"Argentina",1984,2,160,"ARG","Argentina",1
"Argentina",1985,2,160,"ARG","Argentina",1
"Argentina",1986,2,160,"ARG","Argentina",1
"Argentina",1987,2,160,"ARG","Argentina",1
"Argentina",1988,2,160,"ARG","Argentina",1
"Argentina",1989,2,160,"ARG","Argentina",1
"Argentina",1990,2,160,"ARG","Argentina",1
"Argentina",1991,2,160,"ARG","Argentina",1
"Argentina",1992,2,160,"ARG","Argentina",1
"Argentina",1993,2,160,"ARG","Argentina",1
"Argentina",1994,2,160,"ARG","Argentina",1
"Argentina",1995,2,160,"ARG","Argentina",1
"Argentina",1996,2,160,"ARG","Argentina",1
"Argentina",1997,2,160,"ARG","Argentina",1
"Argentina",1998,2,160,"ARG","Argentina",1
"Argentina",1999,2,160,"ARG","Argentina",1
"Argentina",2000,2,160,"ARG","Argentina",1
"Argentina",2001,2,160,"ARG","Argentina",1
"Argentina",2002,2,160,"ARG","Argentina",1
"Argentina",2003,2,160,"ARG","Argentina",1
"Argentina",2004,2,160,"ARG","Argentina",1
"Argentina",2005,2,160,"ARG","Argentina",1
"Argentina",2006,2,160,"ARG","Argentina",1
"Argentina",2007,2,160,"ARG","Argentina",1
"Argentina",2008,2,160,"ARG","Argentina",1
"Argentina",2009,2,160,"ARG","Argentina",1
"Argentina",2010,2,160,"ARG","Argentina",1
"Argentina",2011,2,160,"ARG","Argentina",1
"Argentina",2012,2,160,"ARG","Argentina",1
"Argentina",2013,2,160,"ARG","Argentina",1
"Argentina",2014,2,160,"ARG","Argentina",1
"Argentina",2015,2,160,"ARG","Argentina",1
"Argentina",2016,2,160,"ARG","Argentina",1
"Argentina",2017,2,160,"ARG","Argentina",1
"Argentina",2018,2,160,"ARG","Argentina",1
"Argentina",2019,2,160,"ARG","Argentina",1
"Argentina",2020,2,160,"ARG","Argentina",1
"Argentina",2021,2,160,"ARG","Argentina",1
"Argentina",2022,2,160,"ARG","Argentina",1
"Argentina",2023,2,160,"ARG","Argentina",1
"Argentina",2024,2,160,"ARG","Argentina",1
"Argentina",2025,2,160,"ARG","Argentina",1
"Australia",1789,NA,900,"AUS","Australia",2
"Australia",1790,NA,900,"AUS","Australia",2
"Australia",1791,NA,900,"AUS","Australia",2
"Australia",1792,NA,900,"AUS","Australia",2
"Australia",1793,NA,900,"AUS","Australia",2
"Australia",1794,NA,900,"AUS","Australia",2
"Australia",1795,NA,900,"AUS","Australia",2
"Australia",1796,NA,900,"AUS","Australia",2
"Australia",1797,NA,900,"AUS","Australia",2
"Australia",1798,NA,900,"AUS","Australia",2
"Australia",1799,NA,900,"AUS","Australia",2
"Australia",1800,NA,900,"AUS","Australia",2
"Australia",1801,NA,900,"AUS","Australia",2
"Australia",1802,NA,900,"AUS","Australia",2
"Australia",1803,NA,900,"AUS","Australia",2
"Australia",1804,NA,900,"AUS","Australia",2
"Australia",1805,NA,900,"AUS","Australia",2
"Australia",1806,NA,900,"AUS","Australia",2
"Australia",1807,NA,900,"AUS","Australia",2
"Australia",1808,NA,900,"AUS","Australia",2
"Australia",1809,NA,900,"AUS","Australia",2
"Australia",1810,NA,900,"AUS","Australia",2
"Australia",1811,NA,900,"AUS","Australia",2
"Australia",1812,NA,900,"AUS","Australia",2
"Australia",1813,NA,900,"AUS","Australia",2
"Australia",1814,NA,900,"AUS","Australia",2
"Australia",1815,NA,900,"AUS","Australia",2
"Australia",1816,NA,900,"AUS","Australia",2
"Australia",1817,NA,900,"AUS","Australia",2
"Australia",1818,NA,900,"AUS","Australia",2
"Australia",1819,NA,900,"AUS","Australia",2
"Australia",1820,NA,900,"AUS","Australia",2
"Australia",1821,NA,900,"AUS","Australia",2
"Australia",1822,NA,900,"AUS","Australia",2
"Australia",1823,NA,900,"AUS","Australia",2
"Australia",1824,NA,900,"AUS","Australia",2
"Australia",1825,NA,900,"AUS","Australia",2
"Australia",1826,NA,900,"AUS","Australia",2
"Australia",1827,NA,900,"AUS","Australia",2
"Australia",1828,NA,900,"AUS","Australia",2
"Australia",1829,NA,900,"AUS","Australia",2
"Australia",1830,NA,900,"AUS","Australia",2
"Australia",1831,NA,900,"AUS","Australia",2
"Australia",1832,NA,900,"AUS","Australia",2
"Australia",1833,NA,900,"AUS","Australia",2
"Australia",1834,NA,900,"AUS","Australia",2
"Australia",1835,NA,900,"AUS","Australia",2
"Australia",1836,NA,900,"AUS","Australia",2
"Australia",1837,NA,900,"AUS","Australia",2
"Australia",1838,NA,900,"AUS","Australia",2
"Australia",1839,NA,900,"AUS","Australia",2
"Australia",1840,NA,900,"AUS","Australia",2
"Australia",1841,NA,900,"AUS","Australia",2
"Australia",1842,NA,900,"AUS","Australia",2
"Australia",1843,NA,900,"AUS","Australia",2
"Australia",1844,NA,900,"AUS","Australia",2
"Australia",1845,NA,900,"AUS","Australia",2
"Australia",1846,NA,900,"AUS","Australia",2
"Australia",1847,NA,900,"AUS","Australia",2
"Australia",1848,NA,900,"AUS","Australia",2
"Australia",1849,NA,900,"AUS","Australia",2
"Australia",1850,NA,900,"AUS","Australia",2
"Australia",1851,NA,900,"AUS","Australia",2
"Australia",1852,NA,900,"AUS","Australia",2
"Australia",1853,NA,900,"AUS","Australia",2
"Australia",1854,NA,900,"AUS","Australia",2
"Australia",1855,NA,900,"AUS","Australia",2
"Australia",1856,NA,900,"AUS","Australia",2
"Australia",1857,NA,900,"AUS","Australia",2
"Australia",1858,NA,900,"AUS","Australia",2
"Australia",1859,NA,900,"AUS","Australia",2
"Australia",1860,NA,900,"AUS","Australia",2
"Australia",1861,NA,900,"AUS","Australia",2
"Australia",1862,NA,900,"AUS","Australia",2
"Australia",1863,NA,900,"AUS","Australia",2
"Australia",1864,NA,900,"AUS","Australia",2
"Australia",1865,NA,900,"AUS","Australia",2
"Australia",1866,NA,900,"AUS","Australia",2
"Australia",1867,NA,900,"AUS","Australia",2
"Australia",1868,NA,900,"AUS","Australia",2
"Australia",1869,NA,900,"AUS","Australia",2
"Australia",1870,NA,900,"AUS","Australia",2
"Australia",1871,NA,900,"AUS","Australia",2
"Australia",1872,NA,900,"AUS","Australia",2
"Australia",1873,NA,900,"AUS","Australia",2
"Australia",1874,NA,900,"AUS","Australia",2
"Australia",1875,NA,900,"AUS","Australia",2
"Australia",1876,NA,900,"AUS","Australia",2
"Australia",1877,NA,900,"AUS","Australia",2
"Australia",1878,NA,900,"AUS","Australia",2
"Australia",1879,NA,900,"AUS","Australia",2
"Australia",1880,NA,900,"AUS","Australia",2
"Australia",1881,NA,900,"AUS","Australia",2
"Australia",1882,NA,900,"AUS","Australia",2
"Australia",1883,NA,900,"AUS","Australia",2
"Australia",1884,NA,900,"AUS","Australia",2
"Australia",1885,NA,900,"AUS","Australia",2
"Australia",1886,NA,900,"AUS","Australia",2
"Australia",1887,NA,900,"AUS","Australia",2
"Australia",1888,NA,900,"AUS","Australia",2
"Australia",1889,NA,900,"AUS","Australia",2
"Australia",1890,NA,900,"AUS","Australia",2
"Australia",1891,NA,900,"AUS","Australia",2
"Australia",1892,NA,900,"AUS","Australia",2
"Australia",1893,NA,900,"AUS","Australia",2
"Australia",1894,NA,900,"AUS","Australia",2
"Australia",1895,NA,900,"AUS","Australia",2
"Australia",1896,NA,900,"AUS","Australia",2
"Australia",1897,NA,900,"AUS","Australia",2
"Australia",1898,NA,900,"AUS","Australia",2
"Australia",1899,NA,900,"AUS","Australia",2
"Australia",1900,2,900,"AUS","Australia",2
"Australia",1901,3,900,"AUS","Australia",2
"Australia",1902,3,900,"AUS","Australia",2
"Australia",1903,3,900,"AUS","Australia",2
"Australia",1904,3,900,"AUS","Australia",2
"Australia",1905,3,900,"AUS","Australia",2
"Australia",1906,3,900,"AUS","Australia",2
"Australia",1907,3,900,"AUS","Australia",2
"Australia",1908,3,900,"AUS","Australia",2
"Australia",1909,3,900,"AUS","Australia",2
"Australia",1910,3,900,"AUS","Australia",2
"Australia",1911,3,900,"AUS","Australia",2
"Australia",1912,3,900,"AUS","Australia",2
"Australia",1913,3,900,"AUS","Australia",2
"Australia",1914,3,900,"AUS","Australia",2
"Australia",1915,3,900,"AUS","Australia",2
"Australia",1916,2,900,"AUS","Australia",2
"Australia",1917,2,900,"AUS","Australia",2
"Australia",1918,3,900,"AUS","Australia",2
"Australia",1919,3,900,"AUS","Australia",2
"Australia",1920,3,900,"AUS","Australia",2
"Australia",1921,3,900,"AUS","Australia",2
"Australia",1922,3,900,"AUS","Australia",2
"Australia",1923,3,900,"AUS","Australia",2
"Australia",1924,3,900,"AUS","Australia",2
"Australia",1925,3,900,"AUS","Australia",2
"Australia",1926,3,900,"AUS","Australia",2
"Australia",1927,3,900,"AUS","Australia",2
"Australia",1928,3,900,"AUS","Australia",2
"Australia",1929,3,900,"AUS","Australia",2
"Australia",1930,3,900,"AUS","Australia",2
"Australia",1931,3,900,"AUS","Australia",2
"Australia",1932,3,900,"AUS","Australia",2
"Australia",1933,3,900,"AUS","Australia",2
"Australia",1934,3,900,"AUS","Australia",2
"Australia",1935,3,900,"AUS","Australia",2
"Australia",1936,3,900,"AUS","Australia",2
"Australia",1937,3,900,"AUS","Australia",2
"Australia",1938,3,900,"AUS","Australia",2
"Australia",1939,3,900,"AUS","Australia",2
"Australia",1940,3,900,"AUS","Australia",2
"Australia",1941,3,900,"AUS","Australia",2
"Australia",1942,3,900,"AUS","Australia",2
"Australia",1943,3,900,"AUS","Australia",2
"Australia",1944,3,900,"AUS","Australia",2
"Australia",1945,3,900,"AUS","Australia",2
"Australia",1946,3,900,"AUS","Australia",2
"Australia",1947,3,900,"AUS","Australia",2
"Australia",1948,3,900,"AUS","Australia",2
"Australia",1949,3,900,"AUS","Australia",2
"Australia",1950,3,900,"AUS","Australia",2
"Australia",1951,3,900,"AUS","Australia",2
"Australia",1952,3,900,"AUS","Australia",2
"Australia",1953,3,900,"AUS","Australia",2
"Australia",1954,3,900,"AUS","Australia",2
"Australia",1955,3,900,"AUS","Australia",2
"Australia",1956,3,900,"AUS","Australia",2
"Australia",1957,3,900,"AUS","Australia",2
"Australia",1958,3,900,"AUS","Australia",2
"Australia",1959,3,900,"AUS","Australia",2
"Australia",1960,3,900,"AUS","Australia",2
"Australia",1961,3,900,"AUS","Australia",2
"Australia",1962,3,900,"AUS","Australia",2
"Australia",1963,3,900,"AUS","Australia",2
"Australia",1964,3,900,"AUS","Australia",2
"Australia",1965,3,900,"AUS","Australia",2
"Australia",1966,3,900,"AUS","Australia",2
"Australia",1967,3,900,"AUS","Australia",2
"Australia",1968,3,900,"AUS","Australia",2
"Australia",1969,3,900,"AUS","Australia",2
"Australia",1970,3,900,"AUS","Australia",2
"Australia",1971,3,900,"AUS","Australia",2
"Australia",1972,3,900,"AUS","Australia",2
"Australia",1973,3,900,"AUS","Australia",2
"Australia",1974,3,900,"AUS","Australia",2
"Australia",1975,3,900,"AUS","Australia",2
"Australia",1976,3,900,"AUS","Australia",2
"Australia",1977,3,900,"AUS","Australia",2
"Australia",1978,3,900,"AUS","Australia",2
"Australia",1979,3,900,"AUS","Australia",2
"Australia",1980,3,900,"AUS","Australia",2
"Australia",1981,3,900,"AUS","Australia",2
"Australia",1982,3,900,"AUS","Australia",2
"Australia",1983,3,900,"AUS","Australia",2
"Australia",1984,3,900,"AUS","Australia",2
"Australia",1985,3,900,"AUS","Australia",2
"Australia",1986,3,900,"AUS","Australia",2
"Australia",1987,3,900,"AUS","Australia",2
"Australia",1988,3,900,"AUS","Australia",2
"Australia",1989,3,900,"AUS","Australia",2
"Australia",1990,3,900,"AUS","Australia",2
"Australia",1991,3,900,"AUS","Australia",2
"Australia",1992,3,900,"AUS","Australia",2
"Australia",1993,3,900,"AUS","Australia",2
"Australia",1994,3,900,"AUS","Australia",2
"Australia",1995,3,900,"AUS","Australia",2
"Australia",1996,3,900,"AUS","Australia",2
"Australia",1997,3,900,"AUS","Australia",2
"Australia",1998,3,900,"AUS","Australia",2
"Australia",1999,3,900,"AUS","Australia",2
"Australia",2000,3,900,"AUS","Australia",2
"Australia",2001,3,900,"AUS","Australia",2
"Australia",2002,3,900,"AUS","Australia",2
"Australia",2003,3,900,"AUS","Australia",2
"Australia",2004,3,900,"AUS","Australia",2
"Australia",2005,3,900,"AUS","Australia",2
"Australia",2006,3,900,"AUS","Australia",2
"Australia",2007,3,900,"AUS","Australia",2
"Australia",2008,3,900,"AUS","Australia",2
"Australia",2009,3,900,"AUS","Australia",2
"Australia",2010,3,900,"AUS","Australia",2
"Australia",2011,3,900,"AUS","Australia",2
"Australia",2012,3,900,"AUS","Australia",2
"Australia",2013,3,900,"AUS","Australia",2
"Australia",2014,3,900,"AUS","Australia",2
"Australia",2015,3,900,"AUS","Australia",2
"Australia",2016,3,900,"AUS","Australia",2
"Australia",2017,3,900,"AUS","Australia",2
"Australia",2018,3,900,"AUS","Australia",2
"Australia",2019,3,900,"AUS","Australia",2
"Australia",2020,3,900,"AUS","Australia",2
"Australia",2021,3,900,"AUS","Australia",2
"Australia",2022,3,900,"AUS","Australia",2
"Australia",2023,3,900,"AUS","Australia",2
"Australia",2024,3,900,"AUS","Australia",2
"Australia",2025,3,900,"AUS","Australia",2
"Austria",1919,1,305,"AUT","Austria",3
"Austria",1920,1,305,"AUT","Austria",3
"Austria",1921,2,305,"AUT","Austria",3
"Austria",1922,2,305,"AUT","Austria",3
"Austria",1923,2,305,"AUT","Austria",3
"Austria",1924,2,305,"AUT","Austria",3
"Austria",1925,2,305,"AUT","Austria",3
"Austria",1926,2,305,"AUT","Austria",3
"Austria",1927,2,305,"AUT","Austria",3
"Austria",1928,2,305,"AUT","Austria",3
"Austria",1929,2,305,"AUT","Austria",3
"Austria",1930,2,305,"AUT","Austria",3
"Austria",1931,2,305,"AUT","Austria",3
"Austria",1932,2,305,"AUT","Austria",3
"Austria",1933,1,305,"AUT","Austria",3
"Austria",1934,0,305,"AUT","Austria",3
"Austria",1935,0,305,"AUT","Austria",3
"Austria",1936,0,305,"AUT","Austria",3
"Austria",1937,0,305,"AUT","Austria",3
"Austria",1938,0,305,"AUT","Austria",3
"Austria",1945,2,305,"AUT","Austria",3
"Austria",1946,2,305,"AUT","Austria",3
"Austria",1947,2,305,"AUT","Austria",3
"Austria",1948,2,305,"AUT","Austria",3
"Austria",1949,2,305,"AUT","Austria",3
"Austria",1950,2,305,"AUT","Austria",3
"Austria",1951,2,305,"AUT","Austria",3
"Austria",1952,2,305,"AUT","Austria",3
"Austria",1953,2,305,"AUT","Austria",3
"Austria",1954,2,305,"AUT","Austria",3
"Austria",1955,2,305,"AUT","Austria",3
"Austria",1956,3,305,"AUT","Austria",3
"Austria",1957,3,305,"AUT","Austria",3
"Austria",1958,3,305,"AUT","Austria",3
"Austria",1959,3,305,"AUT","Austria",3
"Austria",1960,3,305,"AUT","Austria",3
"Austria",1961,3,305,"AUT","Austria",3
"Austria",1962,3,305,"AUT","Austria",3
"Austria",1963,3,305,"AUT","Austria",3
"Austria",1964,3,305,"AUT","Austria",3
"Austria",1965,3,305,"AUT","Austria",3
"Austria",1966,3,305,"AUT","Austria",3
"Austria",1967,3,305,"AUT","Austria",3
"Austria",1968,3,305,"AUT","Austria",3
"Austria",1969,3,305,"AUT","Austria",3
"Austria",1970,3,305,"AUT","Austria",3
"Austria",1971,3,305,"AUT","Austria",3
"Austria",1972,3,305,"AUT","Austria",3
"Austria",1973,3,305,"AUT","Austria",3
"Austria",1974,3,305,"AUT","Austria",3
"Austria",1975,3,305,"AUT","Austria",3
"Austria",1976,3,305,"AUT","Austria",3
"Austria",1977,3,305,"AUT","Austria",3
"Austria",1978,3,305,"AUT","Austria",3
"Austria",1979,3,305,"AUT","Austria",3
"Austria",1980,3,305,"AUT","Austria",3
"Austria",1981,3,305,"AUT","Austria",3
"Austria",1982,3,305,"AUT","Austria",3
"Austria",1983,3,305,"AUT","Austria",3
"Austria",1984,3,305,"AUT","Austria",3
"Austria",1985,3,305,"AUT","Austria",3
"Austria",1986,3,305,"AUT","Austria",3
"Austria",1987,3,305,"AUT","Austria",3
"Austria",1988,3,305,"AUT","Austria",3
"Austria",1989,3,305,"AUT","Austria",3
"Austria",1990,3,305,"AUT","Austria",3
"Austria",1991,3,305,"AUT","Austria",3
"Austria",1992,3,305,"AUT","Austria",3
"Austria",1993,3,305,"AUT","Austria",3
"Austria",1994,3,305,"AUT","Austria",3
"Austria",1995,3,305,"AUT","Austria",3
"Austria",1996,3,305,"AUT","Austria",3
"Austria",1997,3,305,"AUT","Austria",3
"Austria",1998,3,305,"AUT","Austria",3
"Austria",1999,3,305,"AUT","Austria",3
"Austria",2000,3,305,"AUT","Austria",3
"Austria",2001,3,305,"AUT","Austria",3
"Austria",2002,3,305,"AUT","Austria",3
"Austria",2003,3,305,"AUT","Austria",3
"Austria",2004,3,305,"AUT","Austria",3
"Austria",2005,3,305,"AUT","Austria",3
"Austria",2006,3,305,"AUT","Austria",3
"Austria",2007,3,305,"AUT","Austria",3
"Austria",2008,3,305,"AUT","Austria",3
"Austria",2009,3,305,"AUT","Austria",3
"Austria",2010,3,305,"AUT","Austria",3
"Austria",2011,3,305,"AUT","Austria",3
"Austria",2012,3,305,"AUT","Austria",3
"Austria",2013,3,305,"AUT","Austria",3
"Austria",2014,3,305,"AUT","Austria",3
"Austria",2015,3,305,"AUT","Austria",3
"Austria",2016,3,305,"AUT","Austria",3
"Austria",2017,3,305,"AUT","Austria",3
"Austria",2018,3,305,"AUT","Austria",3
"Austria",2019,3,305,"AUT","Austria",3
"Austria",2020,3,305,"AUT","Austria",3
"Austria",2021,3,305,"AUT","Austria",3
"Austria",2022,3,305,"AUT","Austria",3
"Austria",2023,3,305,"AUT","Austria",3
"Austria",2024,3,305,"AUT","Austria",3
"Austria",2025,3,305,"AUT","Austria",3
"Belgium",1789,NA,211,"BEL","Belgium",4
"Belgium",1790,NA,211,"BEL","Belgium",4
"Belgium",1791,NA,211,"BEL","Belgium",4
"Belgium",1792,NA,211,"BEL","Belgium",4
"Belgium",1793,NA,211,"BEL","Belgium",4
"Belgium",1794,NA,211,"BEL","Belgium",4
"Belgium",1795,NA,211,"BEL","Belgium",4
"Belgium",1830,NA,211,"BEL","Belgium",4
"Belgium",1831,NA,211,"BEL","Belgium",4
"Belgium",1832,NA,211,"BEL","Belgium",4
"Belgium",1833,NA,211,"BEL","Belgium",4
"Belgium",1834,NA,211,"BEL","Belgium",4
"Belgium",1835,NA,211,"BEL","Belgium",4
"Belgium",1836,NA,211,"BEL","Belgium",4
"Belgium",1837,NA,211,"BEL","Belgium",4
"Belgium",1838,NA,211,"BEL","Belgium",4
"Belgium",1839,NA,211,"BEL","Belgium",4
"Belgium",1840,NA,211,"BEL","Belgium",4
"Belgium",1841,NA,211,"BEL","Belgium",4
"Belgium",1842,NA,211,"BEL","Belgium",4
"Belgium",1843,NA,211,"BEL","Belgium",4
"Belgium",1844,NA,211,"BEL","Belgium",4
"Belgium",1845,NA,211,"BEL","Belgium",4
"Belgium",1846,NA,211,"BEL","Belgium",4
"Belgium",1847,NA,211,"BEL","Belgium",4
"Belgium",1848,NA,211,"BEL","Belgium",4
"Belgium",1849,NA,211,"BEL","Belgium",4
"Belgium",1850,NA,211,"BEL","Belgium",4
"Belgium",1851,NA,211,"BEL","Belgium",4
"Belgium",1852,NA,211,"BEL","Belgium",4
"Belgium",1853,NA,211,"BEL","Belgium",4
"Belgium",1854,NA,211,"BEL","Belgium",4
"Belgium",1855,NA,211,"BEL","Belgium",4
"Belgium",1856,NA,211,"BEL","Belgium",4
"Belgium",1857,NA,211,"BEL","Belgium",4
"Belgium",1858,NA,211,"BEL","Belgium",4
"Belgium",1859,NA,211,"BEL","Belgium",4
"Belgium",1860,NA,211,"BEL","Belgium",4
"Belgium",1861,NA,211,"BEL","Belgium",4
"Belgium",1862,NA,211,"BEL","Belgium",4
"Belgium",1863,NA,211,"BEL","Belgium",4
"Belgium",1864,NA,211,"BEL","Belgium",4
"Belgium",1865,NA,211,"BEL","Belgium",4
"Belgium",1866,NA,211,"BEL","Belgium",4
"Belgium",1867,NA,211,"BEL","Belgium",4
"Belgium",1868,NA,211,"BEL","Belgium",4
"Belgium",1869,NA,211,"BEL","Belgium",4
"Belgium",1870,NA,211,"BEL","Belgium",4
"Belgium",1871,NA,211,"BEL","Belgium",4
"Belgium",1872,NA,211,"BEL","Belgium",4
"Belgium",1873,NA,211,"BEL","Belgium",4
"Belgium",1874,NA,211,"BEL","Belgium",4
"Belgium",1875,NA,211,"BEL","Belgium",4
"Belgium",1876,NA,211,"BEL","Belgium",4
"Belgium",1877,NA,211,"BEL","Belgium",4
"Belgium",1878,NA,211,"BEL","Belgium",4
"Belgium",1879,NA,211,"BEL","Belgium",4
"Belgium",1880,NA,211,"BEL","Belgium",4
"Belgium",1881,NA,211,"BEL","Belgium",4
"Belgium",1882,NA,211,"BEL","Belgium",4
"Belgium",1883,NA,211,"BEL","Belgium",4
"Belgium",1884,NA,211,"BEL","Belgium",4
"Belgium",1885,NA,211,"BEL","Belgium",4
"Belgium",1886,NA,211,"BEL","Belgium",4
"Belgium",1887,NA,211,"BEL","Belgium",4
"Belgium",1888,NA,211,"BEL","Belgium",4
"Belgium",1889,NA,211,"BEL","Belgium",4
"Belgium",1890,NA,211,"BEL","Belgium",4
"Belgium",1891,NA,211,"BEL","Belgium",4
"Belgium",1892,NA,211,"BEL","Belgium",4
"Belgium",1893,NA,211,"BEL","Belgium",4
"Belgium",1894,NA,211,"BEL","Belgium",4
"Belgium",1895,NA,211,"BEL","Belgium",4
"Belgium",1896,NA,211,"BEL","Belgium",4
"Belgium",1897,NA,211,"BEL","Belgium",4
"Belgium",1898,NA,211,"BEL","Belgium",4
"Belgium",1899,NA,211,"BEL","Belgium",4
"Belgium",1900,3,211,"BEL","Belgium",4
"Belgium",1901,3,211,"BEL","Belgium",4
"Belgium",1902,3,211,"BEL","Belgium",4
"Belgium",1903,3,211,"BEL","Belgium",4
"Belgium",1904,3,211,"BEL","Belgium",4
"Belgium",1905,3,211,"BEL","Belgium",4
"Belgium",1906,3,211,"BEL","Belgium",4
"Belgium",1907,3,211,"BEL","Belgium",4
"Belgium",1908,3,211,"BEL","Belgium",4
"Belgium",1909,3,211,"BEL","Belgium",4
"Belgium",1910,3,211,"BEL","Belgium",4
"Belgium",1911,3,211,"BEL","Belgium",4
"Belgium",1912,3,211,"BEL","Belgium",4
"Belgium",1913,3,211,"BEL","Belgium",4
"Belgium",1914,0,211,"BEL","Belgium",4
"Belgium",1915,0,211,"BEL","Belgium",4
"Belgium",1916,0,211,"BEL","Belgium",4
"Belgium",1917,0,211,"BEL","Belgium",4
"Belgium",1918,0,211,"BEL","Belgium",4
"Belgium",1919,1,211,"BEL","Belgium",4
"Belgium",1920,1,211,"BEL","Belgium",4
"Belgium",1921,3,211,"BEL","Belgium",4
"Belgium",1922,3,211,"BEL","Belgium",4
"Belgium",1923,3,211,"BEL","Belgium",4
"Belgium",1924,3,211,"BEL","Belgium",4
"Belgium",1925,3,211,"BEL","Belgium",4
"Belgium",1926,3,211,"BEL","Belgium",4
"Belgium",1927,3,211,"BEL","Belgium",4
"Belgium",1928,3,211,"BEL","Belgium",4
"Belgium",1929,3,211,"BEL","Belgium",4
"Belgium",1930,3,211,"BEL","Belgium",4
"Belgium",1931,3,211,"BEL","Belgium",4
"Belgium",1932,3,211,"BEL","Belgium",4
"Belgium",1933,3,211,"BEL","Belgium",4
"Belgium",1934,3,211,"BEL","Belgium",4
"Belgium",1935,3,211,"BEL","Belgium",4
"Belgium",1936,3,211,"BEL","Belgium",4
"Belgium",1937,3,211,"BEL","Belgium",4
"Belgium",1938,3,211,"BEL","Belgium",4
"Belgium",1939,3,211,"BEL","Belgium",4
"Belgium",1940,0,211,"BEL","Belgium",4
"Belgium",1941,0,211,"BEL","Belgium",4
"Belgium",1942,0,211,"BEL","Belgium",4
"Belgium",1943,0,211,"BEL","Belgium",4
"Belgium",1944,0,211,"BEL","Belgium",4
"Belgium",1945,0,211,"BEL","Belgium",4
"Belgium",1946,3,211,"BEL","Belgium",4
"Belgium",1947,3,211,"BEL","Belgium",4
"Belgium",1948,3,211,"BEL","Belgium",4
"Belgium",1949,3,211,"BEL","Belgium",4
"Belgium",1950,3,211,"BEL","Belgium",4
"Belgium",1951,3,211,"BEL","Belgium",4
"Belgium",1952,3,211,"BEL","Belgium",4
"Belgium",1953,3,211,"BEL","Belgium",4
"Belgium",1954,3,211,"BEL","Belgium",4
"Belgium",1955,3,211,"BEL","Belgium",4
"Belgium",1956,3,211,"BEL","Belgium",4
"Belgium",1957,3,211,"BEL","Belgium",4
"Belgium",1958,3,211,"BEL","Belgium",4
"Belgium",1959,3,211,"BEL","Belgium",4
"Belgium",1960,3,211,"BEL","Belgium",4
"Belgium",1961,3,211,"BEL","Belgium",4
"Belgium",1962,3,211,"BEL","Belgium",4
"Belgium",1963,3,211,"BEL","Belgium",4
"Belgium",1964,3,211,"BEL","Belgium",4
"Belgium",1965,3,211,"BEL","Belgium",4
"Belgium",1966,3,211,"BEL","Belgium",4
"Belgium",1967,3,211,"BEL","Belgium",4
"Belgium",1968,3,211,"BEL","Belgium",4
"Belgium",1969,3,211,"BEL","Belgium",4
"Belgium",1970,3,211,"BEL","Belgium",4
"Belgium",1971,3,211,"BEL","Belgium",4
"Belgium",1972,3,211,"BEL","Belgium",4
"Belgium",1973,3,211,"BEL","Belgium",4
"Belgium",1974,3,211,"BEL","Belgium",4
"Belgium",1975,3,211,"BEL","Belgium",4
"Belgium",1976,3,211,"BEL","Belgium",4
"Belgium",1977,3,211,"BEL","Belgium",4
"Belgium",1978,3,211,"BEL","Belgium",4
"Belgium",1979,3,211,"BEL","Belgium",4
"Belgium",1980,3,211,"BEL","Belgium",4
"Belgium",1981,3,211,"BEL","Belgium",4
"Belgium",1982,3,211,"BEL","Belgium",4
"Belgium",1983,3,211,"BEL","Belgium",4
"Belgium",1984,3,211,"BEL","Belgium",4
"Belgium",1985,3,211,"BEL","Belgium",4
"Belgium",1986,3,211,"BEL","Belgium",4
"Belgium",1987,3,211,"BEL","Belgium",4
"Belgium",1988,3,211,"BEL","Belgium",4
"Belgium",1989,3,211,"BEL","Belgium",4
"Belgium",1990,3,211,"BEL","Belgium",4
"Belgium",1991,3,211,"BEL","Belgium",4
"Belgium",1992,3,211,"BEL","Belgium",4
"Belgium",1993,3,211,"BEL","Belgium",4
"Belgium",1994,3,211,"BEL","Belgium",4
"Belgium",1995,3,211,"BEL","Belgium",4
"Belgium",1996,3,211,"BEL","Belgium",4
"Belgium",1997,3,211,"BEL","Belgium",4
"Belgium",1998,3,211,"BEL","Belgium",4
"Belgium",1999,3,211,"BEL","Belgium",4
"Belgium",2000,3,211,"BEL","Belgium",4
"Belgium",2001,3,211,"BEL","Belgium",4
"Belgium",2002,3,211,"BEL","Belgium",4
"Belgium",2003,3,211,"BEL","Belgium",4
"Belgium",2004,3,211,"BEL","Belgium",4
"Belgium",2005,3,211,"BEL","Belgium",4
"Belgium",2006,3,211,"BEL","Belgium",4
"Belgium",2007,3,211,"BEL","Belgium",4
"Belgium",2008,3,211,"BEL","Belgium",4
"Belgium",2009,3,211,"BEL","Belgium",4
"Belgium",2010,3,211,"BEL","Belgium",4
"Belgium",2011,3,211,"BEL","Belgium",4
"Belgium",2012,3,211,"BEL","Belgium",4
"Belgium",2013,3,211,"BEL","Belgium",4
"Belgium",2014,3,211,"BEL","Belgium",4
"Belgium",2015,3,211,"BEL","Belgium",4
"Belgium",2016,3,211,"BEL","Belgium",4
"Belgium",2017,3,211,"BEL","Belgium",4
"Belgium",2018,3,211,"BEL","Belgium",4
"Belgium",2019,3,211,"BEL","Belgium",4
"Belgium",2020,3,211,"BEL","Belgium",4
"Belgium",2021,3,211,"BEL","Belgium",4
"Belgium",2022,3,211,"BEL","Belgium",4
"Belgium",2023,3,211,"BEL","Belgium",4
"Belgium",2024,3,211,"BEL","Belgium",4
"Belgium",2025,3,211,"BEL","Belgium",4
"Bolivia",1825,NA,145,"BOL","Bolivia",5
"Bolivia",1826,NA,145,"BOL","Bolivia",5
"Bolivia",1827,NA,145,"BOL","Bolivia",5
"Bolivia",1828,NA,145,"BOL","Bolivia",5
"Bolivia",1829,NA,145,"BOL","Bolivia",5
"Bolivia",1830,NA,145,"BOL","Bolivia",5
"Bolivia",1831,NA,145,"BOL","Bolivia",5
"Bolivia",1832,NA,145,"BOL","Bolivia",5
"Bolivia",1833,NA,145,"BOL","Bolivia",5
"Bolivia",1834,NA,145,"BOL","Bolivia",5
"Bolivia",1835,NA,145,"BOL","Bolivia",5
"Bolivia",1836,NA,145,"BOL","Bolivia",5
"Bolivia",1837,NA,145,"BOL","Bolivia",5
"Bolivia",1838,NA,145,"BOL","Bolivia",5
"Bolivia",1839,NA,145,"BOL","Bolivia",5
"Bolivia",1840,NA,145,"BOL","Bolivia",5
"Bolivia",1841,NA,145,"BOL","Bolivia",5
"Bolivia",1842,NA,145,"BOL","Bolivia",5
"Bolivia",1843,NA,145,"BOL","Bolivia",5
"Bolivia",1844,NA,145,"BOL","Bolivia",5
"Bolivia",1845,NA,145,"BOL","Bolivia",5
"Bolivia",1846,NA,145,"BOL","Bolivia",5
"Bolivia",1847,NA,145,"BOL","Bolivia",5
"Bolivia",1848,NA,145,"BOL","Bolivia",5
"Bolivia",1849,NA,145,"BOL","Bolivia",5
"Bolivia",1850,NA,145,"BOL","Bolivia",5
"Bolivia",1851,NA,145,"BOL","Bolivia",5
"Bolivia",1852,NA,145,"BOL","Bolivia",5
"Bolivia",1853,NA,145,"BOL","Bolivia",5
"Bolivia",1854,NA,145,"BOL","Bolivia",5
"Bolivia",1855,NA,145,"BOL","Bolivia",5
"Bolivia",1856,NA,145,"BOL","Bolivia",5
"Bolivia",1857,NA,145,"BOL","Bolivia",5
"Bolivia",1858,NA,145,"BOL","Bolivia",5
"Bolivia",1859,NA,145,"BOL","Bolivia",5
"Bolivia",1860,NA,145,"BOL","Bolivia",5
"Bolivia",1861,NA,145,"BOL","Bolivia",5
"Bolivia",1862,NA,145,"BOL","Bolivia",5
"Bolivia",1863,NA,145,"BOL","Bolivia",5
"Bolivia",1864,NA,145,"BOL","Bolivia",5
"Bolivia",1865,NA,145,"BOL","Bolivia",5
"Bolivia",1866,NA,145,"BOL","Bolivia",5
"Bolivia",1867,NA,145,"BOL","Bolivia",5
"Bolivia",1868,NA,145,"BOL","Bolivia",5
"Bolivia",1869,NA,145,"BOL","Bolivia",5
"Bolivia",1870,NA,145,"BOL","Bolivia",5
"Bolivia",1871,NA,145,"BOL","Bolivia",5
"Bolivia",1872,NA,145,"BOL","Bolivia",5
"Bolivia",1873,NA,145,"BOL","Bolivia",5
"Bolivia",1874,NA,145,"BOL","Bolivia",5
"Bolivia",1875,NA,145,"BOL","Bolivia",5
"Bolivia",1876,NA,145,"BOL","Bolivia",5
"Bolivia",1877,NA,145,"BOL","Bolivia",5
"Bolivia",1878,NA,145,"BOL","Bolivia",5
"Bolivia",1879,NA,145,"BOL","Bolivia",5
"Bolivia",1880,NA,145,"BOL","Bolivia",5
"Bolivia",1881,NA,145,"BOL","Bolivia",5
"Bolivia",1882,NA,145,"BOL","Bolivia",5
"Bolivia",1883,NA,145,"BOL","Bolivia",5
"Bolivia",1884,NA,145,"BOL","Bolivia",5
"Bolivia",1885,NA,145,"BOL","Bolivia",5
"Bolivia",1886,NA,145,"BOL","Bolivia",5
"Bolivia",1887,NA,145,"BOL","Bolivia",5
"Bolivia",1888,NA,145,"BOL","Bolivia",5
"Bolivia",1889,NA,145,"BOL","Bolivia",5
"Bolivia",1890,NA,145,"BOL","Bolivia",5
"Bolivia",1891,NA,145,"BOL","Bolivia",5
"Bolivia",1892,NA,145,"BOL","Bolivia",5
"Bolivia",1893,NA,145,"BOL","Bolivia",5
"Bolivia",1894,NA,145,"BOL","Bolivia",5
"Bolivia",1895,NA,145,"BOL","Bolivia",5
"Bolivia",1896,NA,145,"BOL","Bolivia",5
"Bolivia",1897,NA,145,"BOL","Bolivia",5
"Bolivia",1898,NA,145,"BOL","Bolivia",5
"Bolivia",1899,NA,145,"BOL","Bolivia",5
"Bolivia",1900,1,145,"BOL","Bolivia",5
"Bolivia",1901,1,145,"BOL","Bolivia",5
"Bolivia",1902,1,145,"BOL","Bolivia",5
"Bolivia",1903,1,145,"BOL","Bolivia",5
"Bolivia",1904,1,145,"BOL","Bolivia",5
"Bolivia",1905,1,145,"BOL","Bolivia",5
"Bolivia",1906,1,145,"BOL","Bolivia",5
"Bolivia",1907,1,145,"BOL","Bolivia",5
"Bolivia",1908,1,145,"BOL","Bolivia",5
"Bolivia",1909,1,145,"BOL","Bolivia",5
"Bolivia",1910,1,145,"BOL","Bolivia",5
"Bolivia",1911,1,145,"BOL","Bolivia",5
"Bolivia",1912,1,145,"BOL","Bolivia",5
"Bolivia",1913,1,145,"BOL","Bolivia",5
"Bolivia",1914,1,145,"BOL","Bolivia",5
"Bolivia",1915,1,145,"BOL","Bolivia",5
"Bolivia",1916,1,145,"BOL","Bolivia",5
"Bolivia",1917,1,145,"BOL","Bolivia",5
"Bolivia",1918,1,145,"BOL","Bolivia",5
"Bolivia",1919,1,145,"BOL","Bolivia",5
"Bolivia",1920,1,145,"BOL","Bolivia",5
"Bolivia",1921,1,145,"BOL","Bolivia",5
"Bolivia",1922,1,145,"BOL","Bolivia",5
"Bolivia",1923,1,145,"BOL","Bolivia",5
"Bolivia",1924,1,145,"BOL","Bolivia",5
"Bolivia",1925,1,145,"BOL","Bolivia",5
"Bolivia",1926,1,145,"BOL","Bolivia",5
"Bolivia",1927,1,145,"BOL","Bolivia",5
"Bolivia",1928,1,145,"BOL","Bolivia",5
"Bolivia",1929,1,145,"BOL","Bolivia",5
"Bolivia",1930,1,145,"BOL","Bolivia",5
"Bolivia",1931,1,145,"BOL","Bolivia",5
"Bolivia",1932,1,145,"BOL","Bolivia",5
"Bolivia",1933,1,145,"BOL","Bolivia",5
"Bolivia",1934,1,145,"BOL","Bolivia",5
"Bolivia",1935,0,145,"BOL","Bolivia",5
"Bolivia",1936,0,145,"BOL","Bolivia",5
"Bolivia",1937,0,145,"BOL","Bolivia",5
"Bolivia",1938,1,145,"BOL","Bolivia",5
"Bolivia",1939,1,145,"BOL","Bolivia",5
"Bolivia",1940,1,145,"BOL","Bolivia",5
"Bolivia",1941,1,145,"BOL","Bolivia",5
"Bolivia",1942,1,145,"BOL","Bolivia",5
"Bolivia",1943,1,145,"BOL","Bolivia",5
"Bolivia",1944,0,145,"BOL","Bolivia",5
"Bolivia",1945,0,145,"BOL","Bolivia",5
"Bolivia",1946,0,145,"BOL","Bolivia",5
"Bolivia",1947,1,145,"BOL","Bolivia",5
"Bolivia",1948,1,145,"BOL","Bolivia",5
"Bolivia",1949,0,145,"BOL","Bolivia",5
"Bolivia",1950,0,145,"BOL","Bolivia",5
"Bolivia",1951,1,145,"BOL","Bolivia",5
"Bolivia",1952,1,145,"BOL","Bolivia",5
"Bolivia",1953,1,145,"BOL","Bolivia",5
"Bolivia",1954,1,145,"BOL","Bolivia",5
"Bolivia",1955,1,145,"BOL","Bolivia",5
"Bolivia",1956,1,145,"BOL","Bolivia",5
"Bolivia",1957,1,145,"BOL","Bolivia",5
"Bolivia",1958,1,145,"BOL","Bolivia",5
"Bolivia",1959,1,145,"BOL","Bolivia",5
"Bolivia",1960,1,145,"BOL","Bolivia",5
"Bolivia",1961,1,145,"BOL","Bolivia",5
"Bolivia",1962,1,145,"BOL","Bolivia",5
"Bolivia",1963,1,145,"BOL","Bolivia",5
"Bolivia",1964,1,145,"BOL","Bolivia",5
"Bolivia",1965,0,145,"BOL","Bolivia",5
"Bolivia",1966,1,145,"BOL","Bolivia",5
"Bolivia",1967,1,145,"BOL","Bolivia",5
"Bolivia",1968,1,145,"BOL","Bolivia",5
"Bolivia",1969,1,145,"BOL","Bolivia",5
"Bolivia",1970,0,145,"BOL","Bolivia",5
"Bolivia",1971,0,145,"BOL","Bolivia",5
"Bolivia",1972,0,145,"BOL","Bolivia",5
"Bolivia",1973,0,145,"BOL","Bolivia",5
"Bolivia",1974,0,145,"BOL","Bolivia",5
"Bolivia",1975,0,145,"BOL","Bolivia",5
"Bolivia",1976,0,145,"BOL","Bolivia",5
"Bolivia",1977,0,145,"BOL","Bolivia",5
"Bolivia",1978,1,145,"BOL","Bolivia",5
"Bolivia",1979,1,145,"BOL","Bolivia",5
"Bolivia",1980,1,145,"BOL","Bolivia",5
"Bolivia",1981,0,145,"BOL","Bolivia",5
"Bolivia",1982,0,145,"BOL","Bolivia",5
"Bolivia",1983,0,145,"BOL","Bolivia",5
"Bolivia",1984,0,145,"BOL","Bolivia",5
"Bolivia",1985,1,145,"BOL","Bolivia",5
"Bolivia",1986,2,145,"BOL","Bolivia",5
"Bolivia",1987,2,145,"BOL","Bolivia",5
"Bolivia",1988,2,145,"BOL","Bolivia",5
"Bolivia",1989,2,145,"BOL","Bolivia",5
"Bolivia",1990,2,145,"BOL","Bolivia",5
"Bolivia",1991,2,145,"BOL","Bolivia",5
"Bolivia",1992,2,145,"BOL","Bolivia",5
"Bolivia",1993,2,145,"BOL","Bolivia",5
"Bolivia",1994,2,145,"BOL","Bolivia",5
"Bolivia",1995,2,145,"BOL","Bolivia",5
"Bolivia",1996,2,145,"BOL","Bolivia",5
"Bolivia",1997,2,145,"BOL","Bolivia",5
"Bolivia",1998,2,145,"BOL","Bolivia",5
"Bolivia",1999,2,145,"BOL","Bolivia",5
"Bolivia",2000,2,145,"BOL","Bolivia",5
"Bolivia",2001,2,145,"BOL","Bolivia",5
"Bolivia",2002,2,145,"BOL","Bolivia",5
"Bolivia",2003,2,145,"BOL","Bolivia",5
"Bolivia",2004,2,145,"BOL","Bolivia",5
"Bolivia",2005,2,145,"BOL","Bolivia",5
"Bolivia",2006,2,145,"BOL","Bolivia",5
"Bolivia",2007,2,145,"BOL","Bolivia",5
"Bolivia",2008,2,145,"BOL","Bolivia",5
"Bolivia",2009,2,145,"BOL","Bolivia",5
"Bolivia",2010,2,145,"BOL","Bolivia",5
"Bolivia",2011,2,145,"BOL","Bolivia",5
"Bolivia",2012,2,145,"BOL","Bolivia",5
"Bolivia",2013,2,145,"BOL","Bolivia",5
"Bolivia",2014,2,145,"BOL","Bolivia",5
"Bolivia",2015,2,145,"BOL","Bolivia",5
"Bolivia",2016,2,145,"BOL","Bolivia",5
"Bolivia",2017,2,145,"BOL","Bolivia",5
"Bolivia",2018,2,145,"BOL","Bolivia",5
"Bolivia",2019,1,145,"BOL","Bolivia",5
"Bolivia",2020,1,145,"BOL","Bolivia",5
"Bolivia",2021,2,145,"BOL","Bolivia",5
"Bolivia",2022,2,145,"BOL","Bolivia",5
"Bolivia",2023,2,145,"BOL","Bolivia",5
"Bolivia",2024,2,145,"BOL","Bolivia",5
"Bolivia",2025,2,145,"BOL","Bolivia",5
"Brazil",1789,NA,140,"BRA","Brazil",6
"Brazil",1790,NA,140,"BRA","Brazil",6
"Brazil",1791,NA,140,"BRA","Brazil",6
"Brazil",1792,NA,140,"BRA","Brazil",6
"Brazil",1793,NA,140,"BRA","Brazil",6
"Brazil",1794,NA,140,"BRA","Brazil",6
"Brazil",1795,NA,140,"BRA","Brazil",6
"Brazil",1796,NA,140,"BRA","Brazil",6
"Brazil",1797,NA,140,"BRA","Brazil",6
"Brazil",1798,NA,140,"BRA","Brazil",6
"Brazil",1799,NA,140,"BRA","Brazil",6
"Brazil",1800,NA,140,"BRA","Brazil",6
"Brazil",1801,NA,140,"BRA","Brazil",6
"Brazil",1802,NA,140,"BRA","Brazil",6
"Brazil",1803,NA,140,"BRA","Brazil",6
"Brazil",1804,NA,140,"BRA","Brazil",6
"Brazil",1805,NA,140,"BRA","Brazil",6
"Brazil",1806,NA,140,"BRA","Brazil",6
"Brazil",1807,NA,140,"BRA","Brazil",6
"Brazil",1808,NA,140,"BRA","Brazil",6
"Brazil",1809,NA,140,"BRA","Brazil",6
"Brazil",1810,NA,140,"BRA","Brazil",6
"Brazil",1811,NA,140,"BRA","Brazil",6
"Brazil",1812,NA,140,"BRA","Brazil",6
"Brazil",1813,NA,140,"BRA","Brazil",6
"Brazil",1814,NA,140,"BRA","Brazil",6
"Brazil",1815,NA,140,"BRA","Brazil",6
"Brazil",1816,NA,140,"BRA","Brazil",6
"Brazil",1817,NA,140,"BRA","Brazil",6
"Brazil",1818,NA,140,"BRA","Brazil",6
"Brazil",1819,NA,140,"BRA","Brazil",6
"Brazil",1820,NA,140,"BRA","Brazil",6
"Brazil",1821,NA,140,"BRA","Brazil",6
"Brazil",1822,NA,140,"BRA","Brazil",6
"Brazil",1823,NA,140,"BRA","Brazil",6
"Brazil",1824,NA,140,"BRA","Brazil",6
"Brazil",1825,NA,140,"BRA","Brazil",6
"Brazil",1826,NA,140,"BRA","Brazil",6
"Brazil",1827,NA,140,"BRA","Brazil",6
"Brazil",1828,NA,140,"BRA","Brazil",6
"Brazil",1829,NA,140,"BRA","Brazil",6
"Brazil",1830,NA,140,"BRA","Brazil",6
"Brazil",1831,NA,140,"BRA","Brazil",6
"Brazil",1832,NA,140,"BRA","Brazil",6
"Brazil",1833,NA,140,"BRA","Brazil",6
"Brazil",1834,NA,140,"BRA","Brazil",6
"Brazil",1835,NA,140,"BRA","Brazil",6
"Brazil",1836,NA,140,"BRA","Brazil",6
"Brazil",1837,NA,140,"BRA","Brazil",6
"Brazil",1838,NA,140,"BRA","Brazil",6
"Brazil",1839,NA,140,"BRA","Brazil",6
"Brazil",1840,NA,140,"BRA","Brazil",6
"Brazil",1841,NA,140,"BRA","Brazil",6
"Brazil",1842,NA,140,"BRA","Brazil",6
"Brazil",1843,NA,140,"BRA","Brazil",6
"Brazil",1844,NA,140,"BRA","Brazil",6
"Brazil",1845,NA,140,"BRA","Brazil",6
"Brazil",1846,NA,140,"BRA","Brazil",6
"Brazil",1847,NA,140,"BRA","Brazil",6
"Brazil",1848,NA,140,"BRA","Brazil",6
"Brazil",1849,NA,140,"BRA","Brazil",6
"Brazil",1850,NA,140,"BRA","Brazil",6
"Brazil",1851,NA,140,"BRA","Brazil",6
"Brazil",1852,NA,140,"BRA","Brazil",6
"Brazil",1853,NA,140,"BRA","Brazil",6
"Brazil",1854,NA,140,"BRA","Brazil",6
"Brazil",1855,NA,140,"BRA","Brazil",6
"Brazil",1856,NA,140,"BRA","Brazil",6
"Brazil",1857,NA,140,"BRA","Brazil",6
"Brazil",1858,NA,140,"BRA","Brazil",6
"Brazil",1859,NA,140,"BRA","Brazil",6
"Brazil",1860,NA,140,"BRA","Brazil",6
"Brazil",1861,NA,140,"BRA","Brazil",6
"Brazil",1862,NA,140,"BRA","Brazil",6
"Brazil",1863,NA,140,"BRA","Brazil",6
"Brazil",1864,NA,140,"BRA","Brazil",6
"Brazil",1865,NA,140,"BRA","Brazil",6
"Brazil",1866,NA,140,"BRA","Brazil",6
"Brazil",1867,NA,140,"BRA","Brazil",6
"Brazil",1868,NA,140,"BRA","Brazil",6
"Brazil",1869,NA,140,"BRA","Brazil",6
"Brazil",1870,NA,140,"BRA","Brazil",6
"Brazil",1871,NA,140,"BRA","Brazil",6
"Brazil",1872,NA,140,"BRA","Brazil",6
"Brazil",1873,NA,140,"BRA","Brazil",6
"Brazil",1874,NA,140,"BRA","Brazil",6
"Brazil",1875,NA,140,"BRA","Brazil",6
"Brazil",1876,NA,140,"BRA","Brazil",6
"Brazil",1877,NA,140,"BRA","Brazil",6
"Brazil",1878,NA,140,"BRA","Brazil",6
"Brazil",1879,NA,140,"BRA","Brazil",6
"Brazil",1880,NA,140,"BRA","Brazil",6
"Brazil",1881,NA,140,"BRA","Brazil",6
"Brazil",1882,NA,140,"BRA","Brazil",6
"Brazil",1883,NA,140,"BRA","Brazil",6
"Brazil",1884,NA,140,"BRA","Brazil",6
"Brazil",1885,NA,140,"BRA","Brazil",6
"Brazil",1886,NA,140,"BRA","Brazil",6
"Brazil",1887,NA,140,"BRA","Brazil",6
"Brazil",1888,NA,140,"BRA","Brazil",6
"Brazil",1889,NA,140,"BRA","Brazil",6
"Brazil",1890,NA,140,"BRA","Brazil",6
"Brazil",1891,NA,140,"BRA","Brazil",6
"Brazil",1892,NA,140,"BRA","Brazil",6
"Brazil",1893,NA,140,"BRA","Brazil",6
"Brazil",1894,NA,140,"BRA","Brazil",6
"Brazil",1895,NA,140,"BRA","Brazil",6
"Brazil",1896,NA,140,"BRA","Brazil",6
"Brazil",1897,NA,140,"BRA","Brazil",6
"Brazil",1898,NA,140,"BRA","Brazil",6
"Brazil",1899,NA,140,"BRA","Brazil",6
"Brazil",1900,1,140,"BRA","Brazil",6
"Brazil",1901,1,140,"BRA","Brazil",6
"Brazil",1902,1,140,"BRA","Brazil",6
"Brazil",1903,1,140,"BRA","Brazil",6
"Brazil",1904,1,140,"BRA","Brazil",6
"Brazil",1905,1,140,"BRA","Brazil",6
"Brazil",1906,1,140,"BRA","Brazil",6
"Brazil",1907,1,140,"BRA","Brazil",6
"Brazil",1908,1,140,"BRA","Brazil",6
"Brazil",1909,1,140,"BRA","Brazil",6
"Brazil",1910,1,140,"BRA","Brazil",6
"Brazil",1911,1,140,"BRA","Brazil",6
"Brazil",1912,1,140,"BRA","Brazil",6
"Brazil",1913,1,140,"BRA","Brazil",6
"Brazil",1914,1,140,"BRA","Brazil",6
"Brazil",1915,1,140,"BRA","Brazil",6
"Brazil",1916,1,140,"BRA","Brazil",6
"Brazil",1917,1,140,"BRA","Brazil",6
"Brazil",1918,1,140,"BRA","Brazil",6
"Brazil",1919,1,140,"BRA","Brazil",6
"Brazil",1920,1,140,"BRA","Brazil",6
"Brazil",1921,1,140,"BRA","Brazil",6
"Brazil",1922,1,140,"BRA","Brazil",6
"Brazil",1923,1,140,"BRA","Brazil",6
"Brazil",1924,1,140,"BRA","Brazil",6
"Brazil",1925,1,140,"BRA","Brazil",6
"Brazil",1926,1,140,"BRA","Brazil",6
"Brazil",1927,1,140,"BRA","Brazil",6
"Brazil",1928,1,140,"BRA","Brazil",6
"Brazil",1929,1,140,"BRA","Brazil",6
"Brazil",1930,1,140,"BRA","Brazil",6
"Brazil",1931,0,140,"BRA","Brazil",6
"Brazil",1932,0,140,"BRA","Brazil",6
"Brazil",1933,0,140,"BRA","Brazil",6
"Brazil",1934,0,140,"BRA","Brazil",6
"Brazil",1935,0,140,"BRA","Brazil",6
"Brazil",1936,0,140,"BRA","Brazil",6
"Brazil",1937,0,140,"BRA","Brazil",6
"Brazil",1938,0,140,"BRA","Brazil",6
"Brazil",1939,0,140,"BRA","Brazil",6
"Brazil",1940,0,140,"BRA","Brazil",6
"Brazil",1941,0,140,"BRA","Brazil",6
"Brazil",1942,0,140,"BRA","Brazil",6
"Brazil",1943,0,140,"BRA","Brazil",6
"Brazil",1944,0,140,"BRA","Brazil",6
"Brazil",1945,0,140,"BRA","Brazil",6
"Brazil",1946,0,140,"BRA","Brazil",6
"Brazil",1947,0,140,"BRA","Brazil",6
"Brazil",1948,0,140,"BRA","Brazil",6
"Brazil",1949,0,140,"BRA","Brazil",6
"Brazil",1950,1,140,"BRA","Brazil",6
"Brazil",1951,1,140,"BRA","Brazil",6
"Brazil",1952,1,140,"BRA","Brazil",6
"Brazil",1953,1,140,"BRA","Brazil",6
"Brazil",1954,1,140,"BRA","Brazil",6
"Brazil",1955,1,140,"BRA","Brazil",6
"Brazil",1956,1,140,"BRA","Brazil",6
"Brazil",1957,1,140,"BRA","Brazil",6
"Brazil",1958,1,140,"BRA","Brazil",6
"Brazil",1959,1,140,"BRA","Brazil",6
"Brazil",1960,1,140,"BRA","Brazil",6
"Brazil",1961,1,140,"BRA","Brazil",6
"Brazil",1962,1,140,"BRA","Brazil",6
"Brazil",1963,1,140,"BRA","Brazil",6
"Brazil",1964,1,140,"BRA","Brazil",6
"Brazil",1965,0,140,"BRA","Brazil",6
"Brazil",1966,0,140,"BRA","Brazil",6
"Brazil",1967,0,140,"BRA","Brazil",6
"Brazil",1968,0,140,"BRA","Brazil",6
"Brazil",1969,0,140,"BRA","Brazil",6
"Brazil",1970,0,140,"BRA","Brazil",6
"Brazil",1971,0,140,"BRA","Brazil",6
"Brazil",1972,0,140,"BRA","Brazil",6
"Brazil",1973,0,140,"BRA","Brazil",6
"Brazil",1974,0,140,"BRA","Brazil",6
"Brazil",1975,0,140,"BRA","Brazil",6
"Brazil",1976,0,140,"BRA","Brazil",6
"Brazil",1977,0,140,"BRA","Brazil",6
"Brazil",1978,0,140,"BRA","Brazil",6
"Brazil",1979,0,140,"BRA","Brazil",6
"Brazil",1980,0,140,"BRA","Brazil",6
"Brazil",1981,0,140,"BRA","Brazil",6
"Brazil",1982,0,140,"BRA","Brazil",6
"Brazil",1983,0,140,"BRA","Brazil",6
"Brazil",1984,0,140,"BRA","Brazil",6
"Brazil",1985,1,140,"BRA","Brazil",6
"Brazil",1986,1,140,"BRA","Brazil",6
"Brazil",1987,2,140,"BRA","Brazil",6
"Brazil",1988,2,140,"BRA","Brazil",6
"Brazil",1989,2,140,"BRA","Brazil",6
"Brazil",1990,2,140,"BRA","Brazil",6
"Brazil",1991,2,140,"BRA","Brazil",6
"Brazil",1992,2,140,"BRA","Brazil",6
"Brazil",1993,2,140,"BRA","Brazil",6
"Brazil",1994,2,140,"BRA","Brazil",6
"Brazil",1995,2,140,"BRA","Brazil",6
"Brazil",1996,2,140,"BRA","Brazil",6
"Brazil",1997,2,140,"BRA","Brazil",6
"Brazil",1998,2,140,"BRA","Brazil",6
"Brazil",1999,2,140,"BRA","Brazil",6
"Brazil",2000,2,140,"BRA","Brazil",6
"Brazil",2001,2,140,"BRA","Brazil",6
"Brazil",2002,2,140,"BRA","Brazil",6
"Brazil",2003,2,140,"BRA","Brazil",6
"Brazil",2004,2,140,"BRA","Brazil",6
"Brazil",2005,2,140,"BRA","Brazil",6
"Brazil",2006,2,140,"BRA","Brazil",6
"Brazil",2007,2,140,"BRA","Brazil",6
"Brazil",2008,2,140,"BRA","Brazil",6
"Brazil",2009,2,140,"BRA","Brazil",6
"Brazil",2010,2,140,"BRA","Brazil",6
"Brazil",2011,2,140,"BRA","Brazil",6
"Brazil",2012,2,140,"BRA","Brazil",6
"Brazil",2013,2,140,"BRA","Brazil",6
"Brazil",2014,2,140,"BRA","Brazil",6
"Brazil",2015,2,140,"BRA","Brazil",6
"Brazil",2016,2,140,"BRA","Brazil",6
"Brazil",2017,2,140,"BRA","Brazil",6
"Brazil",2018,2,140,"BRA","Brazil",6
"Brazil",2019,2,140,"BRA","Brazil",6
"Brazil",2020,2,140,"BRA","Brazil",6
"Brazil",2021,2,140,"BRA","Brazil",6
"Brazil",2022,2,140,"BRA","Brazil",6
"Brazil",2023,2,140,"BRA","Brazil",6
"Brazil",2024,2,140,"BRA","Brazil",6
"Brazil",2025,2,140,"BRA","Brazil",6
"Bulgaria",1878,NA,355,"BGR","Bulgaria",7
"Bulgaria",1879,NA,355,"BGR","Bulgaria",7
"Bulgaria",1880,NA,355,"BGR","Bulgaria",7
"Bulgaria",1881,NA,355,"BGR","Bulgaria",7
"Bulgaria",1882,NA,355,"BGR","Bulgaria",7
"Bulgaria",1883,NA,355,"BGR","Bulgaria",7
"Bulgaria",1884,NA,355,"BGR","Bulgaria",7
"Bulgaria",1885,NA,355,"BGR","Bulgaria",7
"Bulgaria",1886,NA,355,"BGR","Bulgaria",7
"Bulgaria",1887,NA,355,"BGR","Bulgaria",7
"Bulgaria",1888,NA,355,"BGR","Bulgaria",7
"Bulgaria",1889,NA,355,"BGR","Bulgaria",7
"Bulgaria",1890,NA,355,"BGR","Bulgaria",7
"Bulgaria",1891,NA,355,"BGR","Bulgaria",7
"Bulgaria",1892,NA,355,"BGR","Bulgaria",7
"Bulgaria",1893,NA,355,"BGR","Bulgaria",7
"Bulgaria",1894,NA,355,"BGR","Bulgaria",7
"Bulgaria",1895,NA,355,"BGR","Bulgaria",7
"Bulgaria",1896,NA,355,"BGR","Bulgaria",7
"Bulgaria",1897,NA,355,"BGR","Bulgaria",7
"Bulgaria",1898,NA,355,"BGR","Bulgaria",7
"Bulgaria",1899,NA,355,"BGR","Bulgaria",7
"Bulgaria",1900,0,355,"BGR","Bulgaria",7
"Bulgaria",1901,0,355,"BGR","Bulgaria",7
"Bulgaria",1902,0,355,"BGR","Bulgaria",7
"Bulgaria",1903,0,355,"BGR","Bulgaria",7
"Bulgaria",1904,0,355,"BGR","Bulgaria",7
"Bulgaria",1905,0,355,"BGR","Bulgaria",7
"Bulgaria",1906,0,355,"BGR","Bulgaria",7
"Bulgaria",1907,0,355,"BGR","Bulgaria",7
"Bulgaria",1908,0,355,"BGR","Bulgaria",7
"Bulgaria",1909,0,355,"BGR","Bulgaria",7
"Bulgaria",1910,0,355,"BGR","Bulgaria",7
"Bulgaria",1911,0,355,"BGR","Bulgaria",7
"Bulgaria",1912,0,355,"BGR","Bulgaria",7
"Bulgaria",1913,0,355,"BGR","Bulgaria",7
"Bulgaria",1914,0,355,"BGR","Bulgaria",7
"Bulgaria",1915,0,355,"BGR","Bulgaria",7
"Bulgaria",1916,0,355,"BGR","Bulgaria",7
"Bulgaria",1917,0,355,"BGR","Bulgaria",7
"Bulgaria",1918,0,355,"BGR","Bulgaria",7
"Bulgaria",1919,0,355,"BGR","Bulgaria",7
"Bulgaria",1920,0,355,"BGR","Bulgaria",7
"Bulgaria",1921,0,355,"BGR","Bulgaria",7
"Bulgaria",1922,0,355,"BGR","Bulgaria",7
"Bulgaria",1923,0,355,"BGR","Bulgaria",7
"Bulgaria",1924,0,355,"BGR","Bulgaria",7
"Bulgaria",1925,0,355,"BGR","Bulgaria",7
"Bulgaria",1926,0,355,"BGR","Bulgaria",7
"Bulgaria",1927,0,355,"BGR","Bulgaria",7
"Bulgaria",1928,0,355,"BGR","Bulgaria",7
"Bulgaria",1929,0,355,"BGR","Bulgaria",7
"Bulgaria",1930,0,355,"BGR","Bulgaria",7
"Bulgaria",1931,0,355,"BGR","Bulgaria",7
"Bulgaria",1932,0,355,"BGR","Bulgaria",7
"Bulgaria",1933,0,355,"BGR","Bulgaria",7
"Bulgaria",1934,0,355,"BGR","Bulgaria",7
"Bulgaria",1935,0,355,"BGR","Bulgaria",7
"Bulgaria",1936,0,355,"BGR","Bulgaria",7
"Bulgaria",1937,0,355,"BGR","Bulgaria",7
"Bulgaria",1938,0,355,"BGR","Bulgaria",7
"Bulgaria",1939,0,355,"BGR","Bulgaria",7
"Bulgaria",1940,0,355,"BGR","Bulgaria",7
"Bulgaria",1941,0,355,"BGR","Bulgaria",7
"Bulgaria",1942,0,355,"BGR","Bulgaria",7
"Bulgaria",1943,1,355,"BGR","Bulgaria",7
"Bulgaria",1944,0,355,"BGR","Bulgaria",7
"Bulgaria",1945,0,355,"BGR","Bulgaria",7
"Bulgaria",1946,0,355,"BGR","Bulgaria",7
"Bulgaria",1947,1,355,"BGR","Bulgaria",7
"Bulgaria",1948,1,355,"BGR","Bulgaria",7
"Bulgaria",1949,0,355,"BGR","Bulgaria",7
"Bulgaria",1950,0,355,"BGR","Bulgaria",7
"Bulgaria",1951,0,355,"BGR","Bulgaria",7
"Bulgaria",1952,0,355,"BGR","Bulgaria",7
"Bulgaria",1953,0,355,"BGR","Bulgaria",7
"Bulgaria",1954,0,355,"BGR","Bulgaria",7
"Bulgaria",1955,0,355,"BGR","Bulgaria",7
"Bulgaria",1956,0,355,"BGR","Bulgaria",7
"Bulgaria",1957,0,355,"BGR","Bulgaria",7
"Bulgaria",1958,0,355,"BGR","Bulgaria",7
"Bulgaria",1959,0,355,"BGR","Bulgaria",7
"Bulgaria",1960,0,355,"BGR","Bulgaria",7
"Bulgaria",1961,0,355,"BGR","Bulgaria",7
"Bulgaria",1962,0,355,"BGR","Bulgaria",7
"Bulgaria",1963,0,355,"BGR","Bulgaria",7
"Bulgaria",1964,0,355,"BGR","Bulgaria",7
"Bulgaria",1965,0,355,"BGR","Bulgaria",7
"Bulgaria",1966,0,355,"BGR","Bulgaria",7
"Bulgaria",1967,0,355,"BGR","Bulgaria",7
"Bulgaria",1968,0,355,"BGR","Bulgaria",7
"Bulgaria",1969,0,355,"BGR","Bulgaria",7
"Bulgaria",1970,0,355,"BGR","Bulgaria",7
"Bulgaria",1971,0,355,"BGR","Bulgaria",7
"Bulgaria",1972,0,355,"BGR","Bulgaria",7
"Bulgaria",1973,0,355,"BGR","Bulgaria",7
"Bulgaria",1974,0,355,"BGR","Bulgaria",7
"Bulgaria",1975,0,355,"BGR","Bulgaria",7
"Bulgaria",1976,0,355,"BGR","Bulgaria",7
"Bulgaria",1977,0,355,"BGR","Bulgaria",7
"Bulgaria",1978,0,355,"BGR","Bulgaria",7
"Bulgaria",1979,0,355,"BGR","Bulgaria",7
"Bulgaria",1980,0,355,"BGR","Bulgaria",7
"Bulgaria",1981,0,355,"BGR","Bulgaria",7
"Bulgaria",1982,0,355,"BGR","Bulgaria",7
"Bulgaria",1983,0,355,"BGR","Bulgaria",7
"Bulgaria",1984,0,355,"BGR","Bulgaria",7
"Bulgaria",1985,0,355,"BGR","Bulgaria",7
"Bulgaria",1986,0,355,"BGR","Bulgaria",7
"Bulgaria",1987,0,355,"BGR","Bulgaria",7
"Bulgaria",1988,0,355,"BGR","Bulgaria",7
"Bulgaria",1989,0,355,"BGR","Bulgaria",7
"Bulgaria",1990,2,355,"BGR","Bulgaria",7
"Bulgaria",1991,2,355,"BGR","Bulgaria",7
"Bulgaria",1992,2,355,"BGR","Bulgaria",7
"Bulgaria",1993,2,355,"BGR","Bulgaria",7
"Bulgaria",1994,2,355,"BGR","Bulgaria",7
"Bulgaria",1995,2,355,"BGR","Bulgaria",7
"Bulgaria",1996,2,355,"BGR","Bulgaria",7
"Bulgaria",1997,2,355,"BGR","Bulgaria",7
"Bulgaria",1998,2,355,"BGR","Bulgaria",7
"Bulgaria",1999,2,355,"BGR","Bulgaria",7
"Bulgaria",2000,2,355,"BGR","Bulgaria",7
"Bulgaria",2001,2,355,"BGR","Bulgaria",7
"Bulgaria",2002,2,355,"BGR","Bulgaria",7
"Bulgaria",2003,2,355,"BGR","Bulgaria",7
"Bulgaria",2004,2,355,"BGR","Bulgaria",7
"Bulgaria",2005,2,355,"BGR","Bulgaria",7
"Bulgaria",2006,2,355,"BGR","Bulgaria",7
"Bulgaria",2007,2,355,"BGR","Bulgaria",7
"Bulgaria",2008,2,355,"BGR","Bulgaria",7
"Bulgaria",2009,2,355,"BGR","Bulgaria",7
"Bulgaria",2010,2,355,"BGR","Bulgaria",7
"Bulgaria",2011,2,355,"BGR","Bulgaria",7
"Bulgaria",2012,2,355,"BGR","Bulgaria",7
"Bulgaria",2013,2,355,"BGR","Bulgaria",7
"Bulgaria",2014,2,355,"BGR","Bulgaria",7
"Bulgaria",2015,2,355,"BGR","Bulgaria",7
"Bulgaria",2016,2,355,"BGR","Bulgaria",7
"Bulgaria",2017,2,355,"BGR","Bulgaria",7
"Bulgaria",2018,2,355,"BGR","Bulgaria",7
"Bulgaria",2019,2,355,"BGR","Bulgaria",7
"Bulgaria",2020,2,355,"BGR","Bulgaria",7
"Bulgaria",2021,2,355,"BGR","Bulgaria",7
"Bulgaria",2022,2,355,"BGR","Bulgaria",7
"Bulgaria",2023,2,355,"BGR","Bulgaria",7
"Bulgaria",2024,2,355,"BGR","Bulgaria",7
"Bulgaria",2025,2,355,"BGR","Bulgaria",7
"Canada",1841,NA,20,"CAN","Canada",8
"Canada",1842,NA,20,"CAN","Canada",8
"Canada",1843,NA,20,"CAN","Canada",8
"Canada",1844,NA,20,"CAN","Canada",8
"Canada",1845,NA,20,"CAN","Canada",8
"Canada",1846,NA,20,"CAN","Canada",8
"Canada",1847,NA,20,"CAN","Canada",8
"Canada",1848,NA,20,"CAN","Canada",8
"Canada",1849,NA,20,"CAN","Canada",8
"Canada",1850,NA,20,"CAN","Canada",8
"Canada",1851,NA,20,"CAN","Canada",8
"Canada",1852,NA,20,"CAN","Canada",8
"Canada",1853,NA,20,"CAN","Canada",8
"Canada",1854,NA,20,"CAN","Canada",8
"Canada",1855,NA,20,"CAN","Canada",8
"Canada",1856,NA,20,"CAN","Canada",8
"Canada",1857,NA,20,"CAN","Canada",8
"Canada",1858,NA,20,"CAN","Canada",8
"Canada",1859,NA,20,"CAN","Canada",8
"Canada",1860,NA,20,"CAN","Canada",8
"Canada",1861,NA,20,"CAN","Canada",8
"Canada",1862,NA,20,"CAN","Canada",8
"Canada",1863,NA,20,"CAN","Canada",8
"Canada",1864,NA,20,"CAN","Canada",8
"Canada",1865,NA,20,"CAN","Canada",8
"Canada",1866,NA,20,"CAN","Canada",8
"Canada",1867,NA,20,"CAN","Canada",8
"Canada",1868,NA,20,"CAN","Canada",8
"Canada",1869,NA,20,"CAN","Canada",8
"Canada",1870,NA,20,"CAN","Canada",8
"Canada",1871,NA,20,"CAN","Canada",8
"Canada",1872,NA,20,"CAN","Canada",8
"Canada",1873,NA,20,"CAN","Canada",8
"Canada",1874,NA,20,"CAN","Canada",8
"Canada",1875,NA,20,"CAN","Canada",8
"Canada",1876,NA,20,"CAN","Canada",8
"Canada",1877,NA,20,"CAN","Canada",8
"Canada",1878,NA,20,"CAN","Canada",8
"Canada",1879,NA,20,"CAN","Canada",8
"Canada",1880,NA,20,"CAN","Canada",8
"Canada",1881,NA,20,"CAN","Canada",8
"Canada",1882,NA,20,"CAN","Canada",8
"Canada",1883,NA,20,"CAN","Canada",8
"Canada",1884,NA,20,"CAN","Canada",8
"Canada",1885,NA,20,"CAN","Canada",8
"Canada",1886,NA,20,"CAN","Canada",8
"Canada",1887,NA,20,"CAN","Canada",8
"Canada",1888,NA,20,"CAN","Canada",8
"Canada",1889,NA,20,"CAN","Canada",8
"Canada",1890,NA,20,"CAN","Canada",8
"Canada",1891,NA,20,"CAN","Canada",8
"Canada",1892,NA,20,"CAN","Canada",8
"Canada",1893,NA,20,"CAN","Canada",8
"Canada",1894,NA,20,"CAN","Canada",8
"Canada",1895,NA,20,"CAN","Canada",8
"Canada",1896,NA,20,"CAN","Canada",8
"Canada",1897,NA,20,"CAN","Canada",8
"Canada",1898,NA,20,"CAN","Canada",8
"Canada",1899,NA,20,"CAN","Canada",8
"Canada",1900,1,20,"CAN","Canada",8
"Canada",1901,1,20,"CAN","Canada",8
"Canada",1902,1,20,"CAN","Canada",8
"Canada",1903,1,20,"CAN","Canada",8
"Canada",1904,1,20,"CAN","Canada",8
"Canada",1905,1,20,"CAN","Canada",8
"Canada",1906,1,20,"CAN","Canada",8
"Canada",1907,1,20,"CAN","Canada",8
"Canada",1908,1,20,"CAN","Canada",8
"Canada",1909,1,20,"CAN","Canada",8
"Canada",1910,1,20,"CAN","Canada",8
"Canada",1911,1,20,"CAN","Canada",8
"Canada",1912,1,20,"CAN","Canada",8
"Canada",1913,1,20,"CAN","Canada",8
"Canada",1914,1,20,"CAN","Canada",8
"Canada",1915,1,20,"CAN","Canada",8
"Canada",1916,1,20,"CAN","Canada",8
"Canada",1917,1,20,"CAN","Canada",8
"Canada",1918,1,20,"CAN","Canada",8
"Canada",1919,1,20,"CAN","Canada",8
"Canada",1920,1,20,"CAN","Canada",8
"Canada",1921,2,20,"CAN","Canada",8
"Canada",1922,2,20,"CAN","Canada",8
"Canada",1923,2,20,"CAN","Canada",8
"Canada",1924,2,20,"CAN","Canada",8
"Canada",1925,2,20,"CAN","Canada",8
"Canada",1926,2,20,"CAN","Canada",8
"Canada",1927,2,20,"CAN","Canada",8
"Canada",1928,2,20,"CAN","Canada",8
"Canada",1929,2,20,"CAN","Canada",8
"Canada",1930,2,20,"CAN","Canada",8
"Canada",1931,2,20,"CAN","Canada",8
"Canada",1932,2,20,"CAN","Canada",8
"Canada",1933,2,20,"CAN","Canada",8
"Canada",1934,2,20,"CAN","Canada",8
"Canada",1935,2,20,"CAN","Canada",8
"Canada",1936,2,20,"CAN","Canada",8
"Canada",1937,2,20,"CAN","Canada",8
"Canada",1938,2,20,"CAN","Canada",8
"Canada",1939,2,20,"CAN","Canada",8
"Canada",1940,2,20,"CAN","Canada",8
"Canada",1941,2,20,"CAN","Canada",8
"Canada",1942,2,20,"CAN","Canada",8
"Canada",1943,2,20,"CAN","Canada",8
"Canada",1944,2,20,"CAN","Canada",8
"Canada",1945,2,20,"CAN","Canada",8
"Canada",1946,2,20,"CAN","Canada",8
"Canada",1947,2,20,"CAN","Canada",8
"Canada",1948,2,20,"CAN","Canada",8
"Canada",1949,2,20,"CAN","Canada",8
"Canada",1950,2,20,"CAN","Canada",8
"Canada",1951,2,20,"CAN","Canada",8
"Canada",1952,2,20,"CAN","Canada",8
"Canada",1953,2,20,"CAN","Canada",8
"Canada",1954,2,20,"CAN","Canada",8
"Canada",1955,2,20,"CAN","Canada",8
"Canada",1956,2,20,"CAN","Canada",8
"Canada",1957,2,20,"CAN","Canada",8
"Canada",1958,2,20,"CAN","Canada",8
"Canada",1959,2,20,"CAN","Canada",8
"Canada",1960,2,20,"CAN","Canada",8
"Canada",1961,2,20,"CAN","Canada",8
"Canada",1962,2,20,"CAN","Canada",8
"Canada",1963,2,20,"CAN","Canada",8
"Canada",1964,2,20,"CAN","Canada",8
"Canada",1965,2,20,"CAN","Canada",8
"Canada",1966,2,20,"CAN","Canada",8
"Canada",1967,2,20,"CAN","Canada",8
"Canada",1968,2,20,"CAN","Canada",8
"Canada",1969,2,20,"CAN","Canada",8
"Canada",1970,2,20,"CAN","Canada",8
"Canada",1971,2,20,"CAN","Canada",8
"Canada",1972,2,20,"CAN","Canada",8
"Canada",1973,2,20,"CAN","Canada",8
"Canada",1974,2,20,"CAN","Canada",8
"Canada",1975,2,20,"CAN","Canada",8
"Canada",1976,3,20,"CAN","Canada",8
"Canada",1977,3,20,"CAN","Canada",8
"Canada",1978,3,20,"CAN","Canada",8
"Canada",1979,3,20,"CAN","Canada",8
"Canada",1980,3,20,"CAN","Canada",8
"Canada",1981,3,20,"CAN","Canada",8
"Canada",1982,3,20,"CAN","Canada",8
"Canada",1983,3,20,"CAN","Canada",8
"Canada",1984,3,20,"CAN","Canada",8
"Canada",1985,3,20,"CAN","Canada",8
"Canada",1986,3,20,"CAN","Canada",8
"Canada",1987,3,20,"CAN","Canada",8
"Canada",1988,3,20,"CAN","Canada",8
"Canada",1989,3,20,"CAN","Canada",8
"Canada",1990,3,20,"CAN","Canada",8
"Canada",1991,3,20,"CAN","Canada",8
"Canada",1992,3,20,"CAN","Canada",8
"Canada",1993,3,20,"CAN","Canada",8
"Canada",1994,3,20,"CAN","Canada",8
"Canada",1995,3,20,"CAN","Canada",8
"Canada",1996,3,20,"CAN","Canada",8
"Canada",1997,3,20,"CAN","Canada",8
"Canada",1998,3,20,"CAN","Canada",8
"Canada",1999,3,20,"CAN","Canada",8
"Canada",2000,3,20,"CAN","Canada",8
"Canada",2001,3,20,"CAN","Canada",8
"Canada",2002,3,20,"CAN","Canada",8
"Canada",2003,3,20,"CAN","Canada",8
"Canada",2004,3,20,"CAN","Canada",8
"Canada",2005,3,20,"CAN","Canada",8
"Canada",2006,3,20,"CAN","Canada",8
"Canada",2007,3,20,"CAN","Canada",8
"Canada",2008,3,20,"CAN","Canada",8
"Canada",2009,3,20,"CAN","Canada",8
"Canada",2010,3,20,"CAN","Canada",8
"Canada",2011,3,20,"CAN","Canada",8
"Canada",2012,3,20,"CAN","Canada",8
"Canada",2013,3,20,"CAN","Canada",8
"Canada",2014,3,20,"CAN","Canada",8
"Canada",2015,3,20,"CAN","Canada",8
"Canada",2016,3,20,"CAN","Canada",8
"Canada",2017,3,20,"CAN","Canada",8
"Canada",2018,3,20,"CAN","Canada",8
"Canada",2019,3,20,"CAN","Canada",8
"Canada",2020,2,20,"CAN","Canada",8
"Canada",2021,3,20,"CAN","Canada",8
"Canada",2022,2,20,"CAN","Canada",8
"Canada",2023,2,20,"CAN","Canada",8
"Canada",2024,2,20,"CAN","Canada",8
"Canada",2025,2,20,"CAN","Canada",8
"Chile",1789,NA,155,"CHL","Chile",9
"Chile",1790,NA,155,"CHL","Chile",9
"Chile",1791,NA,155,"CHL","Chile",9
"Chile",1792,NA,155,"CHL","Chile",9
"Chile",1793,NA,155,"CHL","Chile",9
"Chile",1794,NA,155,"CHL","Chile",9
"Chile",1795,NA,155,"CHL","Chile",9
"Chile",1796,NA,155,"CHL","Chile",9
"Chile",1797,NA,155,"CHL","Chile",9
"Chile",1798,NA,155,"CHL","Chile",9
"Chile",1799,NA,155,"CHL","Chile",9
"Chile",1800,NA,155,"CHL","Chile",9
"Chile",1801,NA,155,"CHL","Chile",9
"Chile",1802,NA,155,"CHL","Chile",9
"Chile",1803,NA,155,"CHL","Chile",9
"Chile",1804,NA,155,"CHL","Chile",9
"Chile",1805,NA,155,"CHL","Chile",9
"Chile",1806,NA,155,"CHL","Chile",9
"Chile",1807,NA,155,"CHL","Chile",9
"Chile",1808,NA,155,"CHL","Chile",9
"Chile",1809,NA,155,"CHL","Chile",9
"Chile",1810,NA,155,"CHL","Chile",9
"Chile",1811,NA,155,"CHL","Chile",9
"Chile",1812,NA,155,"CHL","Chile",9
"Chile",1813,NA,155,"CHL","Chile",9
"Chile",1814,NA,155,"CHL","Chile",9
"Chile",1815,NA,155,"CHL","Chile",9
"Chile",1816,NA,155,"CHL","Chile",9
"Chile",1817,NA,155,"CHL","Chile",9
"Chile",1818,NA,155,"CHL","Chile",9
"Chile",1819,NA,155,"CHL","Chile",9
"Chile",1820,NA,155,"CHL","Chile",9
"Chile",1821,NA,155,"CHL","Chile",9
"Chile",1822,NA,155,"CHL","Chile",9
"Chile",1823,NA,155,"CHL","Chile",9
"Chile",1824,NA,155,"CHL","Chile",9
"Chile",1825,NA,155,"CHL","Chile",9
"Chile",1826,NA,155,"CHL","Chile",9
"Chile",1827,NA,155,"CHL","Chile",9
"Chile",1828,NA,155,"CHL","Chile",9
"Chile",1829,NA,155,"CHL","Chile",9
"Chile",1830,NA,155,"CHL","Chile",9
"Chile",1831,NA,155,"CHL","Chile",9
"Chile",1832,NA,155,"CHL","Chile",9
"Chile",1833,NA,155,"CHL","Chile",9
"Chile",1834,NA,155,"CHL","Chile",9
"Chile",1835,NA,155,"CHL","Chile",9
"Chile",1836,NA,155,"CHL","Chile",9
"Chile",1837,NA,155,"CHL","Chile",9
"Chile",1838,NA,155,"CHL","Chile",9
"Chile",1839,NA,155,"CHL","Chile",9
"Chile",1840,NA,155,"CHL","Chile",9
"Chile",1841,NA,155,"CHL","Chile",9
"Chile",1842,NA,155,"CHL","Chile",9
"Chile",1843,NA,155,"CHL","Chile",9
"Chile",1844,NA,155,"CHL","Chile",9
"Chile",1845,NA,155,"CHL","Chile",9
"Chile",1846,NA,155,"CHL","Chile",9
"Chile",1847,NA,155,"CHL","Chile",9
"Chile",1848,NA,155,"CHL","Chile",9
"Chile",1849,NA,155,"CHL","Chile",9
"Chile",1850,NA,155,"CHL","Chile",9
"Chile",1851,NA,155,"CHL","Chile",9
"Chile",1852,NA,155,"CHL","Chile",9
"Chile",1853,NA,155,"CHL","Chile",9
"Chile",1854,NA,155,"CHL","Chile",9
"Chile",1855,NA,155,"CHL","Chile",9
"Chile",1856,NA,155,"CHL","Chile",9
"Chile",1857,NA,155,"CHL","Chile",9
"Chile",1858,NA,155,"CHL","Chile",9
"Chile",1859,NA,155,"CHL","Chile",9
"Chile",1860,NA,155,"CHL","Chile",9
"Chile",1861,NA,155,"CHL","Chile",9
"Chile",1862,NA,155,"CHL","Chile",9
"Chile",1863,NA,155,"CHL","Chile",9
"Chile",1864,NA,155,"CHL","Chile",9
"Chile",1865,NA,155,"CHL","Chile",9
"Chile",1866,NA,155,"CHL","Chile",9
"Chile",1867,NA,155,"CHL","Chile",9
"Chile",1868,NA,155,"CHL","Chile",9
"Chile",1869,NA,155,"CHL","Chile",9
"Chile",1870,NA,155,"CHL","Chile",9
"Chile",1871,NA,155,"CHL","Chile",9
"Chile",1872,NA,155,"CHL","Chile",9
"Chile",1873,NA,155,"CHL","Chile",9
"Chile",1874,NA,155,"CHL","Chile",9
"Chile",1875,NA,155,"CHL","Chile",9
"Chile",1876,NA,155,"CHL","Chile",9
"Chile",1877,NA,155,"CHL","Chile",9
"Chile",1878,NA,155,"CHL","Chile",9
"Chile",1879,NA,155,"CHL","Chile",9
"Chile",1880,NA,155,"CHL","Chile",9
"Chile",1881,NA,155,"CHL","Chile",9
"Chile",1882,NA,155,"CHL","Chile",9
"Chile",1883,NA,155,"CHL","Chile",9
"Chile",1884,NA,155,"CHL","Chile",9
"Chile",1885,NA,155,"CHL","Chile",9
"Chile",1886,NA,155,"CHL","Chile",9
"Chile",1887,NA,155,"CHL","Chile",9
"Chile",1888,NA,155,"CHL","Chile",9
"Chile",1889,NA,155,"CHL","Chile",9
"Chile",1890,NA,155,"CHL","Chile",9
"Chile",1891,NA,155,"CHL","Chile",9
"Chile",1892,NA,155,"CHL","Chile",9
"Chile",1893,NA,155,"CHL","Chile",9
"Chile",1894,NA,155,"CHL","Chile",9
"Chile",1895,NA,155,"CHL","Chile",9
"Chile",1896,NA,155,"CHL","Chile",9
"Chile",1897,NA,155,"CHL","Chile",9
"Chile",1898,NA,155,"CHL","Chile",9
"Chile",1899,NA,155,"CHL","Chile",9
"Chile",1900,1,155,"CHL","Chile",9
"Chile",1901,1,155,"CHL","Chile",9
"Chile",1902,1,155,"CHL","Chile",9
"Chile",1903,1,155,"CHL","Chile",9
"Chile",1904,1,155,"CHL","Chile",9
"Chile",1905,1,155,"CHL","Chile",9
"Chile",1906,1,155,"CHL","Chile",9
"Chile",1907,1,155,"CHL","Chile",9
"Chile",1908,1,155,"CHL","Chile",9
"Chile",1909,1,155,"CHL","Chile",9
"Chile",1910,1,155,"CHL","Chile",9
"Chile",1911,1,155,"CHL","Chile",9
"Chile",1912,1,155,"CHL","Chile",9
"Chile",1913,1,155,"CHL","Chile",9
"Chile",1914,1,155,"CHL","Chile",9
"Chile",1915,1,155,"CHL","Chile",9
"Chile",1916,1,155,"CHL","Chile",9
"Chile",1917,1,155,"CHL","Chile",9
"Chile",1918,1,155,"CHL","Chile",9
"Chile",1919,1,155,"CHL","Chile",9
"Chile",1920,1,155,"CHL","Chile",9
"Chile",1921,1,155,"CHL","Chile",9
"Chile",1922,1,155,"CHL","Chile",9
"Chile",1923,1,155,"CHL","Chile",9
"Chile",1924,1,155,"CHL","Chile",9
"Chile",1925,1,155,"CHL","Chile",9
"Chile",1926,1,155,"CHL","Chile",9
"Chile",1927,1,155,"CHL","Chile",9
"Chile",1928,0,155,"CHL","Chile",9
"Chile",1929,0,155,"CHL","Chile",9
"Chile",1930,0,155,"CHL","Chile",9
"Chile",1931,1,155,"CHL","Chile",9
"Chile",1932,1,155,"CHL","Chile",9
"Chile",1933,1,155,"CHL","Chile",9
"Chile",1934,1,155,"CHL","Chile",9
"Chile",1935,1,155,"CHL","Chile",9
"Chile",1936,1,155,"CHL","Chile",9
"Chile",1937,1,155,"CHL","Chile",9
"Chile",1938,1,155,"CHL","Chile",9
"Chile",1939,1,155,"CHL","Chile",9
"Chile",1940,1,155,"CHL","Chile",9
"Chile",1941,1,155,"CHL","Chile",9
"Chile",1942,1,155,"CHL","Chile",9
"Chile",1943,1,155,"CHL","Chile",9
"Chile",1944,1,155,"CHL","Chile",9
"Chile",1945,1,155,"CHL","Chile",9
"Chile",1946,1,155,"CHL","Chile",9
"Chile",1947,1,155,"CHL","Chile",9
"Chile",1948,1,155,"CHL","Chile",9
"Chile",1949,1,155,"CHL","Chile",9
"Chile",1950,1,155,"CHL","Chile",9
"Chile",1951,1,155,"CHL","Chile",9
"Chile",1952,1,155,"CHL","Chile",9
"Chile",1953,1,155,"CHL","Chile",9
"Chile",1954,1,155,"CHL","Chile",9
"Chile",1955,1,155,"CHL","Chile",9
"Chile",1956,1,155,"CHL","Chile",9
"Chile",1957,1,155,"CHL","Chile",9
"Chile",1958,1,155,"CHL","Chile",9
"Chile",1959,2,155,"CHL","Chile",9
"Chile",1960,2,155,"CHL","Chile",9
"Chile",1961,2,155,"CHL","Chile",9
"Chile",1962,2,155,"CHL","Chile",9
"Chile",1963,2,155,"CHL","Chile",9
"Chile",1964,2,155,"CHL","Chile",9
"Chile",1965,2,155,"CHL","Chile",9
"Chile",1966,2,155,"CHL","Chile",9
"Chile",1967,2,155,"CHL","Chile",9
"Chile",1968,2,155,"CHL","Chile",9
"Chile",1969,2,155,"CHL","Chile",9
"Chile",1970,2,155,"CHL","Chile",9
"Chile",1971,2,155,"CHL","Chile",9
"Chile",1972,2,155,"CHL","Chile",9
"Chile",1973,1,155,"CHL","Chile",9
"Chile",1974,0,155,"CHL","Chile",9
"Chile",1975,0,155,"CHL","Chile",9
"Chile",1976,0,155,"CHL","Chile",9
"Chile",1977,0,155,"CHL","Chile",9
"Chile",1978,0,155,"CHL","Chile",9
"Chile",1979,0,155,"CHL","Chile",9
"Chile",1980,0,155,"CHL","Chile",9
"Chile",1981,0,155,"CHL","Chile",9
"Chile",1982,0,155,"CHL","Chile",9
"Chile",1983,0,155,"CHL","Chile",9
"Chile",1984,0,155,"CHL","Chile",9
"Chile",1985,0,155,"CHL","Chile",9
"Chile",1986,0,155,"CHL","Chile",9
"Chile",1987,0,155,"CHL","Chile",9
"Chile",1988,0,155,"CHL","Chile",9
"Chile",1989,1,155,"CHL","Chile",9
"Chile",1990,2,155,"CHL","Chile",9
"Chile",1991,2,155,"CHL","Chile",9
"Chile",1992,2,155,"CHL","Chile",9
"Chile",1993,2,155,"CHL","Chile",9
"Chile",1994,2,155,"CHL","Chile",9
"Chile",1995,2,155,"CHL","Chile",9
"Chile",1996,3,155,"CHL","Chile",9
"Chile",1997,3,155,"CHL","Chile",9
"Chile",1998,3,155,"CHL","Chile",9
"Chile",1999,3,155,"CHL","Chile",9
"Chile",2000,3,155,"CHL","Chile",9
"Chile",2001,3,155,"CHL","Chile",9
"Chile",2002,3,155,"CHL","Chile",9
"Chile",2003,3,155,"CHL","Chile",9
"Chile",2004,3,155,"CHL","Chile",9
"Chile",2005,3,155,"CHL","Chile",9
"Chile",2006,3,155,"CHL","Chile",9
"Chile",2007,3,155,"CHL","Chile",9
"Chile",2008,3,155,"CHL","Chile",9
"Chile",2009,3,155,"CHL","Chile",9
"Chile",2010,3,155,"CHL","Chile",9
"Chile",2011,3,155,"CHL","Chile",9
"Chile",2012,3,155,"CHL","Chile",9
"Chile",2013,3,155,"CHL","Chile",9
"Chile",2014,3,155,"CHL","Chile",9
"Chile",2015,3,155,"CHL","Chile",9
"Chile",2016,3,155,"CHL","Chile",9
"Chile",2017,3,155,"CHL","Chile",9
"Chile",2018,3,155,"CHL","Chile",9
"Chile",2019,2,155,"CHL","Chile",9
"Chile",2020,2,155,"CHL","Chile",9
"Chile",2021,3,155,"CHL","Chile",9
"Chile",2022,3,155,"CHL","Chile",9
"Chile",2023,3,155,"CHL","Chile",9
"Chile",2024,3,155,"CHL","Chile",9
"Chile",2025,3,155,"CHL","Chile",9
"China",1789,NA,710,"CHN","China",10
"China",1790,NA,710,"CHN","China",10
"China",1791,NA,710,"CHN","China",10
"China",1792,NA,710,"CHN","China",10
"China",1793,NA,710,"CHN","China",10
"China",1794,NA,710,"CHN","China",10
"China",1795,NA,710,"CHN","China",10
"China",1796,NA,710,"CHN","China",10
"China",1797,NA,710,"CHN","China",10
"China",1798,NA,710,"CHN","China",10
"China",1799,NA,710,"CHN","China",10
"China",1800,NA,710,"CHN","China",10
"China",1801,NA,710,"CHN","China",10
"China",1802,NA,710,"CHN","China",10
"China",1803,NA,710,"CHN","China",10
"China",1804,NA,710,"CHN","China",10
"China",1805,NA,710,"CHN","China",10
"China",1806,NA,710,"CHN","China",10
"China",1807,NA,710,"CHN","China",10
"China",1808,NA,710,"CHN","China",10
"China",1809,NA,710,"CHN","China",10
"China",1810,NA,710,"CHN","China",10
"China",1811,NA,710,"CHN","China",10
"China",1812,NA,710,"CHN","China",10
"China",1813,NA,710,"CHN","China",10
"China",1814,NA,710,"CHN","China",10
"China",1815,NA,710,"CHN","China",10
"China",1816,NA,710,"CHN","China",10
"China",1817,NA,710,"CHN","China",10
"China",1818,NA,710,"CHN","China",10
"China",1819,NA,710,"CHN","China",10
"China",1820,NA,710,"CHN","China",10
"China",1821,NA,710,"CHN","China",10
"China",1822,NA,710,"CHN","China",10
"China",1823,NA,710,"CHN","China",10
"China",1824,NA,710,"CHN","China",10
"China",1825,NA,710,"CHN","China",10
"China",1826,NA,710,"CHN","China",10
"China",1827,NA,710,"CHN","China",10
"China",1828,NA,710,"CHN","China",10
"China",1829,NA,710,"CHN","China",10
"China",1830,NA,710,"CHN","China",10
"China",1831,NA,710,"CHN","China",10
"China",1832,NA,710,"CHN","China",10
"China",1833,NA,710,"CHN","China",10
"China",1834,NA,710,"CHN","China",10
"China",1835,NA,710,"CHN","China",10
"China",1836,NA,710,"CHN","China",10
"China",1837,NA,710,"CHN","China",10
"China",1838,NA,710,"CHN","China",10
"China",1839,NA,710,"CHN","China",10
"China",1840,NA,710,"CHN","China",10
"China",1841,NA,710,"CHN","China",10
"China",1842,NA,710,"CHN","China",10
"China",1843,NA,710,"CHN","China",10
"China",1844,NA,710,"CHN","China",10
"China",1845,NA,710,"CHN","China",10
"China",1846,NA,710,"CHN","China",10
"China",1847,NA,710,"CHN","China",10
"China",1848,NA,710,"CHN","China",10
"China",1849,NA,710,"CHN","China",10
"China",1850,NA,710,"CHN","China",10
"China",1851,NA,710,"CHN","China",10
"China",1852,NA,710,"CHN","China",10
"China",1853,NA,710,"CHN","China",10
"China",1854,NA,710,"CHN","China",10
"China",1855,NA,710,"CHN","China",10
"China",1856,NA,710,"CHN","China",10
"China",1857,NA,710,"CHN","China",10
"China",1858,NA,710,"CHN","China",10
"China",1859,NA,710,"CHN","China",10
"China",1860,NA,710,"CHN","China",10
"China",1861,NA,710,"CHN","China",10
"China",1862,NA,710,"CHN","China",10
"China",1863,NA,710,"CHN","China",10
"China",1864,NA,710,"CHN","China",10
"China",1865,NA,710,"CHN","China",10
"China",1866,NA,710,"CHN","China",10
"China",1867,NA,710,"CHN","China",10
"China",1868,NA,710,"CHN","China",10
"China",1869,NA,710,"CHN","China",10
"China",1870,NA,710,"CHN","China",10
"China",1871,NA,710,"CHN","China",10
"China",1872,NA,710,"CHN","China",10
"China",1873,NA,710,"CHN","China",10
"China",1874,NA,710,"CHN","China",10
"China",1875,NA,710,"CHN","China",10
"China",1876,NA,710,"CHN","China",10
"China",1877,NA,710,"CHN","China",10
"China",1878,NA,710,"CHN","China",10
"China",1879,NA,710,"CHN","China",10
"China",1880,NA,710,"CHN","China",10
"China",1881,NA,710,"CHN","China",10
"China",1882,NA,710,"CHN","China",10
"China",1883,NA,710,"CHN","China",10
"China",1884,NA,710,"CHN","China",10
"China",1885,NA,710,"CHN","China",10
"China",1886,NA,710,"CHN","China",10
"China",1887,NA,710,"CHN","China",10
"China",1888,NA,710,"CHN","China",10
"China",1889,NA,710,"CHN","China",10
"China",1890,NA,710,"CHN","China",10
"China",1891,NA,710,"CHN","China",10
"China",1892,NA,710,"CHN","China",10
"China",1893,NA,710,"CHN","China",10
"China",1894,NA,710,"CHN","China",10
"China",1895,NA,710,"CHN","China",10
"China",1896,NA,710,"CHN","China",10
"China",1897,NA,710,"CHN","China",10
"China",1898,NA,710,"CHN","China",10
"China",1899,NA,710,"CHN","China",10
"China",1900,0,710,"CHN","China",10
"China",1901,0,710,"CHN","China",10
"China",1902,0,710,"CHN","China",10
"China",1903,0,710,"CHN","China",10
"China",1904,0,710,"CHN","China",10
"China",1905,0,710,"CHN","China",10
"China",1906,0,710,"CHN","China",10
"China",1907,0,710,"CHN","China",10
"China",1908,0,710,"CHN","China",10
"China",1909,0,710,"CHN","China",10
"China",1910,0,710,"CHN","China",10
"China",1911,0,710,"CHN","China",10
"China",1912,0,710,"CHN","China",10
"China",1913,0,710,"CHN","China",10
"China",1914,0,710,"CHN","China",10
"China",1915,0,710,"CHN","China",10
"China",1916,0,710,"CHN","China",10
"China",1917,0,710,"CHN","China",10
"China",1918,1,710,"CHN","China",10
"China",1919,1,710,"CHN","China",10
"China",1920,1,710,"CHN","China",10
"China",1921,0,710,"CHN","China",10
"China",1922,0,710,"CHN","China",10
"China",1923,0,710,"CHN","China",10
"China",1924,0,710,"CHN","China",10
"China",1925,0,710,"CHN","China",10
"China",1926,0,710,"CHN","China",10
"China",1927,0,710,"CHN","China",10
"China",1928,0,710,"CHN","China",10
"China",1929,0,710,"CHN","China",10
"China",1930,0,710,"CHN","China",10
"China",1931,0,710,"CHN","China",10
"China",1932,0,710,"CHN","China",10
"China",1933,0,710,"CHN","China",10
"China",1934,0,710,"CHN","China",10
"China",1935,0,710,"CHN","China",10
"China",1936,0,710,"CHN","China",10
"China",1937,0,710,"CHN","China",10
"China",1938,0,710,"CHN","China",10
"China",1939,0,710,"CHN","China",10
"China",1940,0,710,"CHN","China",10
"China",1941,0,710,"CHN","China",10
"China",1942,0,710,"CHN","China",10
"China",1943,0,710,"CHN","China",10
"China",1944,0,710,"CHN","China",10
"China",1945,0,710,"CHN","China",10
"China",1946,0,710,"CHN","China",10
"China",1947,0,710,"CHN","China",10
"China",1948,0,710,"CHN","China",10
"China",1949,0,710,"CHN","China",10
"China",1950,0,710,"CHN","China",10
"China",1951,0,710,"CHN","China",10
"China",1952,0,710,"CHN","China",10
"China",1953,0,710,"CHN","China",10
"China",1954,0,710,"CHN","China",10
"China",1955,0,710,"CHN","China",10
"China",1956,0,710,"CHN","China",10
"China",1957,0,710,"CHN","China",10
"China",1958,0,710,"CHN","China",10
"China",1959,0,710,"CHN","China",10
"China",1960,0,710,"CHN","China",10
"China",1961,0,710,"CHN","China",10
"China",1962,0,710,"CHN","China",10
"China",1963,0,710,"CHN","China",10
"China",1964,0,710,"CHN","China",10
"China",1965,0,710,"CHN","China",10
"China",1966,0,710,"CHN","China",10
"China",1967,0,710,"CHN","China",10
"China",1968,0,710,"CHN","China",10
"China",1969,0,710,"CHN","China",10
"China",1970,0,710,"CHN","China",10
"China",1971,0,710,"CHN","China",10
"China",1972,0,710,"CHN","China",10
"China",1973,0,710,"CHN","China",10
"China",1974,0,710,"CHN","China",10
"China",1975,0,710,"CHN","China",10
"China",1976,0,710,"CHN","China",10
"China",1977,0,710,"CHN","China",10
"China",1978,0,710,"CHN","China",10
"China",1979,0,710,"CHN","China",10
"China",1980,0,710,"CHN","China",10
"China",1981,0,710,"CHN","China",10
"China",1982,0,710,"CHN","China",10
"China",1983,0,710,"CHN","China",10
"China",1984,0,710,"CHN","China",10
"China",1985,0,710,"CHN","China",10
"China",1986,0,710,"CHN","China",10
"China",1987,0,710,"CHN","China",10
"China",1988,0,710,"CHN","China",10
"China",1989,0,710,"CHN","China",10
"China",1990,0,710,"CHN","China",10
"China",1991,0,710,"CHN","China",10
"China",1992,0,710,"CHN","China",10
"China",1993,0,710,"CHN","China",10
"China",1994,0,710,"CHN","China",10
"China",1995,0,710,"CHN","China",10
"China",1996,0,710,"CHN","China",10
"China",1997,0,710,"CHN","China",10
"China",1998,0,710,"CHN","China",10
"China",1999,0,710,"CHN","China",10
"China",2000,0,710,"CHN","China",10
"China",2001,0,710,"CHN","China",10
"China",2002,0,710,"CHN","China",10
"China",2003,0,710,"CHN","China",10
"China",2004,0,710,"CHN","China",10
"China",2005,0,710,"CHN","China",10
"China",2006,0,710,"CHN","China",10
"China",2007,0,710,"CHN","China",10
"China",2008,0,710,"CHN","China",10
"China",2009,0,710,"CHN","China",10
"China",2010,0,710,"CHN","China",10
"China",2011,0,710,"CHN","China",10
"China",2012,0,710,"CHN","China",10
"China",2013,0,710,"CHN","China",10
"China",2014,0,710,"CHN","China",10
"China",2015,0,710,"CHN","China",10
"China",2016,0,710,"CHN","China",10
"China",2017,0,710,"CHN","China",10
"China",2018,0,710,"CHN","China",10
"China",2019,0,710,"CHN","China",10
"China",2020,0,710,"CHN","China",10
"China",2021,0,710,"CHN","China",10
"China",2022,0,710,"CHN","China",10
"China",2023,0,710,"CHN","China",10
"China",2024,0,710,"CHN","China",10
"China",2025,0,710,"CHN","China",10
"Colombia",1789,NA,100,"COL","Colombia",11
"Colombia",1790,NA,100,"COL","Colombia",11
"Colombia",1791,NA,100,"COL","Colombia",11
"Colombia",1792,NA,100,"COL","Colombia",11
"Colombia",1793,NA,100,"COL","Colombia",11
"Colombia",1794,NA,100,"COL","Colombia",11
"Colombia",1795,NA,100,"COL","Colombia",11
"Colombia",1796,NA,100,"COL","Colombia",11
"Colombia",1797,NA,100,"COL","Colombia",11
"Colombia",1798,NA,100,"COL","Colombia",11
"Colombia",1799,NA,100,"COL","Colombia",11
"Colombia",1800,NA,100,"COL","Colombia",11
"Colombia",1801,NA,100,"COL","Colombia",11
"Colombia",1802,NA,100,"COL","Colombia",11
"Colombia",1803,NA,100,"COL","Colombia",11
"Colombia",1804,NA,100,"COL","Colombia",11
"Colombia",1805,NA,100,"COL","Colombia",11
"Colombia",1806,NA,100,"COL","Colombia",11
"Colombia",1807,NA,100,"COL","Colombia",11
"Colombia",1808,NA,100,"COL","Colombia",11
"Colombia",1809,NA,100,"COL","Colombia",11
"Colombia",1810,NA,100,"COL","Colombia",11
"Colombia",1811,NA,100,"COL","Colombia",11
"Colombia",1812,NA,100,"COL","Colombia",11
"Colombia",1813,NA,100,"COL","Colombia",11
"Colombia",1814,NA,100,"COL","Colombia",11
"Colombia",1815,NA,100,"COL","Colombia",11
"Colombia",1816,NA,100,"COL","Colombia",11
"Colombia",1817,NA,100,"COL","Colombia",11
"Colombia",1818,NA,100,"COL","Colombia",11
"Colombia",1819,NA,100,"COL","Colombia",11
"Colombia",1820,NA,100,"COL","Colombia",11
"Colombia",1821,NA,100,"COL","Colombia",11
"Colombia",1822,NA,100,"COL","Colombia",11
"Colombia",1823,NA,100,"COL","Colombia",11
"Colombia",1824,NA,100,"COL","Colombia",11
"Colombia",1825,NA,100,"COL","Colombia",11
"Colombia",1826,NA,100,"COL","Colombia",11
"Colombia",1827,NA,100,"COL","Colombia",11
"Colombia",1828,NA,100,"COL","Colombia",11
"Colombia",1829,NA,100,"COL","Colombia",11
"Colombia",1830,NA,100,"COL","Colombia",11
"Colombia",1831,NA,100,"COL","Colombia",11
"Colombia",1832,NA,100,"COL","Colombia",11
"Colombia",1833,NA,100,"COL","Colombia",11
"Colombia",1834,NA,100,"COL","Colombia",11
"Colombia",1835,NA,100,"COL","Colombia",11
"Colombia",1836,NA,100,"COL","Colombia",11
"Colombia",1837,NA,100,"COL","Colombia",11
"Colombia",1838,NA,100,"COL","Colombia",11
"Colombia",1839,NA,100,"COL","Colombia",11
"Colombia",1840,NA,100,"COL","Colombia",11
"Colombia",1841,NA,100,"COL","Colombia",11
"Colombia",1842,NA,100,"COL","Colombia",11
"Colombia",1843,NA,100,"COL","Colombia",11
"Colombia",1844,NA,100,"COL","Colombia",11
"Colombia",1845,NA,100,"COL","Colombia",11
"Colombia",1846,NA,100,"COL","Colombia",11
"Colombia",1847,NA,100,"COL","Colombia",11
"Colombia",1848,NA,100,"COL","Colombia",11
"Colombia",1849,NA,100,"COL","Colombia",11
"Colombia",1850,NA,100,"COL","Colombia",11
"Colombia",1851,NA,100,"COL","Colombia",11
"Colombia",1852,NA,100,"COL","Colombia",11
"Colombia",1853,NA,100,"COL","Colombia",11
"Colombia",1854,NA,100,"COL","Colombia",11
"Colombia",1855,NA,100,"COL","Colombia",11
"Colombia",1856,NA,100,"COL","Colombia",11
"Colombia",1857,NA,100,"COL","Colombia",11
"Colombia",1858,NA,100,"COL","Colombia",11
"Colombia",1859,NA,100,"COL","Colombia",11
"Colombia",1860,NA,100,"COL","Colombia",11
"Colombia",1861,NA,100,"COL","Colombia",11
"Colombia",1862,NA,100,"COL","Colombia",11
"Colombia",1863,NA,100,"COL","Colombia",11
"Colombia",1864,NA,100,"COL","Colombia",11
"Colombia",1865,NA,100,"COL","Colombia",11
"Colombia",1866,NA,100,"COL","Colombia",11
"Colombia",1867,NA,100,"COL","Colombia",11
"Colombia",1868,NA,100,"COL","Colombia",11
"Colombia",1869,NA,100,"COL","Colombia",11
"Colombia",1870,NA,100,"COL","Colombia",11
"Colombia",1871,NA,100,"COL","Colombia",11
"Colombia",1872,NA,100,"COL","Colombia",11
"Colombia",1873,NA,100,"COL","Colombia",11
"Colombia",1874,NA,100,"COL","Colombia",11
"Colombia",1875,NA,100,"COL","Colombia",11
"Colombia",1876,NA,100,"COL","Colombia",11
"Colombia",1877,NA,100,"COL","Colombia",11
"Colombia",1878,NA,100,"COL","Colombia",11
"Colombia",1879,NA,100,"COL","Colombia",11
"Colombia",1880,NA,100,"COL","Colombia",11
"Colombia",1881,NA,100,"COL","Colombia",11
"Colombia",1882,NA,100,"COL","Colombia",11
"Colombia",1883,NA,100,"COL","Colombia",11
"Colombia",1884,NA,100,"COL","Colombia",11
"Colombia",1885,NA,100,"COL","Colombia",11
"Colombia",1886,NA,100,"COL","Colombia",11
"Colombia",1887,NA,100,"COL","Colombia",11
"Colombia",1888,NA,100,"COL","Colombia",11
"Colombia",1889,NA,100,"COL","Colombia",11
"Colombia",1890,NA,100,"COL","Colombia",11
"Colombia",1891,NA,100,"COL","Colombia",11
"Colombia",1892,NA,100,"COL","Colombia",11
"Colombia",1893,NA,100,"COL","Colombia",11
"Colombia",1894,NA,100,"COL","Colombia",11
"Colombia",1895,NA,100,"COL","Colombia",11
"Colombia",1896,NA,100,"COL","Colombia",11
"Colombia",1897,NA,100,"COL","Colombia",11
"Colombia",1898,NA,100,"COL","Colombia",11
"Colombia",1899,NA,100,"COL","Colombia",11
"Colombia",1900,0,100,"COL","Colombia",11
"Colombia",1901,0,100,"COL","Colombia",11
"Colombia",1902,0,100,"COL","Colombia",11
"Colombia",1903,0,100,"COL","Colombia",11
"Colombia",1904,0,100,"COL","Colombia",11
"Colombia",1905,0,100,"COL","Colombia",11
"Colombia",1906,0,100,"COL","Colombia",11
"Colombia",1907,0,100,"COL","Colombia",11
"Colombia",1908,0,100,"COL","Colombia",11
"Colombia",1909,0,100,"COL","Colombia",11
"Colombia",1910,0,100,"COL","Colombia",11
"Colombia",1911,0,100,"COL","Colombia",11
"Colombia",1912,0,100,"COL","Colombia",11
"Colombia",1913,0,100,"COL","Colombia",11
"Colombia",1914,1,100,"COL","Colombia",11
"Colombia",1915,1,100,"COL","Colombia",11
"Colombia",1916,1,100,"COL","Colombia",11
"Colombia",1917,1,100,"COL","Colombia",11
"Colombia",1918,1,100,"COL","Colombia",11
"Colombia",1919,1,100,"COL","Colombia",11
"Colombia",1920,1,100,"COL","Colombia",11
"Colombia",1921,1,100,"COL","Colombia",11
"Colombia",1922,1,100,"COL","Colombia",11
"Colombia",1923,1,100,"COL","Colombia",11
"Colombia",1924,1,100,"COL","Colombia",11
"Colombia",1925,1,100,"COL","Colombia",11
"Colombia",1926,1,100,"COL","Colombia",11
"Colombia",1927,1,100,"COL","Colombia",11
"Colombia",1928,1,100,"COL","Colombia",11
"Colombia",1929,1,100,"COL","Colombia",11
"Colombia",1930,1,100,"COL","Colombia",11
"Colombia",1931,1,100,"COL","Colombia",11
"Colombia",1932,1,100,"COL","Colombia",11
"Colombia",1933,1,100,"COL","Colombia",11
"Colombia",1934,1,100,"COL","Colombia",11
"Colombia",1935,1,100,"COL","Colombia",11
"Colombia",1936,1,100,"COL","Colombia",11
"Colombia",1937,1,100,"COL","Colombia",11
"Colombia",1938,1,100,"COL","Colombia",11
"Colombia",1939,1,100,"COL","Colombia",11
"Colombia",1940,1,100,"COL","Colombia",11
"Colombia",1941,1,100,"COL","Colombia",11
"Colombia",1942,1,100,"COL","Colombia",11
"Colombia",1943,1,100,"COL","Colombia",11
"Colombia",1944,1,100,"COL","Colombia",11
"Colombia",1945,1,100,"COL","Colombia",11
"Colombia",1946,1,100,"COL","Colombia",11
"Colombia",1947,1,100,"COL","Colombia",11
"Colombia",1948,1,100,"COL","Colombia",11
"Colombia",1949,1,100,"COL","Colombia",11
"Colombia",1950,1,100,"COL","Colombia",11
"Colombia",1951,1,100,"COL","Colombia",11
"Colombia",1952,1,100,"COL","Colombia",11
"Colombia",1953,1,100,"COL","Colombia",11
"Colombia",1954,1,100,"COL","Colombia",11
"Colombia",1955,1,100,"COL","Colombia",11
"Colombia",1956,1,100,"COL","Colombia",11
"Colombia",1957,1,100,"COL","Colombia",11
"Colombia",1958,1,100,"COL","Colombia",11
"Colombia",1959,1,100,"COL","Colombia",11
"Colombia",1960,1,100,"COL","Colombia",11
"Colombia",1961,1,100,"COL","Colombia",11
"Colombia",1962,1,100,"COL","Colombia",11
"Colombia",1963,1,100,"COL","Colombia",11
"Colombia",1964,1,100,"COL","Colombia",11
"Colombia",1965,1,100,"COL","Colombia",11
"Colombia",1966,1,100,"COL","Colombia",11
"Colombia",1967,1,100,"COL","Colombia",11
"Colombia",1968,1,100,"COL","Colombia",11
"Colombia",1969,1,100,"COL","Colombia",11
"Colombia",1970,1,100,"COL","Colombia",11
"Colombia",1971,1,100,"COL","Colombia",11
"Colombia",1972,1,100,"COL","Colombia",11
"Colombia",1973,1,100,"COL","Colombia",11
"Colombia",1974,1,100,"COL","Colombia",11
"Colombia",1975,1,100,"COL","Colombia",11
"Colombia",1976,1,100,"COL","Colombia",11
"Colombia",1977,1,100,"COL","Colombia",11
"Colombia",1978,1,100,"COL","Colombia",11
"Colombia",1979,1,100,"COL","Colombia",11
"Colombia",1980,1,100,"COL","Colombia",11
"Colombia",1981,1,100,"COL","Colombia",11
"Colombia",1982,1,100,"COL","Colombia",11
"Colombia",1983,1,100,"COL","Colombia",11
"Colombia",1984,1,100,"COL","Colombia",11
"Colombia",1985,1,100,"COL","Colombia",11
"Colombia",1986,1,100,"COL","Colombia",11
"Colombia",1987,1,100,"COL","Colombia",11
"Colombia",1988,1,100,"COL","Colombia",11
"Colombia",1989,1,100,"COL","Colombia",11
"Colombia",1990,1,100,"COL","Colombia",11
"Colombia",1991,2,100,"COL","Colombia",11
"Colombia",1992,2,100,"COL","Colombia",11
"Colombia",1993,2,100,"COL","Colombia",11
"Colombia",1994,2,100,"COL","Colombia",11
"Colombia",1995,2,100,"COL","Colombia",11
"Colombia",1996,2,100,"COL","Colombia",11
"Colombia",1997,2,100,"COL","Colombia",11
"Colombia",1998,2,100,"COL","Colombia",11
"Colombia",1999,2,100,"COL","Colombia",11
"Colombia",2000,2,100,"COL","Colombia",11
"Colombia",2001,2,100,"COL","Colombia",11
"Colombia",2002,2,100,"COL","Colombia",11
"Colombia",2003,2,100,"COL","Colombia",11
"Colombia",2004,2,100,"COL","Colombia",11
"Colombia",2005,2,100,"COL","Colombia",11
"Colombia",2006,2,100,"COL","Colombia",11
"Colombia",2007,2,100,"COL","Colombia",11
"Colombia",2008,2,100,"COL","Colombia",11
"Colombia",2009,2,100,"COL","Colombia",11
"Colombia",2010,2,100,"COL","Colombia",11
"Colombia",2011,2,100,"COL","Colombia",11
"Colombia",2012,2,100,"COL","Colombia",11
"Colombia",2013,2,100,"COL","Colombia",11
"Colombia",2014,2,100,"COL","Colombia",11
"Colombia",2015,2,100,"COL","Colombia",11
"Colombia",2016,2,100,"COL","Colombia",11
"Colombia",2017,2,100,"COL","Colombia",11
"Colombia",2018,2,100,"COL","Colombia",11
"Colombia",2019,2,100,"COL","Colombia",11
"Colombia",2020,2,100,"COL","Colombia",11
"Colombia",2021,2,100,"COL","Colombia",11
"Colombia",2022,2,100,"COL","Colombia",11
"Colombia",2023,2,100,"COL","Colombia",11
"Colombia",2024,2,100,"COL","Colombia",11
"Colombia",2025,2,100,"COL","Colombia",11
"Croatia",1941,0,344,"HRV","Croatia",12
"Croatia",1942,0,344,"HRV","Croatia",12
"Croatia",1943,0,344,"HRV","Croatia",12
"Croatia",1944,0,344,"HRV","Croatia",12
"Croatia",1991,0,344,"HRV","Croatia",12
"Croatia",1992,1,344,"HRV","Croatia",12
"Croatia",1993,1,344,"HRV","Croatia",12
"Croatia",1994,1,344,"HRV","Croatia",12
"Croatia",1995,1,344,"HRV","Croatia",12
"Croatia",1996,1,344,"HRV","Croatia",12
"Croatia",1997,1,344,"HRV","Croatia",12
"Croatia",1998,1,344,"HRV","Croatia",12
"Croatia",1999,1,344,"HRV","Croatia",12
"Croatia",2000,2,344,"HRV","Croatia",12
"Croatia",2001,2,344,"HRV","Croatia",12
"Croatia",2002,2,344,"HRV","Croatia",12
"Croatia",2003,2,344,"HRV","Croatia",12
"Croatia",2004,2,344,"HRV","Croatia",12
"Croatia",2005,2,344,"HRV","Croatia",12
"Croatia",2006,2,344,"HRV","Croatia",12
"Croatia",2007,2,344,"HRV","Croatia",12
"Croatia",2008,2,344,"HRV","Croatia",12
"Croatia",2009,2,344,"HRV","Croatia",12
"Croatia",2010,2,344,"HRV","Croatia",12
"Croatia",2011,2,344,"HRV","Croatia",12
"Croatia",2012,2,344,"HRV","Croatia",12
"Croatia",2013,2,344,"HRV","Croatia",12
"Croatia",2014,2,344,"HRV","Croatia",12
"Croatia",2015,2,344,"HRV","Croatia",12
"Croatia",2016,2,344,"HRV","Croatia",12
"Croatia",2017,2,344,"HRV","Croatia",12
"Croatia",2018,2,344,"HRV","Croatia",12
"Croatia",2019,2,344,"HRV","Croatia",12
"Croatia",2020,2,344,"HRV","Croatia",12
"Croatia",2021,2,344,"HRV","Croatia",12
"Croatia",2022,2,344,"HRV","Croatia",12
"Croatia",2023,2,344,"HRV","Croatia",12
"Croatia",2024,2,344,"HRV","Croatia",12
"Croatia",2025,2,344,"HRV","Croatia",12
"Cyprus",1900,0,352,"CYP","Cyprus",13
"Cyprus",1901,0,352,"CYP","Cyprus",13
"Cyprus",1902,0,352,"CYP","Cyprus",13
"Cyprus",1903,0,352,"CYP","Cyprus",13
"Cyprus",1904,0,352,"CYP","Cyprus",13
"Cyprus",1905,0,352,"CYP","Cyprus",13
"Cyprus",1906,0,352,"CYP","Cyprus",13
"Cyprus",1907,0,352,"CYP","Cyprus",13
"Cyprus",1908,0,352,"CYP","Cyprus",13
"Cyprus",1909,0,352,"CYP","Cyprus",13
"Cyprus",1910,0,352,"CYP","Cyprus",13
"Cyprus",1911,0,352,"CYP","Cyprus",13
"Cyprus",1912,0,352,"CYP","Cyprus",13
"Cyprus",1913,0,352,"CYP","Cyprus",13
"Cyprus",1914,0,352,"CYP","Cyprus",13
"Cyprus",1915,0,352,"CYP","Cyprus",13
"Cyprus",1916,0,352,"CYP","Cyprus",13
"Cyprus",1917,0,352,"CYP","Cyprus",13
"Cyprus",1918,0,352,"CYP","Cyprus",13
"Cyprus",1919,0,352,"CYP","Cyprus",13
"Cyprus",1920,0,352,"CYP","Cyprus",13
"Cyprus",1921,0,352,"CYP","Cyprus",13
"Cyprus",1922,0,352,"CYP","Cyprus",13
"Cyprus",1923,0,352,"CYP","Cyprus",13
"Cyprus",1924,0,352,"CYP","Cyprus",13
"Cyprus",1925,0,352,"CYP","Cyprus",13
"Cyprus",1926,0,352,"CYP","Cyprus",13
"Cyprus",1927,0,352,"CYP","Cyprus",13
"Cyprus",1928,0,352,"CYP","Cyprus",13
"Cyprus",1929,0,352,"CYP","Cyprus",13
"Cyprus",1930,0,352,"CYP","Cyprus",13
"Cyprus",1931,0,352,"CYP","Cyprus",13
"Cyprus",1932,0,352,"CYP","Cyprus",13
"Cyprus",1933,0,352,"CYP","Cyprus",13
"Cyprus",1934,0,352,"CYP","Cyprus",13
"Cyprus",1935,0,352,"CYP","Cyprus",13
"Cyprus",1936,0,352,"CYP","Cyprus",13
"Cyprus",1937,0,352,"CYP","Cyprus",13
"Cyprus",1938,0,352,"CYP","Cyprus",13
"Cyprus",1939,0,352,"CYP","Cyprus",13
"Cyprus",1940,0,352,"CYP","Cyprus",13
"Cyprus",1941,0,352,"CYP","Cyprus",13
"Cyprus",1942,0,352,"CYP","Cyprus",13
"Cyprus",1943,0,352,"CYP","Cyprus",13
"Cyprus",1944,0,352,"CYP","Cyprus",13
"Cyprus",1945,0,352,"CYP","Cyprus",13
"Cyprus",1946,0,352,"CYP","Cyprus",13
"Cyprus",1947,0,352,"CYP","Cyprus",13
"Cyprus",1948,0,352,"CYP","Cyprus",13
"Cyprus",1949,0,352,"CYP","Cyprus",13
"Cyprus",1950,0,352,"CYP","Cyprus",13
"Cyprus",1951,0,352,"CYP","Cyprus",13
"Cyprus",1952,0,352,"CYP","Cyprus",13
"Cyprus",1953,0,352,"CYP","Cyprus",13
"Cyprus",1954,0,352,"CYP","Cyprus",13
"Cyprus",1955,0,352,"CYP","Cyprus",13
"Cyprus",1956,0,352,"CYP","Cyprus",13
"Cyprus",1957,0,352,"CYP","Cyprus",13
"Cyprus",1958,0,352,"CYP","Cyprus",13
"Cyprus",1959,0,352,"CYP","Cyprus",13
"Cyprus",1960,1,352,"CYP","Cyprus",13
"Cyprus",1961,1,352,"CYP","Cyprus",13
"Cyprus",1962,1,352,"CYP","Cyprus",13
"Cyprus",1963,1,352,"CYP","Cyprus",13
"Cyprus",1964,1,352,"CYP","Cyprus",13
"Cyprus",1965,1,352,"CYP","Cyprus",13
"Cyprus",1966,1,352,"CYP","Cyprus",13
"Cyprus",1967,1,352,"CYP","Cyprus",13
"Cyprus",1968,1,352,"CYP","Cyprus",13
"Cyprus",1969,1,352,"CYP","Cyprus",13
"Cyprus",1970,1,352,"CYP","Cyprus",13
"Cyprus",1971,1,352,"CYP","Cyprus",13
"Cyprus",1972,1,352,"CYP","Cyprus",13
"Cyprus",1973,1,352,"CYP","Cyprus",13
"Cyprus",1974,1,352,"CYP","Cyprus",13
"Cyprus",1975,2,352,"CYP","Cyprus",13
"Cyprus",1976,2,352,"CYP","Cyprus",13
"Cyprus",1977,2,352,"CYP","Cyprus",13
"Cyprus",1978,2,352,"CYP","Cyprus",13
"Cyprus",1979,2,352,"CYP","Cyprus",13
"Cyprus",1980,2,352,"CYP","Cyprus",13
"Cyprus",1981,2,352,"CYP","Cyprus",13
"Cyprus",1982,2,352,"CYP","Cyprus",13
"Cyprus",1983,2,352,"CYP","Cyprus",13
"Cyprus",1984,2,352,"CYP","Cyprus",13
"Cyprus",1985,2,352,"CYP","Cyprus",13
"Cyprus",1986,2,352,"CYP","Cyprus",13
"Cyprus",1987,2,352,"CYP","Cyprus",13
"Cyprus",1988,2,352,"CYP","Cyprus",13
"Cyprus",1989,2,352,"CYP","Cyprus",13
"Cyprus",1990,2,352,"CYP","Cyprus",13
"Cyprus",1991,2,352,"CYP","Cyprus",13
"Cyprus",1992,2,352,"CYP","Cyprus",13
"Cyprus",1993,2,352,"CYP","Cyprus",13
"Cyprus",1994,2,352,"CYP","Cyprus",13
"Cyprus",1995,2,352,"CYP","Cyprus",13
"Cyprus",1996,2,352,"CYP","Cyprus",13
"Cyprus",1997,2,352,"CYP","Cyprus",13
"Cyprus",1998,2,352,"CYP","Cyprus",13
"Cyprus",1999,2,352,"CYP","Cyprus",13
"Cyprus",2000,2,352,"CYP","Cyprus",13
"Cyprus",2001,2,352,"CYP","Cyprus",13
"Cyprus",2002,2,352,"CYP","Cyprus",13
"Cyprus",2003,2,352,"CYP","Cyprus",13
"Cyprus",2004,3,352,"CYP","Cyprus",13
"Cyprus",2005,3,352,"CYP","Cyprus",13
"Cyprus",2006,3,352,"CYP","Cyprus",13
"Cyprus",2007,3,352,"CYP","Cyprus",13
"Cyprus",2008,3,352,"CYP","Cyprus",13
"Cyprus",2009,3,352,"CYP","Cyprus",13
"Cyprus",2010,3,352,"CYP","Cyprus",13
"Cyprus",2011,3,352,"CYP","Cyprus",13
"Cyprus",2012,3,352,"CYP","Cyprus",13
"Cyprus",2013,3,352,"CYP","Cyprus",13
"Cyprus",2014,3,352,"CYP","Cyprus",13
"Cyprus",2015,3,352,"CYP","Cyprus",13
"Cyprus",2016,3,352,"CYP","Cyprus",13
"Cyprus",2017,3,352,"CYP","Cyprus",13
"Cyprus",2018,3,352,"CYP","Cyprus",13
"Cyprus",2019,3,352,"CYP","Cyprus",13
"Cyprus",2020,3,352,"CYP","Cyprus",13
"Cyprus",2021,3,352,"CYP","Cyprus",13
"Cyprus",2022,3,352,"CYP","Cyprus",13
"Cyprus",2023,3,352,"CYP","Cyprus",13
"Cyprus",2024,3,352,"CYP","Cyprus",13
"Cyprus",2025,3,352,"CYP","Cyprus",13
"Czechia",1993,3,316,"CZE","Czech Republic",14
"Czechia",1994,3,316,"CZE","Czech Republic",14
"Czechia",1995,3,316,"CZE","Czech Republic",14
"Czechia",1996,3,316,"CZE","Czech Republic",14
"Czechia",1997,3,316,"CZE","Czech Republic",14
"Czechia",1998,3,316,"CZE","Czech Republic",14
"Czechia",1999,3,316,"CZE","Czech Republic",14
"Czechia",2000,3,316,"CZE","Czech Republic",14
"Czechia",2001,3,316,"CZE","Czech Republic",14
"Czechia",2002,3,316,"CZE","Czech Republic",14
"Czechia",2003,3,316,"CZE","Czech Republic",14
"Czechia",2004,3,316,"CZE","Czech Republic",14
"Czechia",2005,3,316,"CZE","Czech Republic",14
"Czechia",2006,3,316,"CZE","Czech Republic",14
"Czechia",2007,3,316,"CZE","Czech Republic",14
"Czechia",2008,3,316,"CZE","Czech Republic",14
"Czechia",2009,3,316,"CZE","Czech Republic",14
"Czechia",2010,3,316,"CZE","Czech Republic",14
"Czechia",2011,3,316,"CZE","Czech Republic",14
"Czechia",2012,3,316,"CZE","Czech Republic",14
"Czechia",2013,3,316,"CZE","Czech Republic",14
"Czechia",2014,3,316,"CZE","Czech Republic",14
"Czechia",2015,3,316,"CZE","Czech Republic",14
"Czechia",2016,3,316,"CZE","Czech Republic",14
"Czechia",2017,3,316,"CZE","Czech Republic",14
"Czechia",2018,3,316,"CZE","Czech Republic",14
"Czechia",2019,3,316,"CZE","Czech Republic",14
"Czechia",2020,2,316,"CZE","Czech Republic",14
"Czechia",2021,2,316,"CZE","Czech Republic",14
"Czechia",2022,3,316,"CZE","Czech Republic",14
"Czechia",2023,3,316,"CZE","Czech Republic",14
"Czechia",2024,3,316,"CZE","Czech Republic",14
"Czechia",2025,3,316,"CZE","Czech Republic",14
"Denmark",1789,NA,390,"DNK","Denmark",15
"Denmark",1790,NA,390,"DNK","Denmark",15
"Denmark",1791,NA,390,"DNK","Denmark",15
"Denmark",1792,NA,390,"DNK","Denmark",15
"Denmark",1793,NA,390,"DNK","Denmark",15
"Denmark",1794,NA,390,"DNK","Denmark",15
"Denmark",1795,NA,390,"DNK","Denmark",15
"Denmark",1796,NA,390,"DNK","Denmark",15
"Denmark",1797,NA,390,"DNK","Denmark",15
"Denmark",1798,NA,390,"DNK","Denmark",15
"Denmark",1799,NA,390,"DNK","Denmark",15
"Denmark",1800,NA,390,"DNK","Denmark",15
"Denmark",1801,NA,390,"DNK","Denmark",15
"Denmark",1802,NA,390,"DNK","Denmark",15
"Denmark",1803,NA,390,"DNK","Denmark",15
"Denmark",1804,NA,390,"DNK","Denmark",15
"Denmark",1805,NA,390,"DNK","Denmark",15
"Denmark",1806,NA,390,"DNK","Denmark",15
"Denmark",1807,NA,390,"DNK","Denmark",15
"Denmark",1808,NA,390,"DNK","Denmark",15
"Denmark",1809,NA,390,"DNK","Denmark",15
"Denmark",1810,NA,390,"DNK","Denmark",15
"Denmark",1811,NA,390,"DNK","Denmark",15
"Denmark",1812,NA,390,"DNK","Denmark",15
"Denmark",1813,NA,390,"DNK","Denmark",15
"Denmark",1814,NA,390,"DNK","Denmark",15
"Denmark",1815,NA,390,"DNK","Denmark",15
"Denmark",1816,NA,390,"DNK","Denmark",15
"Denmark",1817,NA,390,"DNK","Denmark",15
"Denmark",1818,NA,390,"DNK","Denmark",15
"Denmark",1819,NA,390,"DNK","Denmark",15
"Denmark",1820,NA,390,"DNK","Denmark",15
"Denmark",1821,NA,390,"DNK","Denmark",15
"Denmark",1822,NA,390,"DNK","Denmark",15
"Denmark",1823,NA,390,"DNK","Denmark",15
"Denmark",1824,NA,390,"DNK","Denmark",15
"Denmark",1825,NA,390,"DNK","Denmark",15
"Denmark",1826,NA,390,"DNK","Denmark",15
"Denmark",1827,NA,390,"DNK","Denmark",15
"Denmark",1828,NA,390,"DNK","Denmark",15
"Denmark",1829,NA,390,"DNK","Denmark",15
"Denmark",1830,NA,390,"DNK","Denmark",15
"Denmark",1831,NA,390,"DNK","Denmark",15
"Denmark",1832,NA,390,"DNK","Denmark",15
"Denmark",1833,NA,390,"DNK","Denmark",15
"Denmark",1834,NA,390,"DNK","Denmark",15
"Denmark",1835,NA,390,"DNK","Denmark",15
"Denmark",1836,NA,390,"DNK","Denmark",15
"Denmark",1837,NA,390,"DNK","Denmark",15
"Denmark",1838,NA,390,"DNK","Denmark",15
"Denmark",1839,NA,390,"DNK","Denmark",15
"Denmark",1840,NA,390,"DNK","Denmark",15
"Denmark",1841,NA,390,"DNK","Denmark",15
"Denmark",1842,NA,390,"DNK","Denmark",15
"Denmark",1843,NA,390,"DNK","Denmark",15
"Denmark",1844,NA,390,"DNK","Denmark",15
"Denmark",1845,NA,390,"DNK","Denmark",15
"Denmark",1846,NA,390,"DNK","Denmark",15
"Denmark",1847,NA,390,"DNK","Denmark",15
"Denmark",1848,NA,390,"DNK","Denmark",15
"Denmark",1849,NA,390,"DNK","Denmark",15
"Denmark",1850,NA,390,"DNK","Denmark",15
"Denmark",1851,NA,390,"DNK","Denmark",15
"Denmark",1852,NA,390,"DNK","Denmark",15
"Denmark",1853,NA,390,"DNK","Denmark",15
"Denmark",1854,NA,390,"DNK","Denmark",15
"Denmark",1855,NA,390,"DNK","Denmark",15
"Denmark",1856,NA,390,"DNK","Denmark",15
"Denmark",1857,NA,390,"DNK","Denmark",15
"Denmark",1858,NA,390,"DNK","Denmark",15
"Denmark",1859,NA,390,"DNK","Denmark",15
"Denmark",1860,NA,390,"DNK","Denmark",15
"Denmark",1861,NA,390,"DNK","Denmark",15
"Denmark",1862,NA,390,"DNK","Denmark",15
"Denmark",1863,NA,390,"DNK","Denmark",15
"Denmark",1864,NA,390,"DNK","Denmark",15
"Denmark",1865,NA,390,"DNK","Denmark",15
"Denmark",1866,NA,390,"DNK","Denmark",15
"Denmark",1867,NA,390,"DNK","Denmark",15
"Denmark",1868,NA,390,"DNK","Denmark",15
"Denmark",1869,NA,390,"DNK","Denmark",15
"Denmark",1870,NA,390,"DNK","Denmark",15
"Denmark",1871,NA,390,"DNK","Denmark",15
"Denmark",1872,NA,390,"DNK","Denmark",15
"Denmark",1873,NA,390,"DNK","Denmark",15
"Denmark",1874,NA,390,"DNK","Denmark",15
"Denmark",1875,NA,390,"DNK","Denmark",15
"Denmark",1876,NA,390,"DNK","Denmark",15
"Denmark",1877,NA,390,"DNK","Denmark",15
"Denmark",1878,NA,390,"DNK","Denmark",15
"Denmark",1879,NA,390,"DNK","Denmark",15
"Denmark",1880,NA,390,"DNK","Denmark",15
"Denmark",1881,NA,390,"DNK","Denmark",15
"Denmark",1882,NA,390,"DNK","Denmark",15
"Denmark",1883,NA,390,"DNK","Denmark",15
"Denmark",1884,NA,390,"DNK","Denmark",15
"Denmark",1885,NA,390,"DNK","Denmark",15
"Denmark",1886,NA,390,"DNK","Denmark",15
"Denmark",1887,NA,390,"DNK","Denmark",15
"Denmark",1888,NA,390,"DNK","Denmark",15
"Denmark",1889,NA,390,"DNK","Denmark",15
"Denmark",1890,NA,390,"DNK","Denmark",15
"Denmark",1891,NA,390,"DNK","Denmark",15
"Denmark",1892,NA,390,"DNK","Denmark",15
"Denmark",1893,NA,390,"DNK","Denmark",15
"Denmark",1894,NA,390,"DNK","Denmark",15
"Denmark",1895,NA,390,"DNK","Denmark",15
"Denmark",1896,NA,390,"DNK","Denmark",15
"Denmark",1897,NA,390,"DNK","Denmark",15
"Denmark",1898,NA,390,"DNK","Denmark",15
"Denmark",1899,NA,390,"DNK","Denmark",15
"Denmark",1900,0,390,"DNK","Denmark",15
"Denmark",1901,1,390,"DNK","Denmark",15
"Denmark",1902,3,390,"DNK","Denmark",15
"Denmark",1903,3,390,"DNK","Denmark",15
"Denmark",1904,3,390,"DNK","Denmark",15
"Denmark",1905,3,390,"DNK","Denmark",15
"Denmark",1906,3,390,"DNK","Denmark",15
"Denmark",1907,3,390,"DNK","Denmark",15
"Denmark",1908,3,390,"DNK","Denmark",15
"Denmark",1909,3,390,"DNK","Denmark",15
"Denmark",1910,3,390,"DNK","Denmark",15
"Denmark",1911,3,390,"DNK","Denmark",15
"Denmark",1912,3,390,"DNK","Denmark",15
"Denmark",1913,3,390,"DNK","Denmark",15
"Denmark",1914,3,390,"DNK","Denmark",15
"Denmark",1915,3,390,"DNK","Denmark",15
"Denmark",1916,3,390,"DNK","Denmark",15
"Denmark",1917,3,390,"DNK","Denmark",15
"Denmark",1918,3,390,"DNK","Denmark",15
"Denmark",1919,3,390,"DNK","Denmark",15
"Denmark",1920,3,390,"DNK","Denmark",15
"Denmark",1921,3,390,"DNK","Denmark",15
"Denmark",1922,3,390,"DNK","Denmark",15
"Denmark",1923,3,390,"DNK","Denmark",15
"Denmark",1924,3,390,"DNK","Denmark",15
"Denmark",1925,3,390,"DNK","Denmark",15
"Denmark",1926,3,390,"DNK","Denmark",15
"Denmark",1927,3,390,"DNK","Denmark",15
"Denmark",1928,3,390,"DNK","Denmark",15
"Denmark",1929,3,390,"DNK","Denmark",15
"Denmark",1930,3,390,"DNK","Denmark",15
"Denmark",1931,3,390,"DNK","Denmark",15
"Denmark",1932,3,390,"DNK","Denmark",15
"Denmark",1933,3,390,"DNK","Denmark",15
"Denmark",1934,3,390,"DNK","Denmark",15
"Denmark",1935,3,390,"DNK","Denmark",15
"Denmark",1936,3,390,"DNK","Denmark",15
"Denmark",1937,3,390,"DNK","Denmark",15
"Denmark",1938,3,390,"DNK","Denmark",15
"Denmark",1939,3,390,"DNK","Denmark",15
"Denmark",1940,2,390,"DNK","Denmark",15
"Denmark",1941,2,390,"DNK","Denmark",15
"Denmark",1942,2,390,"DNK","Denmark",15
"Denmark",1943,0,390,"DNK","Denmark",15
"Denmark",1944,0,390,"DNK","Denmark",15
"Denmark",1945,1,390,"DNK","Denmark",15
"Denmark",1946,3,390,"DNK","Denmark",15
"Denmark",1947,3,390,"DNK","Denmark",15
"Denmark",1948,3,390,"DNK","Denmark",15
"Denmark",1949,3,390,"DNK","Denmark",15
"Denmark",1950,3,390,"DNK","Denmark",15
"Denmark",1951,3,390,"DNK","Denmark",15
"Denmark",1952,3,390,"DNK","Denmark",15
"Denmark",1953,3,390,"DNK","Denmark",15
"Denmark",1954,3,390,"DNK","Denmark",15
"Denmark",1955,3,390,"DNK","Denmark",15
"Denmark",1956,3,390,"DNK","Denmark",15
"Denmark",1957,3,390,"DNK","Denmark",15
"Denmark",1958,3,390,"DNK","Denmark",15
"Denmark",1959,3,390,"DNK","Denmark",15
"Denmark",1960,3,390,"DNK","Denmark",15
"Denmark",1961,3,390,"DNK","Denmark",15
"Denmark",1962,3,390,"DNK","Denmark",15
"Denmark",1963,3,390,"DNK","Denmark",15
"Denmark",1964,3,390,"DNK","Denmark",15
"Denmark",1965,3,390,"DNK","Denmark",15
"Denmark",1966,3,390,"DNK","Denmark",15
"Denmark",1967,3,390,"DNK","Denmark",15
"Denmark",1968,3,390,"DNK","Denmark",15
"Denmark",1969,3,390,"DNK","Denmark",15
"Denmark",1970,3,390,"DNK","Denmark",15
"Denmark",1971,3,390,"DNK","Denmark",15
"Denmark",1972,3,390,"DNK","Denmark",15
"Denmark",1973,3,390,"DNK","Denmark",15
"Denmark",1974,3,390,"DNK","Denmark",15
"Denmark",1975,3,390,"DNK","Denmark",15
"Denmark",1976,3,390,"DNK","Denmark",15
"Denmark",1977,3,390,"DNK","Denmark",15
"Denmark",1978,3,390,"DNK","Denmark",15
"Denmark",1979,3,390,"DNK","Denmark",15
"Denmark",1980,3,390,"DNK","Denmark",15
"Denmark",1981,3,390,"DNK","Denmark",15
"Denmark",1982,3,390,"DNK","Denmark",15
"Denmark",1983,3,390,"DNK","Denmark",15
"Denmark",1984,3,390,"DNK","Denmark",15
"Denmark",1985,3,390,"DNK","Denmark",15
"Denmark",1986,3,390,"DNK","Denmark",15
"Denmark",1987,3,390,"DNK","Denmark",15
"Denmark",1988,3,390,"DNK","Denmark",15
"Denmark",1989,3,390,"DNK","Denmark",15
"Denmark",1990,3,390,"DNK","Denmark",15
"Denmark",1991,3,390,"DNK","Denmark",15
"Denmark",1992,3,390,"DNK","Denmark",15
"Denmark",1993,3,390,"DNK","Denmark",15
"Denmark",1994,3,390,"DNK","Denmark",15
"Denmark",1995,3,390,"DNK","Denmark",15
"Denmark",1996,3,390,"DNK","Denmark",15
"Denmark",1997,3,390,"DNK","Denmark",15
"Denmark",1998,3,390,"DNK","Denmark",15
"Denmark",1999,3,390,"DNK","Denmark",15
"Denmark",2000,3,390,"DNK","Denmark",15
"Denmark",2001,3,390,"DNK","Denmark",15
"Denmark",2002,3,390,"DNK","Denmark",15
"Denmark",2003,3,390,"DNK","Denmark",15
"Denmark",2004,3,390,"DNK","Denmark",15
"Denmark",2005,3,390,"DNK","Denmark",15
"Denmark",2006,3,390,"DNK","Denmark",15
"Denmark",2007,3,390,"DNK","Denmark",15
"Denmark",2008,3,390,"DNK","Denmark",15
"Denmark",2009,3,390,"DNK","Denmark",15
"Denmark",2010,3,390,"DNK","Denmark",15
"Denmark",2011,3,390,"DNK","Denmark",15
"Denmark",2012,3,390,"DNK","Denmark",15
"Denmark",2013,3,390,"DNK","Denmark",15
"Denmark",2014,3,390,"DNK","Denmark",15
"Denmark",2015,3,390,"DNK","Denmark",15
"Denmark",2016,3,390,"DNK","Denmark",15
"Denmark",2017,3,390,"DNK","Denmark",15
"Denmark",2018,3,390,"DNK","Denmark",15
"Denmark",2019,3,390,"DNK","Denmark",15
"Denmark",2020,3,390,"DNK","Denmark",15
"Denmark",2021,3,390,"DNK","Denmark",15
"Denmark",2022,3,390,"DNK","Denmark",15
"Denmark",2023,3,390,"DNK","Denmark",15
"Denmark",2024,3,390,"DNK","Denmark",15
"Denmark",2025,3,390,"DNK","Denmark",15
"Ecuador",1830,NA,130,"ECU","Ecuador",16
"Ecuador",1831,NA,130,"ECU","Ecuador",16
"Ecuador",1832,NA,130,"ECU","Ecuador",16
"Ecuador",1833,NA,130,"ECU","Ecuador",16
"Ecuador",1834,NA,130,"ECU","Ecuador",16
"Ecuador",1835,NA,130,"ECU","Ecuador",16
"Ecuador",1836,NA,130,"ECU","Ecuador",16
"Ecuador",1837,NA,130,"ECU","Ecuador",16
"Ecuador",1838,NA,130,"ECU","Ecuador",16
"Ecuador",1839,NA,130,"ECU","Ecuador",16
"Ecuador",1840,NA,130,"ECU","Ecuador",16
"Ecuador",1841,NA,130,"ECU","Ecuador",16
"Ecuador",1842,NA,130,"ECU","Ecuador",16
"Ecuador",1843,NA,130,"ECU","Ecuador",16
"Ecuador",1844,NA,130,"ECU","Ecuador",16
"Ecuador",1845,NA,130,"ECU","Ecuador",16
"Ecuador",1846,NA,130,"ECU","Ecuador",16
"Ecuador",1847,NA,130,"ECU","Ecuador",16
"Ecuador",1848,NA,130,"ECU","Ecuador",16
"Ecuador",1849,NA,130,"ECU","Ecuador",16
"Ecuador",1850,NA,130,"ECU","Ecuador",16
"Ecuador",1851,NA,130,"ECU","Ecuador",16
"Ecuador",1852,NA,130,"ECU","Ecuador",16
"Ecuador",1853,NA,130,"ECU","Ecuador",16
"Ecuador",1854,NA,130,"ECU","Ecuador",16
"Ecuador",1855,NA,130,"ECU","Ecuador",16
"Ecuador",1856,NA,130,"ECU","Ecuador",16
"Ecuador",1857,NA,130,"ECU","Ecuador",16
"Ecuador",1858,NA,130,"ECU","Ecuador",16
"Ecuador",1859,NA,130,"ECU","Ecuador",16
"Ecuador",1860,NA,130,"ECU","Ecuador",16
"Ecuador",1861,NA,130,"ECU","Ecuador",16
"Ecuador",1862,NA,130,"ECU","Ecuador",16
"Ecuador",1863,NA,130,"ECU","Ecuador",16
"Ecuador",1864,NA,130,"ECU","Ecuador",16
"Ecuador",1865,NA,130,"ECU","Ecuador",16
"Ecuador",1866,NA,130,"ECU","Ecuador",16
"Ecuador",1867,NA,130,"ECU","Ecuador",16
"Ecuador",1868,NA,130,"ECU","Ecuador",16
"Ecuador",1869,NA,130,"ECU","Ecuador",16
"Ecuador",1870,NA,130,"ECU","Ecuador",16
"Ecuador",1871,NA,130,"ECU","Ecuador",16
"Ecuador",1872,NA,130,"ECU","Ecuador",16
"Ecuador",1873,NA,130,"ECU","Ecuador",16
"Ecuador",1874,NA,130,"ECU","Ecuador",16
"Ecuador",1875,NA,130,"ECU","Ecuador",16
"Ecuador",1876,NA,130,"ECU","Ecuador",16
"Ecuador",1877,NA,130,"ECU","Ecuador",16
"Ecuador",1878,NA,130,"ECU","Ecuador",16
"Ecuador",1879,NA,130,"ECU","Ecuador",16
"Ecuador",1880,NA,130,"ECU","Ecuador",16
"Ecuador",1881,NA,130,"ECU","Ecuador",16
"Ecuador",1882,NA,130,"ECU","Ecuador",16
"Ecuador",1883,NA,130,"ECU","Ecuador",16
"Ecuador",1884,NA,130,"ECU","Ecuador",16
"Ecuador",1885,NA,130,"ECU","Ecuador",16
"Ecuador",1886,NA,130,"ECU","Ecuador",16
"Ecuador",1887,NA,130,"ECU","Ecuador",16
"Ecuador",1888,NA,130,"ECU","Ecuador",16
"Ecuador",1889,NA,130,"ECU","Ecuador",16
"Ecuador",1890,NA,130,"ECU","Ecuador",16
"Ecuador",1891,NA,130,"ECU","Ecuador",16
"Ecuador",1892,NA,130,"ECU","Ecuador",16
"Ecuador",1893,NA,130,"ECU","Ecuador",16
"Ecuador",1894,NA,130,"ECU","Ecuador",16
"Ecuador",1895,NA,130,"ECU","Ecuador",16
"Ecuador",1896,NA,130,"ECU","Ecuador",16
"Ecuador",1897,NA,130,"ECU","Ecuador",16
"Ecuador",1898,NA,130,"ECU","Ecuador",16
"Ecuador",1899,NA,130,"ECU","Ecuador",16
"Ecuador",1900,0,130,"ECU","Ecuador",16
"Ecuador",1901,1,130,"ECU","Ecuador",16
"Ecuador",1902,1,130,"ECU","Ecuador",16
"Ecuador",1903,1,130,"ECU","Ecuador",16
"Ecuador",1904,1,130,"ECU","Ecuador",16
"Ecuador",1905,1,130,"ECU","Ecuador",16
"Ecuador",1906,1,130,"ECU","Ecuador",16
"Ecuador",1907,0,130,"ECU","Ecuador",16
"Ecuador",1908,0,130,"ECU","Ecuador",16
"Ecuador",1909,0,130,"ECU","Ecuador",16
"Ecuador",1910,0,130,"ECU","Ecuador",16
"Ecuador",1911,1,130,"ECU","Ecuador",16
"Ecuador",1912,1,130,"ECU","Ecuador",16
"Ecuador",1913,1,130,"ECU","Ecuador",16
"Ecuador",1914,1,130,"ECU","Ecuador",16
"Ecuador",1915,1,130,"ECU","Ecuador",16
"Ecuador",1916,1,130,"ECU","Ecuador",16
"Ecuador",1917,1,130,"ECU","Ecuador",16
"Ecuador",1918,1,130,"ECU","Ecuador",16
"Ecuador",1919,1,130,"ECU","Ecuador",16
"Ecuador",1920,1,130,"ECU","Ecuador",16
"Ecuador",1921,1,130,"ECU","Ecuador",16
"Ecuador",1922,1,130,"ECU","Ecuador",16
"Ecuador",1923,1,130,"ECU","Ecuador",16
"Ecuador",1924,1,130,"ECU","Ecuador",16
"Ecuador",1925,1,130,"ECU","Ecuador",16
"Ecuador",1926,1,130,"ECU","Ecuador",16
"Ecuador",1927,1,130,"ECU","Ecuador",16
"Ecuador",1928,1,130,"ECU","Ecuador",16
"Ecuador",1929,1,130,"ECU","Ecuador",16
"Ecuador",1930,1,130,"ECU","Ecuador",16
"Ecuador",1931,1,130,"ECU","Ecuador",16
"Ecuador",1932,1,130,"ECU","Ecuador",16
"Ecuador",1933,1,130,"ECU","Ecuador",16
"Ecuador",1934,1,130,"ECU","Ecuador",16
"Ecuador",1935,1,130,"ECU","Ecuador",16
"Ecuador",1936,0,130,"ECU","Ecuador",16
"Ecuador",1937,0,130,"ECU","Ecuador",16
"Ecuador",1938,1,130,"ECU","Ecuador",16
"Ecuador",1939,1,130,"ECU","Ecuador",16
"Ecuador",1940,1,130,"ECU","Ecuador",16
"Ecuador",1941,1,130,"ECU","Ecuador",16
"Ecuador",1942,1,130,"ECU","Ecuador",16
"Ecuador",1943,1,130,"ECU","Ecuador",16
"Ecuador",1944,1,130,"ECU","Ecuador",16
"Ecuador",1945,0,130,"ECU","Ecuador",16
"Ecuador",1946,0,130,"ECU","Ecuador",16
"Ecuador",1947,1,130,"ECU","Ecuador",16
"Ecuador",1948,1,130,"ECU","Ecuador",16
"Ecuador",1949,1,130,"ECU","Ecuador",16
"Ecuador",1950,1,130,"ECU","Ecuador",16
"Ecuador",1951,1,130,"ECU","Ecuador",16
"Ecuador",1952,1,130,"ECU","Ecuador",16
"Ecuador",1953,1,130,"ECU","Ecuador",16
"Ecuador",1954,1,130,"ECU","Ecuador",16
"Ecuador",1955,1,130,"ECU","Ecuador",16
"Ecuador",1956,1,130,"ECU","Ecuador",16
"Ecuador",1957,1,130,"ECU","Ecuador",16
"Ecuador",1958,1,130,"ECU","Ecuador",16
"Ecuador",1959,1,130,"ECU","Ecuador",16
"Ecuador",1960,1,130,"ECU","Ecuador",16
"Ecuador",1961,1,130,"ECU","Ecuador",16
"Ecuador",1962,1,130,"ECU","Ecuador",16
"Ecuador",1963,1,130,"ECU","Ecuador",16
"Ecuador",1964,0,130,"ECU","Ecuador",16
"Ecuador",1965,0,130,"ECU","Ecuador",16
"Ecuador",1966,0,130,"ECU","Ecuador",16
"Ecuador",1967,0,130,"ECU","Ecuador",16
"Ecuador",1968,1,130,"ECU","Ecuador",16
"Ecuador",1969,1,130,"ECU","Ecuador",16
"Ecuador",1970,1,130,"ECU","Ecuador",16
"Ecuador",1971,1,130,"ECU","Ecuador",16
"Ecuador",1972,0,130,"ECU","Ecuador",16
"Ecuador",1973,0,130,"ECU","Ecuador",16
"Ecuador",1974,0,130,"ECU","Ecuador",16
"Ecuador",1975,0,130,"ECU","Ecuador",16
"Ecuador",1976,0,130,"ECU","Ecuador",16
"Ecuador",1977,0,130,"ECU","Ecuador",16
"Ecuador",1978,0,130,"ECU","Ecuador",16
"Ecuador",1979,1,130,"ECU","Ecuador",16
"Ecuador",1980,2,130,"ECU","Ecuador",16
"Ecuador",1981,2,130,"ECU","Ecuador",16
"Ecuador",1982,2,130,"ECU","Ecuador",16
"Ecuador",1983,2,130,"ECU","Ecuador",16
"Ecuador",1984,2,130,"ECU","Ecuador",16
"Ecuador",1985,2,130,"ECU","Ecuador",16
"Ecuador",1986,2,130,"ECU","Ecuador",16
"Ecuador",1987,2,130,"ECU","Ecuador",16
"Ecuador",1988,2,130,"ECU","Ecuador",16
"Ecuador",1989,2,130,"ECU","Ecuador",16
"Ecuador",1990,2,130,"ECU","Ecuador",16
"Ecuador",1991,2,130,"ECU","Ecuador",16
"Ecuador",1992,2,130,"ECU","Ecuador",16
"Ecuador",1993,2,130,"ECU","Ecuador",16
"Ecuador",1994,2,130,"ECU","Ecuador",16
"Ecuador",1995,2,130,"ECU","Ecuador",16
"Ecuador",1996,2,130,"ECU","Ecuador",16
"Ecuador",1997,2,130,"ECU","Ecuador",16
"Ecuador",1998,2,130,"ECU","Ecuador",16
"Ecuador",1999,2,130,"ECU","Ecuador",16
"Ecuador",2000,2,130,"ECU","Ecuador",16
"Ecuador",2001,2,130,"ECU","Ecuador",16
"Ecuador",2002,2,130,"ECU","Ecuador",16
"Ecuador",2003,2,130,"ECU","Ecuador",16
"Ecuador",2004,2,130,"ECU","Ecuador",16
"Ecuador",2005,2,130,"ECU","Ecuador",16
"Ecuador",2006,2,130,"ECU","Ecuador",16
"Ecuador",2007,2,130,"ECU","Ecuador",16
"Ecuador",2008,2,130,"ECU","Ecuador",16
"Ecuador",2009,2,130,"ECU","Ecuador",16
"Ecuador",2010,2,130,"ECU","Ecuador",16
"Ecuador",2011,2,130,"ECU","Ecuador",16
"Ecuador",2012,2,130,"ECU","Ecuador",16
"Ecuador",2013,2,130,"ECU","Ecuador",16
"Ecuador",2014,2,130,"ECU","Ecuador",16
"Ecuador",2015,2,130,"ECU","Ecuador",16
"Ecuador",2016,2,130,"ECU","Ecuador",16
"Ecuador",2017,2,130,"ECU","Ecuador",16
"Ecuador",2018,2,130,"ECU","Ecuador",16
"Ecuador",2019,2,130,"ECU","Ecuador",16
"Ecuador",2020,2,130,"ECU","Ecuador",16
"Ecuador",2021,2,130,"ECU","Ecuador",16
"Ecuador",2022,2,130,"ECU","Ecuador",16
"Ecuador",2023,2,130,"ECU","Ecuador",16
"Ecuador",2024,2,130,"ECU","Ecuador",16
"Ecuador",2025,2,130,"ECU","Ecuador",16
"Egypt",1789,NA,651,"EGY","Egypt",17
"Egypt",1790,NA,651,"EGY","Egypt",17
"Egypt",1791,NA,651,"EGY","Egypt",17
"Egypt",1792,NA,651,"EGY","Egypt",17
"Egypt",1793,NA,651,"EGY","Egypt",17
"Egypt",1794,NA,651,"EGY","Egypt",17
"Egypt",1795,NA,651,"EGY","Egypt",17
"Egypt",1796,NA,651,"EGY","Egypt",17
"Egypt",1797,NA,651,"EGY","Egypt",17
"Egypt",1798,NA,651,"EGY","Egypt",17
"Egypt",1799,NA,651,"EGY","Egypt",17
"Egypt",1800,NA,651,"EGY","Egypt",17
"Egypt",1801,NA,651,"EGY","Egypt",17
"Egypt",1802,NA,651,"EGY","Egypt",17
"Egypt",1803,NA,651,"EGY","Egypt",17
"Egypt",1804,NA,651,"EGY","Egypt",17
"Egypt",1805,NA,651,"EGY","Egypt",17
"Egypt",1806,NA,651,"EGY","Egypt",17
"Egypt",1807,NA,651,"EGY","Egypt",17
"Egypt",1808,NA,651,"EGY","Egypt",17
"Egypt",1809,NA,651,"EGY","Egypt",17
"Egypt",1810,NA,651,"EGY","Egypt",17
"Egypt",1811,NA,651,"EGY","Egypt",17
"Egypt",1812,NA,651,"EGY","Egypt",17
"Egypt",1813,NA,651,"EGY","Egypt",17
"Egypt",1814,NA,651,"EGY","Egypt",17
"Egypt",1815,NA,651,"EGY","Egypt",17
"Egypt",1816,NA,651,"EGY","Egypt",17
"Egypt",1817,NA,651,"EGY","Egypt",17
"Egypt",1818,NA,651,"EGY","Egypt",17
"Egypt",1819,NA,651,"EGY","Egypt",17
"Egypt",1820,NA,651,"EGY","Egypt",17
"Egypt",1821,NA,651,"EGY","Egypt",17
"Egypt",1822,NA,651,"EGY","Egypt",17
"Egypt",1823,NA,651,"EGY","Egypt",17
"Egypt",1824,NA,651,"EGY","Egypt",17
"Egypt",1825,NA,651,"EGY","Egypt",17
"Egypt",1826,NA,651,"EGY","Egypt",17
"Egypt",1827,NA,651,"EGY","Egypt",17
"Egypt",1828,NA,651,"EGY","Egypt",17
"Egypt",1829,NA,651,"EGY","Egypt",17
"Egypt",1830,NA,651,"EGY","Egypt",17
"Egypt",1831,NA,651,"EGY","Egypt",17
"Egypt",1832,NA,651,"EGY","Egypt",17
"Egypt",1833,NA,651,"EGY","Egypt",17
"Egypt",1834,NA,651,"EGY","Egypt",17
"Egypt",1835,NA,651,"EGY","Egypt",17
"Egypt",1836,NA,651,"EGY","Egypt",17
"Egypt",1837,NA,651,"EGY","Egypt",17
"Egypt",1838,NA,651,"EGY","Egypt",17
"Egypt",1839,NA,651,"EGY","Egypt",17
"Egypt",1840,NA,651,"EGY","Egypt",17
"Egypt",1841,NA,651,"EGY","Egypt",17
"Egypt",1842,NA,651,"EGY","Egypt",17
"Egypt",1843,NA,651,"EGY","Egypt",17
"Egypt",1844,NA,651,"EGY","Egypt",17
"Egypt",1845,NA,651,"EGY","Egypt",17
"Egypt",1846,NA,651,"EGY","Egypt",17
"Egypt",1847,NA,651,"EGY","Egypt",17
"Egypt",1848,NA,651,"EGY","Egypt",17
"Egypt",1849,NA,651,"EGY","Egypt",17
"Egypt",1850,NA,651,"EGY","Egypt",17
"Egypt",1851,NA,651,"EGY","Egypt",17
"Egypt",1852,NA,651,"EGY","Egypt",17
"Egypt",1853,NA,651,"EGY","Egypt",17
"Egypt",1854,NA,651,"EGY","Egypt",17
"Egypt",1855,NA,651,"EGY","Egypt",17
"Egypt",1856,NA,651,"EGY","Egypt",17
"Egypt",1857,NA,651,"EGY","Egypt",17
"Egypt",1858,NA,651,"EGY","Egypt",17
"Egypt",1859,NA,651,"EGY","Egypt",17
"Egypt",1860,NA,651,"EGY","Egypt",17
"Egypt",1861,NA,651,"EGY","Egypt",17
"Egypt",1862,NA,651,"EGY","Egypt",17
"Egypt",1863,NA,651,"EGY","Egypt",17
"Egypt",1864,NA,651,"EGY","Egypt",17
"Egypt",1865,NA,651,"EGY","Egypt",17
"Egypt",1866,NA,651,"EGY","Egypt",17
"Egypt",1867,NA,651,"EGY","Egypt",17
"Egypt",1868,NA,651,"EGY","Egypt",17
"Egypt",1869,NA,651,"EGY","Egypt",17
"Egypt",1870,NA,651,"EGY","Egypt",17
"Egypt",1871,NA,651,"EGY","Egypt",17
"Egypt",1872,NA,651,"EGY","Egypt",17
"Egypt",1873,NA,651,"EGY","Egypt",17
"Egypt",1874,NA,651,"EGY","Egypt",17
"Egypt",1875,NA,651,"EGY","Egypt",17
"Egypt",1876,NA,651,"EGY","Egypt",17
"Egypt",1877,NA,651,"EGY","Egypt",17
"Egypt",1878,NA,651,"EGY","Egypt",17
"Egypt",1879,NA,651,"EGY","Egypt",17
"Egypt",1880,NA,651,"EGY","Egypt",17
"Egypt",1881,NA,651,"EGY","Egypt",17
"Egypt",1882,NA,651,"EGY","Egypt",17
"Egypt",1883,NA,651,"EGY","Egypt",17
"Egypt",1884,NA,651,"EGY","Egypt",17
"Egypt",1885,NA,651,"EGY","Egypt",17
"Egypt",1886,NA,651,"EGY","Egypt",17
"Egypt",1887,NA,651,"EGY","Egypt",17
"Egypt",1888,NA,651,"EGY","Egypt",17
"Egypt",1889,NA,651,"EGY","Egypt",17
"Egypt",1890,NA,651,"EGY","Egypt",17
"Egypt",1891,NA,651,"EGY","Egypt",17
"Egypt",1892,NA,651,"EGY","Egypt",17
"Egypt",1893,NA,651,"EGY","Egypt",17
"Egypt",1894,NA,651,"EGY","Egypt",17
"Egypt",1895,NA,651,"EGY","Egypt",17
"Egypt",1896,NA,651,"EGY","Egypt",17
"Egypt",1897,NA,651,"EGY","Egypt",17
"Egypt",1898,NA,651,"EGY","Egypt",17
"Egypt",1899,NA,651,"EGY","Egypt",17
"Egypt",1900,0,651,"EGY","Egypt",17
"Egypt",1901,0,651,"EGY","Egypt",17
"Egypt",1902,0,651,"EGY","Egypt",17
"Egypt",1903,0,651,"EGY","Egypt",17
"Egypt",1904,0,651,"EGY","Egypt",17
"Egypt",1905,0,651,"EGY","Egypt",17
"Egypt",1906,0,651,"EGY","Egypt",17
"Egypt",1907,0,651,"EGY","Egypt",17
"Egypt",1908,0,651,"EGY","Egypt",17
"Egypt",1909,0,651,"EGY","Egypt",17
"Egypt",1910,0,651,"EGY","Egypt",17
"Egypt",1911,0,651,"EGY","Egypt",17
"Egypt",1912,0,651,"EGY","Egypt",17
"Egypt",1913,0,651,"EGY","Egypt",17
"Egypt",1914,0,651,"EGY","Egypt",17
"Egypt",1915,0,651,"EGY","Egypt",17
"Egypt",1916,0,651,"EGY","Egypt",17
"Egypt",1917,0,651,"EGY","Egypt",17
"Egypt",1918,0,651,"EGY","Egypt",17
"Egypt",1919,0,651,"EGY","Egypt",17
"Egypt",1920,0,651,"EGY","Egypt",17
"Egypt",1921,0,651,"EGY","Egypt",17
"Egypt",1922,0,651,"EGY","Egypt",17
"Egypt",1923,0,651,"EGY","Egypt",17
"Egypt",1924,0,651,"EGY","Egypt",17
"Egypt",1925,0,651,"EGY","Egypt",17
"Egypt",1926,0,651,"EGY","Egypt",17
"Egypt",1927,0,651,"EGY","Egypt",17
"Egypt",1928,0,651,"EGY","Egypt",17
"Egypt",1929,0,651,"EGY","Egypt",17
"Egypt",1930,0,651,"EGY","Egypt",17
"Egypt",1931,0,651,"EGY","Egypt",17
"Egypt",1932,0,651,"EGY","Egypt",17
"Egypt",1933,0,651,"EGY","Egypt",17
"Egypt",1934,0,651,"EGY","Egypt",17
"Egypt",1935,0,651,"EGY","Egypt",17
"Egypt",1936,0,651,"EGY","Egypt",17
"Egypt",1937,0,651,"EGY","Egypt",17
"Egypt",1938,0,651,"EGY","Egypt",17
"Egypt",1939,0,651,"EGY","Egypt",17
"Egypt",1940,0,651,"EGY","Egypt",17
"Egypt",1941,0,651,"EGY","Egypt",17
"Egypt",1942,0,651,"EGY","Egypt",17
"Egypt",1943,0,651,"EGY","Egypt",17
"Egypt",1944,0,651,"EGY","Egypt",17
"Egypt",1945,1,651,"EGY","Egypt",17
"Egypt",1946,1,651,"EGY","Egypt",17
"Egypt",1947,1,651,"EGY","Egypt",17
"Egypt",1948,1,651,"EGY","Egypt",17
"Egypt",1949,1,651,"EGY","Egypt",17
"Egypt",1950,1,651,"EGY","Egypt",17
"Egypt",1951,1,651,"EGY","Egypt",17
"Egypt",1952,1,651,"EGY","Egypt",17
"Egypt",1953,0,651,"EGY","Egypt",17
"Egypt",1954,0,651,"EGY","Egypt",17
"Egypt",1955,0,651,"EGY","Egypt",17
"Egypt",1956,0,651,"EGY","Egypt",17
"Egypt",1957,0,651,"EGY","Egypt",17
"Egypt",1958,0,651,"EGY","Egypt",17
"Egypt",1959,0,651,"EGY","Egypt",17
"Egypt",1960,0,651,"EGY","Egypt",17
"Egypt",1961,0,651,"EGY","Egypt",17
"Egypt",1962,0,651,"EGY","Egypt",17
"Egypt",1963,0,651,"EGY","Egypt",17
"Egypt",1964,0,651,"EGY","Egypt",17
"Egypt",1965,0,651,"EGY","Egypt",17
"Egypt",1966,0,651,"EGY","Egypt",17
"Egypt",1967,0,651,"EGY","Egypt",17
"Egypt",1968,0,651,"EGY","Egypt",17
"Egypt",1969,0,651,"EGY","Egypt",17
"Egypt",1970,0,651,"EGY","Egypt",17
"Egypt",1971,0,651,"EGY","Egypt",17
"Egypt",1972,0,651,"EGY","Egypt",17
"Egypt",1973,0,651,"EGY","Egypt",17
"Egypt",1974,0,651,"EGY","Egypt",17
"Egypt",1975,0,651,"EGY","Egypt",17
"Egypt",1976,1,651,"EGY","Egypt",17
"Egypt",1977,1,651,"EGY","Egypt",17
"Egypt",1978,1,651,"EGY","Egypt",17
"Egypt",1979,1,651,"EGY","Egypt",17
"Egypt",1980,1,651,"EGY","Egypt",17
"Egypt",1981,1,651,"EGY","Egypt",17
"Egypt",1982,1,651,"EGY","Egypt",17
"Egypt",1983,1,651,"EGY","Egypt",17
"Egypt",1984,1,651,"EGY","Egypt",17
"Egypt",1985,1,651,"EGY","Egypt",17
"Egypt",1986,1,651,"EGY","Egypt",17
"Egypt",1987,1,651,"EGY","Egypt",17
"Egypt",1988,1,651,"EGY","Egypt",17
"Egypt",1989,1,651,"EGY","Egypt",17
"Egypt",1990,1,651,"EGY","Egypt",17
"Egypt",1991,1,651,"EGY","Egypt",17
"Egypt",1992,1,651,"EGY","Egypt",17
"Egypt",1993,1,651,"EGY","Egypt",17
"Egypt",1994,1,651,"EGY","Egypt",17
"Egypt",1995,1,651,"EGY","Egypt",17
"Egypt",1996,1,651,"EGY","Egypt",17
"Egypt",1997,1,651,"EGY","Egypt",17
"Egypt",1998,1,651,"EGY","Egypt",17
"Egypt",1999,1,651,"EGY","Egypt",17
"Egypt",2000,1,651,"EGY","Egypt",17
"Egypt",2001,1,651,"EGY","Egypt",17
"Egypt",2002,1,651,"EGY","Egypt",17
"Egypt",2003,1,651,"EGY","Egypt",17
"Egypt",2004,1,651,"EGY","Egypt",17
"Egypt",2005,1,651,"EGY","Egypt",17
"Egypt",2006,1,651,"EGY","Egypt",17
"Egypt",2007,1,651,"EGY","Egypt",17
"Egypt",2008,1,651,"EGY","Egypt",17
"Egypt",2009,1,651,"EGY","Egypt",17
"Egypt",2010,1,651,"EGY","Egypt",17
"Egypt",2011,1,651,"EGY","Egypt",17
"Egypt",2012,1,651,"EGY","Egypt",17
"Egypt",2013,0,651,"EGY","Egypt",17
"Egypt",2014,1,651,"EGY","Egypt",17
"Egypt",2015,1,651,"EGY","Egypt",17
"Egypt",2016,1,651,"EGY","Egypt",17
"Egypt",2017,1,651,"EGY","Egypt",17
"Egypt",2018,1,651,"EGY","Egypt",17
"Egypt",2019,1,651,"EGY","Egypt",17
"Egypt",2020,1,651,"EGY","Egypt",17
"Egypt",2021,1,651,"EGY","Egypt",17
"Egypt",2022,1,651,"EGY","Egypt",17
"Egypt",2023,1,651,"EGY","Egypt",17
"Egypt",2024,1,651,"EGY","Egypt",17
"Egypt",2025,1,651,"EGY","Egypt",17
"Estonia",1918,0,366,"EST","Estonia",18
"Estonia",1919,1,366,"EST","Estonia",18
"Estonia",1920,2,366,"EST","Estonia",18
"Estonia",1921,2,366,"EST","Estonia",18
"Estonia",1922,2,366,"EST","Estonia",18
"Estonia",1923,2,366,"EST","Estonia",18
"Estonia",1924,2,366,"EST","Estonia",18
"Estonia",1925,2,366,"EST","Estonia",18
"Estonia",1926,2,366,"EST","Estonia",18
"Estonia",1927,2,366,"EST","Estonia",18
"Estonia",1928,2,366,"EST","Estonia",18
"Estonia",1929,2,366,"EST","Estonia",18
"Estonia",1930,2,366,"EST","Estonia",18
"Estonia",1931,2,366,"EST","Estonia",18
"Estonia",1932,2,366,"EST","Estonia",18
"Estonia",1933,2,366,"EST","Estonia",18
"Estonia",1934,1,366,"EST","Estonia",18
"Estonia",1935,0,366,"EST","Estonia",18
"Estonia",1936,0,366,"EST","Estonia",18
"Estonia",1937,0,366,"EST","Estonia",18
"Estonia",1938,0,366,"EST","Estonia",18
"Estonia",1939,0,366,"EST","Estonia",18
"Estonia",1990,2,366,"EST","Estonia",18
"Estonia",1991,2,366,"EST","Estonia",18
"Estonia",1992,1,366,"EST","Estonia",18
"Estonia",1993,2,366,"EST","Estonia",18
"Estonia",1994,2,366,"EST","Estonia",18
"Estonia",1995,2,366,"EST","Estonia",18
"Estonia",1996,3,366,"EST","Estonia",18
"Estonia",1997,3,366,"EST","Estonia",18
"Estonia",1998,3,366,"EST","Estonia",18
"Estonia",1999,3,366,"EST","Estonia",18
"Estonia",2000,3,366,"EST","Estonia",18
"Estonia",2001,3,366,"EST","Estonia",18
"Estonia",2002,3,366,"EST","Estonia",18
"Estonia",2003,3,366,"EST","Estonia",18
"Estonia",2004,3,366,"EST","Estonia",18
"Estonia",2005,3,366,"EST","Estonia",18
"Estonia",2006,3,366,"EST","Estonia",18
"Estonia",2007,3,366,"EST","Estonia",18
"Estonia",2008,3,366,"EST","Estonia",18
"Estonia",2009,3,366,"EST","Estonia",18
"Estonia",2010,3,366,"EST","Estonia",18
"Estonia",2011,3,366,"EST","Estonia",18
"Estonia",2012,3,366,"EST","Estonia",18
"Estonia",2013,3,366,"EST","Estonia",18
"Estonia",2014,3,366,"EST","Estonia",18
"Estonia",2015,3,366,"EST","Estonia",18
"Estonia",2016,3,366,"EST","Estonia",18
"Estonia",2017,3,366,"EST","Estonia",18
"Estonia",2018,3,366,"EST","Estonia",18
"Estonia",2019,3,366,"EST","Estonia",18
"Estonia",2020,3,366,"EST","Estonia",18
"Estonia",2021,3,366,"EST","Estonia",18
"Estonia",2022,3,366,"EST","Estonia",18
"Estonia",2023,3,366,"EST","Estonia",18
"Estonia",2024,3,366,"EST","Estonia",18
"Estonia",2025,3,366,"EST","Estonia",18
"Finland",1809,NA,375,"FIN","Finland",19
"Finland",1810,NA,375,"FIN","Finland",19
"Finland",1811,NA,375,"FIN","Finland",19
"Finland",1812,NA,375,"FIN","Finland",19
"Finland",1813,NA,375,"FIN","Finland",19
"Finland",1814,NA,375,"FIN","Finland",19
"Finland",1815,NA,375,"FIN","Finland",19
"Finland",1816,NA,375,"FIN","Finland",19
"Finland",1817,NA,375,"FIN","Finland",19
"Finland",1818,NA,375,"FIN","Finland",19
"Finland",1819,NA,375,"FIN","Finland",19
"Finland",1820,NA,375,"FIN","Finland",19
"Finland",1821,NA,375,"FIN","Finland",19
"Finland",1822,NA,375,"FIN","Finland",19
"Finland",1823,NA,375,"FIN","Finland",19
"Finland",1824,NA,375,"FIN","Finland",19
"Finland",1825,NA,375,"FIN","Finland",19
"Finland",1826,NA,375,"FIN","Finland",19
"Finland",1827,NA,375,"FIN","Finland",19
"Finland",1828,NA,375,"FIN","Finland",19
"Finland",1829,NA,375,"FIN","Finland",19
"Finland",1830,NA,375,"FIN","Finland",19
"Finland",1831,NA,375,"FIN","Finland",19
"Finland",1832,NA,375,"FIN","Finland",19
"Finland",1833,NA,375,"FIN","Finland",19
"Finland",1834,NA,375,"FIN","Finland",19
"Finland",1835,NA,375,"FIN","Finland",19
"Finland",1836,NA,375,"FIN","Finland",19
"Finland",1837,NA,375,"FIN","Finland",19
"Finland",1838,NA,375,"FIN","Finland",19
"Finland",1839,NA,375,"FIN","Finland",19
"Finland",1840,NA,375,"FIN","Finland",19
"Finland",1841,NA,375,"FIN","Finland",19
"Finland",1842,NA,375,"FIN","Finland",19
"Finland",1843,NA,375,"FIN","Finland",19
"Finland",1844,NA,375,"FIN","Finland",19
"Finland",1845,NA,375,"FIN","Finland",19
"Finland",1846,NA,375,"FIN","Finland",19
"Finland",1847,NA,375,"FIN","Finland",19
"Finland",1848,NA,375,"FIN","Finland",19
"Finland",1849,NA,375,"FIN","Finland",19
"Finland",1850,NA,375,"FIN","Finland",19
"Finland",1851,NA,375,"FIN","Finland",19
"Finland",1852,NA,375,"FIN","Finland",19
"Finland",1853,NA,375,"FIN","Finland",19
"Finland",1854,NA,375,"FIN","Finland",19
"Finland",1855,NA,375,"FIN","Finland",19
"Finland",1856,NA,375,"FIN","Finland",19
"Finland",1857,NA,375,"FIN","Finland",19
"Finland",1858,NA,375,"FIN","Finland",19
"Finland",1859,NA,375,"FIN","Finland",19
"Finland",1860,NA,375,"FIN","Finland",19
"Finland",1861,NA,375,"FIN","Finland",19
"Finland",1862,NA,375,"FIN","Finland",19
"Finland",1863,NA,375,"FIN","Finland",19
"Finland",1864,NA,375,"FIN","Finland",19
"Finland",1865,NA,375,"FIN","Finland",19
"Finland",1866,NA,375,"FIN","Finland",19
"Finland",1867,NA,375,"FIN","Finland",19
"Finland",1868,NA,375,"FIN","Finland",19
"Finland",1869,NA,375,"FIN","Finland",19
"Finland",1870,NA,375,"FIN","Finland",19
"Finland",1871,NA,375,"FIN","Finland",19
"Finland",1872,NA,375,"FIN","Finland",19
"Finland",1873,NA,375,"FIN","Finland",19
"Finland",1874,NA,375,"FIN","Finland",19
"Finland",1875,NA,375,"FIN","Finland",19
"Finland",1876,NA,375,"FIN","Finland",19
"Finland",1877,NA,375,"FIN","Finland",19
"Finland",1878,NA,375,"FIN","Finland",19
"Finland",1879,NA,375,"FIN","Finland",19
"Finland",1880,NA,375,"FIN","Finland",19
"Finland",1881,NA,375,"FIN","Finland",19
"Finland",1882,NA,375,"FIN","Finland",19
"Finland",1883,NA,375,"FIN","Finland",19
"Finland",1884,NA,375,"FIN","Finland",19
"Finland",1885,NA,375,"FIN","Finland",19
"Finland",1886,NA,375,"FIN","Finland",19
"Finland",1887,NA,375,"FIN","Finland",19
"Finland",1888,NA,375,"FIN","Finland",19
"Finland",1889,NA,375,"FIN","Finland",19
"Finland",1890,NA,375,"FIN","Finland",19
"Finland",1891,NA,375,"FIN","Finland",19
"Finland",1892,NA,375,"FIN","Finland",19
"Finland",1893,NA,375,"FIN","Finland",19
"Finland",1894,NA,375,"FIN","Finland",19
"Finland",1895,NA,375,"FIN","Finland",19
"Finland",1896,NA,375,"FIN","Finland",19
"Finland",1897,NA,375,"FIN","Finland",19
"Finland",1898,NA,375,"FIN","Finland",19
"Finland",1899,NA,375,"FIN","Finland",19
"Finland",1900,0,375,"FIN","Finland",19
"Finland",1901,0,375,"FIN","Finland",19
"Finland",1902,0,375,"FIN","Finland",19
"Finland",1903,0,375,"FIN","Finland",19
"Finland",1904,0,375,"FIN","Finland",19
"Finland",1905,0,375,"FIN","Finland",19
"Finland",1906,0,375,"FIN","Finland",19
"Finland",1907,0,375,"FIN","Finland",19
"Finland",1908,0,375,"FIN","Finland",19
"Finland",1909,0,375,"FIN","Finland",19
"Finland",1910,0,375,"FIN","Finland",19
"Finland",1911,0,375,"FIN","Finland",19
"Finland",1912,0,375,"FIN","Finland",19
"Finland",1913,0,375,"FIN","Finland",19
"Finland",1914,0,375,"FIN","Finland",19
"Finland",1915,0,375,"FIN","Finland",19
"Finland",1916,0,375,"FIN","Finland",19
"Finland",1917,1,375,"FIN","Finland",19
"Finland",1918,2,375,"FIN","Finland",19
"Finland",1919,2,375,"FIN","Finland",19
"Finland",1920,2,375,"FIN","Finland",19
"Finland",1921,2,375,"FIN","Finland",19
"Finland",1922,2,375,"FIN","Finland",19
"Finland",1923,2,375,"FIN","Finland",19
"Finland",1924,2,375,"FIN","Finland",19
"Finland",1925,2,375,"FIN","Finland",19
"Finland",1926,2,375,"FIN","Finland",19
"Finland",1927,2,375,"FIN","Finland",19
"Finland",1928,2,375,"FIN","Finland",19
"Finland",1929,2,375,"FIN","Finland",19
"Finland",1930,2,375,"FIN","Finland",19
"Finland",1931,2,375,"FIN","Finland",19
"Finland",1932,2,375,"FIN","Finland",19
"Finland",1933,2,375,"FIN","Finland",19
"Finland",1934,2,375,"FIN","Finland",19
"Finland",1935,2,375,"FIN","Finland",19
"Finland",1936,2,375,"FIN","Finland",19
"Finland",1937,2,375,"FIN","Finland",19
"Finland",1938,2,375,"FIN","Finland",19
"Finland",1939,2,375,"FIN","Finland",19
"Finland",1940,2,375,"FIN","Finland",19
"Finland",1941,2,375,"FIN","Finland",19
"Finland",1942,1,375,"FIN","Finland",19
"Finland",1943,1,375,"FIN","Finland",19
"Finland",1944,1,375,"FIN","Finland",19
"Finland",1945,2,375,"FIN","Finland",19
"Finland",1946,2,375,"FIN","Finland",19
"Finland",1947,2,375,"FIN","Finland",19
"Finland",1948,2,375,"FIN","Finland",19
"Finland",1949,3,375,"FIN","Finland",19
"Finland",1950,3,375,"FIN","Finland",19
"Finland",1951,3,375,"FIN","Finland",19
"Finland",1952,3,375,"FIN","Finland",19
"Finland",1953,3,375,"FIN","Finland",19
"Finland",1954,3,375,"FIN","Finland",19
"Finland",1955,3,375,"FIN","Finland",19
"Finland",1956,3,375,"FIN","Finland",19
"Finland",1957,3,375,"FIN","Finland",19
"Finland",1958,3,375,"FIN","Finland",19
"Finland",1959,3,375,"FIN","Finland",19
"Finland",1960,3,375,"FIN","Finland",19
"Finland",1961,3,375,"FIN","Finland",19
"Finland",1962,3,375,"FIN","Finland",19
"Finland",1963,3,375,"FIN","Finland",19
"Finland",1964,3,375,"FIN","Finland",19
"Finland",1965,3,375,"FIN","Finland",19
"Finland",1966,3,375,"FIN","Finland",19
"Finland",1967,3,375,"FIN","Finland",19
"Finland",1968,3,375,"FIN","Finland",19
"Finland",1969,3,375,"FIN","Finland",19
"Finland",1970,3,375,"FIN","Finland",19
"Finland",1971,3,375,"FIN","Finland",19
"Finland",1972,3,375,"FIN","Finland",19
"Finland",1973,3,375,"FIN","Finland",19
"Finland",1974,3,375,"FIN","Finland",19
"Finland",1975,3,375,"FIN","Finland",19
"Finland",1976,3,375,"FIN","Finland",19
"Finland",1977,3,375,"FIN","Finland",19
"Finland",1978,3,375,"FIN","Finland",19
"Finland",1979,3,375,"FIN","Finland",19
"Finland",1980,3,375,"FIN","Finland",19
"Finland",1981,3,375,"FIN","Finland",19
"Finland",1982,3,375,"FIN","Finland",19
"Finland",1983,3,375,"FIN","Finland",19
"Finland",1984,3,375,"FIN","Finland",19
"Finland",1985,3,375,"FIN","Finland",19
"Finland",1986,3,375,"FIN","Finland",19
"Finland",1987,3,375,"FIN","Finland",19
"Finland",1988,3,375,"FIN","Finland",19
"Finland",1989,3,375,"FIN","Finland",19
"Finland",1990,3,375,"FIN","Finland",19
"Finland",1991,3,375,"FIN","Finland",19
"Finland",1992,3,375,"FIN","Finland",19
"Finland",1993,3,375,"FIN","Finland",19
"Finland",1994,3,375,"FIN","Finland",19
"Finland",1995,3,375,"FIN","Finland",19
"Finland",1996,3,375,"FIN","Finland",19
"Finland",1997,3,375,"FIN","Finland",19
"Finland",1998,3,375,"FIN","Finland",19
"Finland",1999,3,375,"FIN","Finland",19
"Finland",2000,3,375,"FIN","Finland",19
"Finland",2001,3,375,"FIN","Finland",19
"Finland",2002,3,375,"FIN","Finland",19
"Finland",2003,3,375,"FIN","Finland",19
"Finland",2004,3,375,"FIN","Finland",19
"Finland",2005,3,375,"FIN","Finland",19
"Finland",2006,3,375,"FIN","Finland",19
"Finland",2007,3,375,"FIN","Finland",19
"Finland",2008,3,375,"FIN","Finland",19
"Finland",2009,3,375,"FIN","Finland",19
"Finland",2010,3,375,"FIN","Finland",19
"Finland",2011,3,375,"FIN","Finland",19
"Finland",2012,3,375,"FIN","Finland",19
"Finland",2013,3,375,"FIN","Finland",19
"Finland",2014,3,375,"FIN","Finland",19
"Finland",2015,3,375,"FIN","Finland",19
"Finland",2016,3,375,"FIN","Finland",19
"Finland",2017,3,375,"FIN","Finland",19
"Finland",2018,3,375,"FIN","Finland",19
"Finland",2019,3,375,"FIN","Finland",19
"Finland",2020,3,375,"FIN","Finland",19
"Finland",2021,3,375,"FIN","Finland",19
"Finland",2022,3,375,"FIN","Finland",19
"Finland",2023,3,375,"FIN","Finland",19
"Finland",2024,3,375,"FIN","Finland",19
"Finland",2025,3,375,"FIN","Finland",19
"France",1789,NA,220,"FRA","France",20
"France",1790,NA,220,"FRA","France",20
"France",1791,NA,220,"FRA","France",20
"France",1792,NA,220,"FRA","France",20
"France",1793,NA,220,"FRA","France",20
"France",1794,NA,220,"FRA","France",20
"France",1795,NA,220,"FRA","France",20
"France",1796,NA,220,"FRA","France",20
"France",1797,NA,220,"FRA","France",20
"France",1798,NA,220,"FRA","France",20
"France",1799,NA,220,"FRA","France",20
"France",1800,NA,220,"FRA","France",20
"France",1801,NA,220,"FRA","France",20
"France",1802,NA,220,"FRA","France",20
"France",1803,NA,220,"FRA","France",20
"France",1804,NA,220,"FRA","France",20
"France",1805,NA,220,"FRA","France",20
"France",1806,NA,220,"FRA","France",20
"France",1807,NA,220,"FRA","France",20
"France",1808,NA,220,"FRA","France",20
"France",1809,NA,220,"FRA","France",20
"France",1810,NA,220,"FRA","France",20
"France",1811,NA,220,"FRA","France",20
"France",1812,NA,220,"FRA","France",20
"France",1813,NA,220,"FRA","France",20
"France",1814,NA,220,"FRA","France",20
"France",1815,NA,220,"FRA","France",20
"France",1816,NA,220,"FRA","France",20
"France",1817,NA,220,"FRA","France",20
"France",1818,NA,220,"FRA","France",20
"France",1819,NA,220,"FRA","France",20
"France",1820,NA,220,"FRA","France",20
"France",1821,NA,220,"FRA","France",20
"France",1822,NA,220,"FRA","France",20
"France",1823,NA,220,"FRA","France",20
"France",1824,NA,220,"FRA","France",20
"France",1825,NA,220,"FRA","France",20
"France",1826,NA,220,"FRA","France",20
"France",1827,NA,220,"FRA","France",20
"France",1828,NA,220,"FRA","France",20
"France",1829,NA,220,"FRA","France",20
"France",1830,NA,220,"FRA","France",20
"France",1831,NA,220,"FRA","France",20
"France",1832,NA,220,"FRA","France",20
"France",1833,NA,220,"FRA","France",20
"France",1834,NA,220,"FRA","France",20
"France",1835,NA,220,"FRA","France",20
"France",1836,NA,220,"FRA","France",20
"France",1837,NA,220,"FRA","France",20
"France",1838,NA,220,"FRA","France",20
"France",1839,NA,220,"FRA","France",20
"France",1840,NA,220,"FRA","France",20
"France",1841,NA,220,"FRA","France",20
"France",1842,NA,220,"FRA","France",20
"France",1843,NA,220,"FRA","France",20
"France",1844,NA,220,"FRA","France",20
"France",1845,NA,220,"FRA","France",20
"France",1846,NA,220,"FRA","France",20
"France",1847,NA,220,"FRA","France",20
"France",1848,NA,220,"FRA","France",20
"France",1849,NA,220,"FRA","France",20
"France",1850,NA,220,"FRA","France",20
"France",1851,NA,220,"FRA","France",20
"France",1852,NA,220,"FRA","France",20
"France",1853,NA,220,"FRA","France",20
"France",1854,NA,220,"FRA","France",20
"France",1855,NA,220,"FRA","France",20
"France",1856,NA,220,"FRA","France",20
"France",1857,NA,220,"FRA","France",20
"France",1858,NA,220,"FRA","France",20
"France",1859,NA,220,"FRA","France",20
"France",1860,NA,220,"FRA","France",20
"France",1861,NA,220,"FRA","France",20
"France",1862,NA,220,"FRA","France",20
"France",1863,NA,220,"FRA","France",20
"France",1864,NA,220,"FRA","France",20
"France",1865,NA,220,"FRA","France",20
"France",1866,NA,220,"FRA","France",20
"France",1867,NA,220,"FRA","France",20
"France",1868,NA,220,"FRA","France",20
"France",1869,NA,220,"FRA","France",20
"France",1870,NA,220,"FRA","France",20
"France",1871,NA,220,"FRA","France",20
"France",1872,NA,220,"FRA","France",20
"France",1873,NA,220,"FRA","France",20
"France",1874,NA,220,"FRA","France",20
"France",1875,NA,220,"FRA","France",20
"France",1876,NA,220,"FRA","France",20
"France",1877,NA,220,"FRA","France",20
"France",1878,NA,220,"FRA","France",20
"France",1879,NA,220,"FRA","France",20
"France",1880,NA,220,"FRA","France",20
"France",1881,NA,220,"FRA","France",20
"France",1882,NA,220,"FRA","France",20
"France",1883,NA,220,"FRA","France",20
"France",1884,NA,220,"FRA","France",20
"France",1885,NA,220,"FRA","France",20
"France",1886,NA,220,"FRA","France",20
"France",1887,NA,220,"FRA","France",20
"France",1888,NA,220,"FRA","France",20
"France",1889,NA,220,"FRA","France",20
"France",1890,NA,220,"FRA","France",20
"France",1891,NA,220,"FRA","France",20
"France",1892,NA,220,"FRA","France",20
"France",1893,NA,220,"FRA","France",20
"France",1894,NA,220,"FRA","France",20
"France",1895,NA,220,"FRA","France",20
"France",1896,NA,220,"FRA","France",20
"France",1897,NA,220,"FRA","France",20
"France",1898,NA,220,"FRA","France",20
"France",1899,NA,220,"FRA","France",20
"France",1900,2,220,"FRA","France",20
"France",1901,2,220,"FRA","France",20
"France",1902,2,220,"FRA","France",20
"France",1903,2,220,"FRA","France",20
"France",1904,2,220,"FRA","France",20
"France",1905,2,220,"FRA","France",20
"France",1906,2,220,"FRA","France",20
"France",1907,2,220,"FRA","France",20
"France",1908,2,220,"FRA","France",20
"France",1909,2,220,"FRA","France",20
"France",1910,2,220,"FRA","France",20
"France",1911,2,220,"FRA","France",20
"France",1912,2,220,"FRA","France",20
"France",1913,2,220,"FRA","France",20
"France",1914,2,220,"FRA","France",20
"France",1915,2,220,"FRA","France",20
"France",1916,2,220,"FRA","France",20
"France",1917,2,220,"FRA","France",20
"France",1918,2,220,"FRA","France",20
"France",1919,2,220,"FRA","France",20
"France",1920,2,220,"FRA","France",20
"France",1921,2,220,"FRA","France",20
"France",1922,2,220,"FRA","France",20
"France",1923,2,220,"FRA","France",20
"France",1924,2,220,"FRA","France",20
"France",1925,2,220,"FRA","France",20
"France",1926,2,220,"FRA","France",20
"France",1927,2,220,"FRA","France",20
"France",1928,2,220,"FRA","France",20
"France",1929,2,220,"FRA","France",20
"France",1930,2,220,"FRA","France",20
"France",1931,2,220,"FRA","France",20
"France",1932,2,220,"FRA","France",20
"France",1933,2,220,"FRA","France",20
"France",1934,2,220,"FRA","France",20
"France",1935,2,220,"FRA","France",20
"France",1936,2,220,"FRA","France",20
"France",1937,2,220,"FRA","France",20
"France",1938,2,220,"FRA","France",20
"France",1939,2,220,"FRA","France",20
"France",1940,0,220,"FRA","France",20
"France",1941,0,220,"FRA","France",20
"France",1942,0,220,"FRA","France",20
"France",1943,0,220,"FRA","France",20
"France",1944,0,220,"FRA","France",20
"France",1945,0,220,"FRA","France",20
"France",1946,0,220,"FRA","France",20
"France",1947,3,220,"FRA","France",20
"France",1948,3,220,"FRA","France",20
"France",1949,3,220,"FRA","France",20
"France",1950,3,220,"FRA","France",20
"France",1951,3,220,"FRA","France",20
"France",1952,3,220,"FRA","France",20
"France",1953,3,220,"FRA","France",20
"France",1954,3,220,"FRA","France",20
"France",1955,3,220,"FRA","France",20
"France",1956,3,220,"FRA","France",20
"France",1957,3,220,"FRA","France",20
"France",1958,3,220,"FRA","France",20
"France",1959,3,220,"FRA","France",20
"France",1960,3,220,"FRA","France",20
"France",1961,3,220,"FRA","France",20
"France",1962,3,220,"FRA","France",20
"France",1963,3,220,"FRA","France",20
"France",1964,3,220,"FRA","France",20
"France",1965,3,220,"FRA","France",20
"France",1966,3,220,"FRA","France",20
"France",1967,3,220,"FRA","France",20
"France",1968,3,220,"FRA","France",20
"France",1969,3,220,"FRA","France",20
"France",1970,3,220,"FRA","France",20
"France",1971,3,220,"FRA","France",20
"France",1972,3,220,"FRA","France",20
"France",1973,3,220,"FRA","France",20
"France",1974,3,220,"FRA","France",20
"France",1975,3,220,"FRA","France",20
"France",1976,3,220,"FRA","France",20
"France",1977,3,220,"FRA","France",20
"France",1978,3,220,"FRA","France",20
"France",1979,3,220,"FRA","France",20
"France",1980,3,220,"FRA","France",20
"France",1981,3,220,"FRA","France",20
"France",1982,3,220,"FRA","France",20
"France",1983,3,220,"FRA","France",20
"France",1984,3,220,"FRA","France",20
"France",1985,3,220,"FRA","France",20
"France",1986,3,220,"FRA","France",20
"France",1987,3,220,"FRA","France",20
"France",1988,3,220,"FRA","France",20
"France",1989,3,220,"FRA","France",20
"France",1990,3,220,"FRA","France",20
"France",1991,3,220,"FRA","France",20
"France",1992,3,220,"FRA","France",20
"France",1993,3,220,"FRA","France",20
"France",1994,3,220,"FRA","France",20
"France",1995,3,220,"FRA","France",20
"France",1996,3,220,"FRA","France",20
"France",1997,3,220,"FRA","France",20
"France",1998,3,220,"FRA","France",20
"France",1999,3,220,"FRA","France",20
"France",2000,3,220,"FRA","France",20
"France",2001,3,220,"FRA","France",20
"France",2002,3,220,"FRA","France",20
"France",2003,3,220,"FRA","France",20
"France",2004,3,220,"FRA","France",20
"France",2005,3,220,"FRA","France",20
"France",2006,3,220,"FRA","France",20
"France",2007,3,220,"FRA","France",20
"France",2008,3,220,"FRA","France",20
"France",2009,3,220,"FRA","France",20
"France",2010,3,220,"FRA","France",20
"France",2011,3,220,"FRA","France",20
"France",2012,3,220,"FRA","France",20
"France",2013,3,220,"FRA","France",20
"France",2014,3,220,"FRA","France",20
"France",2015,3,220,"FRA","France",20
"France",2016,3,220,"FRA","France",20
"France",2017,3,220,"FRA","France",20
"France",2018,3,220,"FRA","France",20
"France",2019,3,220,"FRA","France",20
"France",2020,3,220,"FRA","France",20
"France",2021,3,220,"FRA","France",20
"France",2022,3,220,"FRA","France",20
"France",2023,3,220,"FRA","France",20
"France",2024,3,220,"FRA","France",20
"France",2025,3,220,"FRA","France",20
"Germany",1789,NA,255,"DEU","Germany",21
"Germany",1790,NA,255,"DEU","Germany",21
"Germany",1791,NA,255,"DEU","Germany",21
"Germany",1792,NA,255,"DEU","Germany",21
"Germany",1793,NA,255,"DEU","Germany",21
"Germany",1794,NA,255,"DEU","Germany",21
"Germany",1795,NA,255,"DEU","Germany",21
"Germany",1796,NA,255,"DEU","Germany",21
"Germany",1797,NA,255,"DEU","Germany",21
"Germany",1798,NA,255,"DEU","Germany",21
"Germany",1799,NA,255,"DEU","Germany",21
"Germany",1800,NA,255,"DEU","Germany",21
"Germany",1801,NA,255,"DEU","Germany",21
"Germany",1802,NA,255,"DEU","Germany",21
"Germany",1803,NA,255,"DEU","Germany",21
"Germany",1804,NA,255,"DEU","Germany",21
"Germany",1805,NA,255,"DEU","Germany",21
"Germany",1806,NA,255,"DEU","Germany",21
"Germany",1807,NA,255,"DEU","Germany",21
"Germany",1808,NA,255,"DEU","Germany",21
"Germany",1809,NA,255,"DEU","Germany",21
"Germany",1810,NA,255,"DEU","Germany",21
"Germany",1811,NA,255,"DEU","Germany",21
"Germany",1812,NA,255,"DEU","Germany",21
"Germany",1813,NA,255,"DEU","Germany",21
"Germany",1814,NA,255,"DEU","Germany",21
"Germany",1815,NA,255,"DEU","Germany",21
"Germany",1816,NA,255,"DEU","Germany",21
"Germany",1817,NA,255,"DEU","Germany",21
"Germany",1818,NA,255,"DEU","Germany",21
"Germany",1819,NA,255,"DEU","Germany",21
"Germany",1820,NA,255,"DEU","Germany",21
"Germany",1821,NA,255,"DEU","Germany",21
"Germany",1822,NA,255,"DEU","Germany",21
"Germany",1823,NA,255,"DEU","Germany",21
"Germany",1824,NA,255,"DEU","Germany",21
"Germany",1825,NA,255,"DEU","Germany",21
"Germany",1826,NA,255,"DEU","Germany",21
"Germany",1827,NA,255,"DEU","Germany",21
"Germany",1828,NA,255,"DEU","Germany",21
"Germany",1829,NA,255,"DEU","Germany",21
"Germany",1830,NA,255,"DEU","Germany",21
"Germany",1831,NA,255,"DEU","Germany",21
"Germany",1832,NA,255,"DEU","Germany",21
"Germany",1833,NA,255,"DEU","Germany",21
"Germany",1834,NA,255,"DEU","Germany",21
"Germany",1835,NA,255,"DEU","Germany",21
"Germany",1836,NA,255,"DEU","Germany",21
"Germany",1837,NA,255,"DEU","Germany",21
"Germany",1838,NA,255,"DEU","Germany",21
"Germany",1839,NA,255,"DEU","Germany",21
"Germany",1840,NA,255,"DEU","Germany",21
"Germany",1841,NA,255,"DEU","Germany",21
"Germany",1842,NA,255,"DEU","Germany",21
"Germany",1843,NA,255,"DEU","Germany",21
"Germany",1844,NA,255,"DEU","Germany",21
"Germany",1845,NA,255,"DEU","Germany",21
"Germany",1846,NA,255,"DEU","Germany",21
"Germany",1847,NA,255,"DEU","Germany",21
"Germany",1848,NA,255,"DEU","Germany",21
"Germany",1849,NA,255,"DEU","Germany",21
"Germany",1850,NA,255,"DEU","Germany",21
"Germany",1851,NA,255,"DEU","Germany",21
"Germany",1852,NA,255,"DEU","Germany",21
"Germany",1853,NA,255,"DEU","Germany",21
"Germany",1854,NA,255,"DEU","Germany",21
"Germany",1855,NA,255,"DEU","Germany",21
"Germany",1856,NA,255,"DEU","Germany",21
"Germany",1857,NA,255,"DEU","Germany",21
"Germany",1858,NA,255,"DEU","Germany",21
"Germany",1859,NA,255,"DEU","Germany",21
"Germany",1860,NA,255,"DEU","Germany",21
"Germany",1861,NA,255,"DEU","Germany",21
"Germany",1862,NA,255,"DEU","Germany",21
"Germany",1863,NA,255,"DEU","Germany",21
"Germany",1864,NA,255,"DEU","Germany",21
"Germany",1865,NA,255,"DEU","Germany",21
"Germany",1866,NA,255,"DEU","Germany",21
"Germany",1867,NA,255,"DEU","Germany",21
"Germany",1868,NA,255,"DEU","Germany",21
"Germany",1869,NA,255,"DEU","Germany",21
"Germany",1870,NA,255,"DEU","Germany",21
"Germany",1871,NA,255,"DEU","Germany",21
"Germany",1872,NA,255,"DEU","Germany",21
"Germany",1873,NA,255,"DEU","Germany",21
"Germany",1874,NA,255,"DEU","Germany",21
"Germany",1875,NA,255,"DEU","Germany",21
"Germany",1876,NA,255,"DEU","Germany",21
"Germany",1877,NA,255,"DEU","Germany",21
"Germany",1878,NA,255,"DEU","Germany",21
"Germany",1879,NA,255,"DEU","Germany",21
"Germany",1880,NA,255,"DEU","Germany",21
"Germany",1881,NA,255,"DEU","Germany",21
"Germany",1882,NA,255,"DEU","Germany",21
"Germany",1883,NA,255,"DEU","Germany",21
"Germany",1884,NA,255,"DEU","Germany",21
"Germany",1885,NA,255,"DEU","Germany",21
"Germany",1886,NA,255,"DEU","Germany",21
"Germany",1887,NA,255,"DEU","Germany",21
"Germany",1888,NA,255,"DEU","Germany",21
"Germany",1889,NA,255,"DEU","Germany",21
"Germany",1890,NA,255,"DEU","Germany",21
"Germany",1891,NA,255,"DEU","Germany",21
"Germany",1892,NA,255,"DEU","Germany",21
"Germany",1893,NA,255,"DEU","Germany",21
"Germany",1894,NA,255,"DEU","Germany",21
"Germany",1895,NA,255,"DEU","Germany",21
"Germany",1896,NA,255,"DEU","Germany",21
"Germany",1897,NA,255,"DEU","Germany",21
"Germany",1898,NA,255,"DEU","Germany",21
"Germany",1899,NA,255,"DEU","Germany",21
"Germany",1900,0,255,"DEU","Germany",21
"Germany",1901,0,255,"DEU","Germany",21
"Germany",1902,0,255,"DEU","Germany",21
"Germany",1903,0,255,"DEU","Germany",21
"Germany",1904,0,255,"DEU","Germany",21
"Germany",1905,0,255,"DEU","Germany",21
"Germany",1906,0,255,"DEU","Germany",21
"Germany",1907,0,255,"DEU","Germany",21
"Germany",1908,0,255,"DEU","Germany",21
"Germany",1909,0,255,"DEU","Germany",21
"Germany",1910,0,255,"DEU","Germany",21
"Germany",1911,0,255,"DEU","Germany",21
"Germany",1912,0,255,"DEU","Germany",21
"Germany",1913,0,255,"DEU","Germany",21
"Germany",1914,0,255,"DEU","Germany",21
"Germany",1915,0,255,"DEU","Germany",21
"Germany",1916,0,255,"DEU","Germany",21
"Germany",1917,0,255,"DEU","Germany",21
"Germany",1918,0,255,"DEU","Germany",21
"Germany",1919,2,255,"DEU","Germany",21
"Germany",1920,2,255,"DEU","Germany",21
"Germany",1921,2,255,"DEU","Germany",21
"Germany",1922,2,255,"DEU","Germany",21
"Germany",1923,2,255,"DEU","Germany",21
"Germany",1924,2,255,"DEU","Germany",21
"Germany",1925,2,255,"DEU","Germany",21
"Germany",1926,2,255,"DEU","Germany",21
"Germany",1927,2,255,"DEU","Germany",21
"Germany",1928,2,255,"DEU","Germany",21
"Germany",1929,2,255,"DEU","Germany",21
"Germany",1930,2,255,"DEU","Germany",21
"Germany",1931,2,255,"DEU","Germany",21
"Germany",1932,2,255,"DEU","Germany",21
"Germany",1933,1,255,"DEU","Germany",21
"Germany",1934,0,255,"DEU","Germany",21
"Germany",1935,0,255,"DEU","Germany",21
"Germany",1936,0,255,"DEU","Germany",21
"Germany",1937,0,255,"DEU","Germany",21
"Germany",1938,0,255,"DEU","Germany",21
"Germany",1939,0,255,"DEU","Germany",21
"Germany",1940,0,255,"DEU","Germany",21
"Germany",1941,0,255,"DEU","Germany",21
"Germany",1942,0,255,"DEU","Germany",21
"Germany",1943,0,255,"DEU","Germany",21
"Germany",1944,0,255,"DEU","Germany",21
"Germany",1991,3,255,"DEU","Germany",21
"Germany",1992,3,255,"DEU","Germany",21
"Germany",1993,3,255,"DEU","Germany",21
"Germany",1994,3,255,"DEU","Germany",21
"Germany",1995,3,255,"DEU","Germany",21
"Germany",1996,3,255,"DEU","Germany",21
"Germany",1997,3,255,"DEU","Germany",21
"Germany",1998,3,255,"DEU","Germany",21
"Germany",1999,3,255,"DEU","Germany",21
"Germany",2000,3,255,"DEU","Germany",21
"Germany",2001,3,255,"DEU","Germany",21
"Germany",2002,3,255,"DEU","Germany",21
"Germany",2003,3,255,"DEU","Germany",21
"Germany",2004,3,255,"DEU","Germany",21
"Germany",2005,3,255,"DEU","Germany",21
"Germany",2006,3,255,"DEU","Germany",21
"Germany",2007,3,255,"DEU","Germany",21
"Germany",2008,3,255,"DEU","Germany",21
"Germany",2009,3,255,"DEU","Germany",21
"Germany",2010,3,255,"DEU","Germany",21
"Germany",2011,3,255,"DEU","Germany",21
"Germany",2012,3,255,"DEU","Germany",21
"Germany",2013,3,255,"DEU","Germany",21
"Germany",2014,3,255,"DEU","Germany",21
"Germany",2015,3,255,"DEU","Germany",21
"Germany",2016,3,255,"DEU","Germany",21
"Germany",2017,3,255,"DEU","Germany",21
"Germany",2018,3,255,"DEU","Germany",21
"Germany",2019,3,255,"DEU","Germany",21
"Germany",2020,3,255,"DEU","Germany",21
"Germany",2021,3,255,"DEU","Germany",21
"Germany",2022,3,255,"DEU","Germany",21
"Germany",2023,3,255,"DEU","Germany",21
"Germany",2024,3,255,"DEU","Germany",21
"Germany",2025,3,255,"DEU","Germany",21
"Greece",1822,NA,350,"GRC","Greece",22
"Greece",1823,NA,350,"GRC","Greece",22
"Greece",1824,NA,350,"GRC","Greece",22
"Greece",1825,NA,350,"GRC","Greece",22
"Greece",1826,NA,350,"GRC","Greece",22
"Greece",1827,NA,350,"GRC","Greece",22
"Greece",1828,NA,350,"GRC","Greece",22
"Greece",1829,NA,350,"GRC","Greece",22
"Greece",1830,NA,350,"GRC","Greece",22
"Greece",1831,NA,350,"GRC","Greece",22
"Greece",1832,NA,350,"GRC","Greece",22
"Greece",1833,NA,350,"GRC","Greece",22
"Greece",1834,NA,350,"GRC","Greece",22
"Greece",1835,NA,350,"GRC","Greece",22
"Greece",1836,NA,350,"GRC","Greece",22
"Greece",1837,NA,350,"GRC","Greece",22
"Greece",1838,NA,350,"GRC","Greece",22
"Greece",1839,NA,350,"GRC","Greece",22
"Greece",1840,NA,350,"GRC","Greece",22
"Greece",1841,NA,350,"GRC","Greece",22
"Greece",1842,NA,350,"GRC","Greece",22
"Greece",1843,NA,350,"GRC","Greece",22
"Greece",1844,NA,350,"GRC","Greece",22
"Greece",1845,NA,350,"GRC","Greece",22
"Greece",1846,NA,350,"GRC","Greece",22
"Greece",1847,NA,350,"GRC","Greece",22
"Greece",1848,NA,350,"GRC","Greece",22
"Greece",1849,NA,350,"GRC","Greece",22
"Greece",1850,NA,350,"GRC","Greece",22
"Greece",1851,NA,350,"GRC","Greece",22
"Greece",1852,NA,350,"GRC","Greece",22
"Greece",1853,NA,350,"GRC","Greece",22
"Greece",1854,NA,350,"GRC","Greece",22
"Greece",1855,NA,350,"GRC","Greece",22
"Greece",1856,NA,350,"GRC","Greece",22
"Greece",1857,NA,350,"GRC","Greece",22
"Greece",1858,NA,350,"GRC","Greece",22
"Greece",1859,NA,350,"GRC","Greece",22
"Greece",1860,NA,350,"GRC","Greece",22
"Greece",1861,NA,350,"GRC","Greece",22
"Greece",1862,NA,350,"GRC","Greece",22
"Greece",1863,NA,350,"GRC","Greece",22
"Greece",1864,NA,350,"GRC","Greece",22
"Greece",1865,NA,350,"GRC","Greece",22
"Greece",1866,NA,350,"GRC","Greece",22
"Greece",1867,NA,350,"GRC","Greece",22
"Greece",1868,NA,350,"GRC","Greece",22
"Greece",1869,NA,350,"GRC","Greece",22
"Greece",1870,NA,350,"GRC","Greece",22
"Greece",1871,NA,350,"GRC","Greece",22
"Greece",1872,NA,350,"GRC","Greece",22
"Greece",1873,NA,350,"GRC","Greece",22
"Greece",1874,NA,350,"GRC","Greece",22
"Greece",1875,NA,350,"GRC","Greece",22
"Greece",1876,NA,350,"GRC","Greece",22
"Greece",1877,NA,350,"GRC","Greece",22
"Greece",1878,NA,350,"GRC","Greece",22
"Greece",1879,NA,350,"GRC","Greece",22
"Greece",1880,NA,350,"GRC","Greece",22
"Greece",1881,NA,350,"GRC","Greece",22
"Greece",1882,NA,350,"GRC","Greece",22
"Greece",1883,NA,350,"GRC","Greece",22
"Greece",1884,NA,350,"GRC","Greece",22
"Greece",1885,NA,350,"GRC","Greece",22
"Greece",1886,NA,350,"GRC","Greece",22
"Greece",1887,NA,350,"GRC","Greece",22
"Greece",1888,NA,350,"GRC","Greece",22
"Greece",1889,NA,350,"GRC","Greece",22
"Greece",1890,NA,350,"GRC","Greece",22
"Greece",1891,NA,350,"GRC","Greece",22
"Greece",1892,NA,350,"GRC","Greece",22
"Greece",1893,NA,350,"GRC","Greece",22
"Greece",1894,NA,350,"GRC","Greece",22
"Greece",1895,NA,350,"GRC","Greece",22
"Greece",1896,NA,350,"GRC","Greece",22
"Greece",1897,NA,350,"GRC","Greece",22
"Greece",1898,NA,350,"GRC","Greece",22
"Greece",1899,NA,350,"GRC","Greece",22
"Greece",1900,1,350,"GRC","Greece",22
"Greece",1901,1,350,"GRC","Greece",22
"Greece",1902,1,350,"GRC","Greece",22
"Greece",1903,1,350,"GRC","Greece",22
"Greece",1904,1,350,"GRC","Greece",22
"Greece",1905,1,350,"GRC","Greece",22
"Greece",1906,1,350,"GRC","Greece",22
"Greece",1907,1,350,"GRC","Greece",22
"Greece",1908,1,350,"GRC","Greece",22
"Greece",1909,1,350,"GRC","Greece",22
"Greece",1910,1,350,"GRC","Greece",22
"Greece",1911,1,350,"GRC","Greece",22
"Greece",1912,1,350,"GRC","Greece",22
"Greece",1913,1,350,"GRC","Greece",22
"Greece",1914,1,350,"GRC","Greece",22
"Greece",1915,1,350,"GRC","Greece",22
"Greece",1916,0,350,"GRC","Greece",22
"Greece",1917,0,350,"GRC","Greece",22
"Greece",1918,NA,350,"GRC","Greece",22
"Greece",1919,NA,350,"GRC","Greece",22
"Greece",1920,1,350,"GRC","Greece",22
"Greece",1921,1,350,"GRC","Greece",22
"Greece",1922,1,350,"GRC","Greece",22
"Greece",1923,0,350,"GRC","Greece",22
"Greece",1924,1,350,"GRC","Greece",22
"Greece",1925,1,350,"GRC","Greece",22
"Greece",1926,1,350,"GRC","Greece",22
"Greece",1927,1,350,"GRC","Greece",22
"Greece",1928,1,350,"GRC","Greece",22
"Greece",1929,1,350,"GRC","Greece",22
"Greece",1930,1,350,"GRC","Greece",22
"Greece",1931,1,350,"GRC","Greece",22
"Greece",1932,1,350,"GRC","Greece",22
"Greece",1933,1,350,"GRC","Greece",22
"Greece",1934,1,350,"GRC","Greece",22
"Greece",1935,0,350,"GRC","Greece",22
"Greece",1936,0,350,"GRC","Greece",22
"Greece",1937,0,350,"GRC","Greece",22
"Greece",1938,0,350,"GRC","Greece",22
"Greece",1939,0,350,"GRC","Greece",22
"Greece",1940,0,350,"GRC","Greece",22
"Greece",1941,0,350,"GRC","Greece",22
"Greece",1942,0,350,"GRC","Greece",22
"Greece",1943,0,350,"GRC","Greece",22
"Greece",1944,0,350,"GRC","Greece",22
"Greece",1945,0,350,"GRC","Greece",22
"Greece",1946,0,350,"GRC","Greece",22
"Greece",1947,1,350,"GRC","Greece",22
"Greece",1948,1,350,"GRC","Greece",22
"Greece",1949,1,350,"GRC","Greece",22
"Greece",1950,1,350,"GRC","Greece",22
"Greece",1951,1,350,"GRC","Greece",22
"Greece",1952,1,350,"GRC","Greece",22
"Greece",1953,1,350,"GRC","Greece",22
"Greece",1954,1,350,"GRC","Greece",22
"Greece",1955,1,350,"GRC","Greece",22
"Greece",1956,1,350,"GRC","Greece",22
"Greece",1957,1,350,"GRC","Greece",22
"Greece",1958,1,350,"GRC","Greece",22
"Greece",1959,1,350,"GRC","Greece",22
"Greece",1960,1,350,"GRC","Greece",22
"Greece",1961,1,350,"GRC","Greece",22
"Greece",1962,1,350,"GRC","Greece",22
"Greece",1963,1,350,"GRC","Greece",22
"Greece",1964,1,350,"GRC","Greece",22
"Greece",1965,1,350,"GRC","Greece",22
"Greece",1966,1,350,"GRC","Greece",22
"Greece",1967,0,350,"GRC","Greece",22
"Greece",1968,0,350,"GRC","Greece",22
"Greece",1969,0,350,"GRC","Greece",22
"Greece",1970,0,350,"GRC","Greece",22
"Greece",1971,0,350,"GRC","Greece",22
"Greece",1972,0,350,"GRC","Greece",22
"Greece",1973,0,350,"GRC","Greece",22
"Greece",1974,1,350,"GRC","Greece",22
"Greece",1975,2,350,"GRC","Greece",22
"Greece",1976,3,350,"GRC","Greece",22
"Greece",1977,3,350,"GRC","Greece",22
"Greece",1978,3,350,"GRC","Greece",22
"Greece",1979,3,350,"GRC","Greece",22
"Greece",1980,3,350,"GRC","Greece",22
"Greece",1981,3,350,"GRC","Greece",22
"Greece",1982,3,350,"GRC","Greece",22
"Greece",1983,3,350,"GRC","Greece",22
"Greece",1984,3,350,"GRC","Greece",22
"Greece",1985,3,350,"GRC","Greece",22
"Greece",1986,3,350,"GRC","Greece",22
"Greece",1987,3,350,"GRC","Greece",22
"Greece",1988,3,350,"GRC","Greece",22
"Greece",1989,3,350,"GRC","Greece",22
"Greece",1990,3,350,"GRC","Greece",22
"Greece",1991,3,350,"GRC","Greece",22
"Greece",1992,3,350,"GRC","Greece",22
"Greece",1993,3,350,"GRC","Greece",22
"Greece",1994,3,350,"GRC","Greece",22
"Greece",1995,3,350,"GRC","Greece",22
"Greece",1996,3,350,"GRC","Greece",22
"Greece",1997,3,350,"GRC","Greece",22
"Greece",1998,3,350,"GRC","Greece",22
"Greece",1999,3,350,"GRC","Greece",22
"Greece",2000,3,350,"GRC","Greece",22
"Greece",2001,3,350,"GRC","Greece",22
"Greece",2002,3,350,"GRC","Greece",22
"Greece",2003,3,350,"GRC","Greece",22
"Greece",2004,3,350,"GRC","Greece",22
"Greece",2005,3,350,"GRC","Greece",22
"Greece",2006,3,350,"GRC","Greece",22
"Greece",2007,3,350,"GRC","Greece",22
"Greece",2008,3,350,"GRC","Greece",22
"Greece",2009,3,350,"GRC","Greece",22
"Greece",2010,3,350,"GRC","Greece",22
"Greece",2011,3,350,"GRC","Greece",22
"Greece",2012,3,350,"GRC","Greece",22
"Greece",2013,3,350,"GRC","Greece",22
"Greece",2014,3,350,"GRC","Greece",22
"Greece",2015,3,350,"GRC","Greece",22
"Greece",2016,3,350,"GRC","Greece",22
"Greece",2017,3,350,"GRC","Greece",22
"Greece",2018,3,350,"GRC","Greece",22
"Greece",2019,3,350,"GRC","Greece",22
"Greece",2020,2,350,"GRC","Greece",22
"Greece",2021,2,350,"GRC","Greece",22
"Greece",2022,2,350,"GRC","Greece",22
"Greece",2023,2,350,"GRC","Greece",22
"Greece",2024,2,350,"GRC","Greece",22
"Greece",2025,2,350,"GRC","Greece",22
"Hungary",1789,NA,310,"HUN","Hungary",23
"Hungary",1790,NA,310,"HUN","Hungary",23
"Hungary",1791,NA,310,"HUN","Hungary",23
"Hungary",1792,NA,310,"HUN","Hungary",23
"Hungary",1793,NA,310,"HUN","Hungary",23
"Hungary",1794,NA,310,"HUN","Hungary",23
"Hungary",1795,NA,310,"HUN","Hungary",23
"Hungary",1796,NA,310,"HUN","Hungary",23
"Hungary",1797,NA,310,"HUN","Hungary",23
"Hungary",1798,NA,310,"HUN","Hungary",23
"Hungary",1799,NA,310,"HUN","Hungary",23
"Hungary",1800,NA,310,"HUN","Hungary",23
"Hungary",1801,NA,310,"HUN","Hungary",23
"Hungary",1802,NA,310,"HUN","Hungary",23
"Hungary",1803,NA,310,"HUN","Hungary",23
"Hungary",1804,NA,310,"HUN","Hungary",23
"Hungary",1805,NA,310,"HUN","Hungary",23
"Hungary",1806,NA,310,"HUN","Hungary",23
"Hungary",1807,NA,310,"HUN","Hungary",23
"Hungary",1808,NA,310,"HUN","Hungary",23
"Hungary",1809,NA,310,"HUN","Hungary",23
"Hungary",1810,NA,310,"HUN","Hungary",23
"Hungary",1811,NA,310,"HUN","Hungary",23
"Hungary",1812,NA,310,"HUN","Hungary",23
"Hungary",1813,NA,310,"HUN","Hungary",23
"Hungary",1814,NA,310,"HUN","Hungary",23
"Hungary",1815,NA,310,"HUN","Hungary",23
"Hungary",1816,NA,310,"HUN","Hungary",23
"Hungary",1817,NA,310,"HUN","Hungary",23
"Hungary",1818,NA,310,"HUN","Hungary",23
"Hungary",1819,NA,310,"HUN","Hungary",23
"Hungary",1820,NA,310,"HUN","Hungary",23
"Hungary",1821,NA,310,"HUN","Hungary",23
"Hungary",1822,NA,310,"HUN","Hungary",23
"Hungary",1823,NA,310,"HUN","Hungary",23
"Hungary",1824,NA,310,"HUN","Hungary",23
"Hungary",1825,NA,310,"HUN","Hungary",23
"Hungary",1826,NA,310,"HUN","Hungary",23
"Hungary",1827,NA,310,"HUN","Hungary",23
"Hungary",1828,NA,310,"HUN","Hungary",23
"Hungary",1829,NA,310,"HUN","Hungary",23
"Hungary",1830,NA,310,"HUN","Hungary",23
"Hungary",1831,NA,310,"HUN","Hungary",23
"Hungary",1832,NA,310,"HUN","Hungary",23
"Hungary",1833,NA,310,"HUN","Hungary",23
"Hungary",1834,NA,310,"HUN","Hungary",23
"Hungary",1835,NA,310,"HUN","Hungary",23
"Hungary",1836,NA,310,"HUN","Hungary",23
"Hungary",1837,NA,310,"HUN","Hungary",23
"Hungary",1838,NA,310,"HUN","Hungary",23
"Hungary",1839,NA,310,"HUN","Hungary",23
"Hungary",1840,NA,310,"HUN","Hungary",23
"Hungary",1841,NA,310,"HUN","Hungary",23
"Hungary",1842,NA,310,"HUN","Hungary",23
"Hungary",1843,NA,310,"HUN","Hungary",23
"Hungary",1844,NA,310,"HUN","Hungary",23
"Hungary",1845,NA,310,"HUN","Hungary",23
"Hungary",1846,NA,310,"HUN","Hungary",23
"Hungary",1847,NA,310,"HUN","Hungary",23
"Hungary",1848,NA,310,"HUN","Hungary",23
"Hungary",1849,NA,310,"HUN","Hungary",23
"Hungary",1850,NA,310,"HUN","Hungary",23
"Hungary",1851,NA,310,"HUN","Hungary",23
"Hungary",1852,NA,310,"HUN","Hungary",23
"Hungary",1853,NA,310,"HUN","Hungary",23
"Hungary",1854,NA,310,"HUN","Hungary",23
"Hungary",1855,NA,310,"HUN","Hungary",23
"Hungary",1856,NA,310,"HUN","Hungary",23
"Hungary",1857,NA,310,"HUN","Hungary",23
"Hungary",1858,NA,310,"HUN","Hungary",23
"Hungary",1859,NA,310,"HUN","Hungary",23
"Hungary",1860,NA,310,"HUN","Hungary",23
"Hungary",1861,NA,310,"HUN","Hungary",23
"Hungary",1862,NA,310,"HUN","Hungary",23
"Hungary",1863,NA,310,"HUN","Hungary",23
"Hungary",1864,NA,310,"HUN","Hungary",23
"Hungary",1865,NA,310,"HUN","Hungary",23
"Hungary",1866,NA,310,"HUN","Hungary",23
"Hungary",1867,NA,310,"HUN","Hungary",23
"Hungary",1868,NA,310,"HUN","Hungary",23
"Hungary",1869,NA,310,"HUN","Hungary",23
"Hungary",1870,NA,310,"HUN","Hungary",23
"Hungary",1871,NA,310,"HUN","Hungary",23
"Hungary",1872,NA,310,"HUN","Hungary",23
"Hungary",1873,NA,310,"HUN","Hungary",23
"Hungary",1874,NA,310,"HUN","Hungary",23
"Hungary",1875,NA,310,"HUN","Hungary",23
"Hungary",1876,NA,310,"HUN","Hungary",23
"Hungary",1877,NA,310,"HUN","Hungary",23
"Hungary",1878,NA,310,"HUN","Hungary",23
"Hungary",1879,NA,310,"HUN","Hungary",23
"Hungary",1880,NA,310,"HUN","Hungary",23
"Hungary",1881,NA,310,"HUN","Hungary",23
"Hungary",1882,NA,310,"HUN","Hungary",23
"Hungary",1883,NA,310,"HUN","Hungary",23
"Hungary",1884,NA,310,"HUN","Hungary",23
"Hungary",1885,NA,310,"HUN","Hungary",23
"Hungary",1886,NA,310,"HUN","Hungary",23
"Hungary",1887,NA,310,"HUN","Hungary",23
"Hungary",1888,NA,310,"HUN","Hungary",23
"Hungary",1889,NA,310,"HUN","Hungary",23
"Hungary",1890,NA,310,"HUN","Hungary",23
"Hungary",1891,NA,310,"HUN","Hungary",23
"Hungary",1892,NA,310,"HUN","Hungary",23
"Hungary",1893,NA,310,"HUN","Hungary",23
"Hungary",1894,NA,310,"HUN","Hungary",23
"Hungary",1895,NA,310,"HUN","Hungary",23
"Hungary",1896,NA,310,"HUN","Hungary",23
"Hungary",1897,NA,310,"HUN","Hungary",23
"Hungary",1898,NA,310,"HUN","Hungary",23
"Hungary",1899,NA,310,"HUN","Hungary",23
"Hungary",1900,1,310,"HUN","Hungary",23
"Hungary",1901,1,310,"HUN","Hungary",23
"Hungary",1902,1,310,"HUN","Hungary",23
"Hungary",1903,1,310,"HUN","Hungary",23
"Hungary",1904,1,310,"HUN","Hungary",23
"Hungary",1905,1,310,"HUN","Hungary",23
"Hungary",1906,1,310,"HUN","Hungary",23
"Hungary",1907,1,310,"HUN","Hungary",23
"Hungary",1908,1,310,"HUN","Hungary",23
"Hungary",1909,1,310,"HUN","Hungary",23
"Hungary",1910,1,310,"HUN","Hungary",23
"Hungary",1911,1,310,"HUN","Hungary",23
"Hungary",1912,1,310,"HUN","Hungary",23
"Hungary",1913,1,310,"HUN","Hungary",23
"Hungary",1914,1,310,"HUN","Hungary",23
"Hungary",1915,1,310,"HUN","Hungary",23
"Hungary",1916,1,310,"HUN","Hungary",23
"Hungary",1917,1,310,"HUN","Hungary",23
"Hungary",1918,1,310,"HUN","Hungary",23
"Hungary",1919,0,310,"HUN","Hungary",23
"Hungary",1920,1,310,"HUN","Hungary",23
"Hungary",1921,1,310,"HUN","Hungary",23
"Hungary",1922,1,310,"HUN","Hungary",23
"Hungary",1923,1,310,"HUN","Hungary",23
"Hungary",1924,1,310,"HUN","Hungary",23
"Hungary",1925,1,310,"HUN","Hungary",23
"Hungary",1926,1,310,"HUN","Hungary",23
"Hungary",1927,1,310,"HUN","Hungary",23
"Hungary",1928,1,310,"HUN","Hungary",23
"Hungary",1929,1,310,"HUN","Hungary",23
"Hungary",1930,1,310,"HUN","Hungary",23
"Hungary",1931,1,310,"HUN","Hungary",23
"Hungary",1932,1,310,"HUN","Hungary",23
"Hungary",1933,1,310,"HUN","Hungary",23
"Hungary",1934,1,310,"HUN","Hungary",23
"Hungary",1935,1,310,"HUN","Hungary",23
"Hungary",1936,1,310,"HUN","Hungary",23
"Hungary",1937,1,310,"HUN","Hungary",23
"Hungary",1938,1,310,"HUN","Hungary",23
"Hungary",1939,1,310,"HUN","Hungary",23
"Hungary",1940,1,310,"HUN","Hungary",23
"Hungary",1941,1,310,"HUN","Hungary",23
"Hungary",1942,1,310,"HUN","Hungary",23
"Hungary",1943,1,310,"HUN","Hungary",23
"Hungary",1944,1,310,"HUN","Hungary",23
"Hungary",1945,0,310,"HUN","Hungary",23
"Hungary",1946,0,310,"HUN","Hungary",23
"Hungary",1947,0,310,"HUN","Hungary",23
"Hungary",1948,0,310,"HUN","Hungary",23
"Hungary",1949,0,310,"HUN","Hungary",23
"Hungary",1950,0,310,"HUN","Hungary",23
"Hungary",1951,0,310,"HUN","Hungary",23
"Hungary",1952,0,310,"HUN","Hungary",23
"Hungary",1953,0,310,"HUN","Hungary",23
"Hungary",1954,0,310,"HUN","Hungary",23
"Hungary",1955,0,310,"HUN","Hungary",23
"Hungary",1956,0,310,"HUN","Hungary",23
"Hungary",1957,0,310,"HUN","Hungary",23
"Hungary",1958,0,310,"HUN","Hungary",23
"Hungary",1959,0,310,"HUN","Hungary",23
"Hungary",1960,0,310,"HUN","Hungary",23
"Hungary",1961,0,310,"HUN","Hungary",23
"Hungary",1962,0,310,"HUN","Hungary",23
"Hungary",1963,0,310,"HUN","Hungary",23
"Hungary",1964,0,310,"HUN","Hungary",23
"Hungary",1965,0,310,"HUN","Hungary",23
"Hungary",1966,0,310,"HUN","Hungary",23
"Hungary",1967,0,310,"HUN","Hungary",23
"Hungary",1968,0,310,"HUN","Hungary",23
"Hungary",1969,0,310,"HUN","Hungary",23
"Hungary",1970,0,310,"HUN","Hungary",23
"Hungary",1971,0,310,"HUN","Hungary",23
"Hungary",1972,0,310,"HUN","Hungary",23
"Hungary",1973,0,310,"HUN","Hungary",23
"Hungary",1974,0,310,"HUN","Hungary",23
"Hungary",1975,0,310,"HUN","Hungary",23
"Hungary",1976,0,310,"HUN","Hungary",23
"Hungary",1977,0,310,"HUN","Hungary",23
"Hungary",1978,0,310,"HUN","Hungary",23
"Hungary",1979,0,310,"HUN","Hungary",23
"Hungary",1980,0,310,"HUN","Hungary",23
"Hungary",1981,0,310,"HUN","Hungary",23
"Hungary",1982,0,310,"HUN","Hungary",23
"Hungary",1983,0,310,"HUN","Hungary",23
"Hungary",1984,0,310,"HUN","Hungary",23
"Hungary",1985,0,310,"HUN","Hungary",23
"Hungary",1986,0,310,"HUN","Hungary",23
"Hungary",1987,0,310,"HUN","Hungary",23
"Hungary",1988,0,310,"HUN","Hungary",23
"Hungary",1989,1,310,"HUN","Hungary",23
"Hungary",1990,2,310,"HUN","Hungary",23
"Hungary",1991,3,310,"HUN","Hungary",23
"Hungary",1992,3,310,"HUN","Hungary",23
"Hungary",1993,3,310,"HUN","Hungary",23
"Hungary",1994,3,310,"HUN","Hungary",23
"Hungary",1995,3,310,"HUN","Hungary",23
"Hungary",1996,3,310,"HUN","Hungary",23
"Hungary",1997,3,310,"HUN","Hungary",23
"Hungary",1998,3,310,"HUN","Hungary",23
"Hungary",1999,3,310,"HUN","Hungary",23
"Hungary",2000,3,310,"HUN","Hungary",23
"Hungary",2001,3,310,"HUN","Hungary",23
"Hungary",2002,3,310,"HUN","Hungary",23
"Hungary",2003,3,310,"HUN","Hungary",23
"Hungary",2004,3,310,"HUN","Hungary",23
"Hungary",2005,3,310,"HUN","Hungary",23
"Hungary",2006,3,310,"HUN","Hungary",23
"Hungary",2007,3,310,"HUN","Hungary",23
"Hungary",2008,3,310,"HUN","Hungary",23
"Hungary",2009,3,310,"HUN","Hungary",23
"Hungary",2010,2,310,"HUN","Hungary",23
"Hungary",2011,2,310,"HUN","Hungary",23
"Hungary",2012,2,310,"HUN","Hungary",23
"Hungary",2013,2,310,"HUN","Hungary",23
"Hungary",2014,2,310,"HUN","Hungary",23
"Hungary",2015,2,310,"HUN","Hungary",23
"Hungary",2016,2,310,"HUN","Hungary",23
"Hungary",2017,2,310,"HUN","Hungary",23
"Hungary",2018,1,310,"HUN","Hungary",23
"Hungary",2019,1,310,"HUN","Hungary",23
"Hungary",2020,1,310,"HUN","Hungary",23
"Hungary",2021,1,310,"HUN","Hungary",23
"Hungary",2022,1,310,"HUN","Hungary",23
"Hungary",2023,1,310,"HUN","Hungary",23
"Hungary",2024,1,310,"HUN","Hungary",23
"Hungary",2025,1,310,"HUN","Hungary",23
"Iceland",1900,0,395,"ISL","Iceland",24
"Iceland",1901,0,395,"ISL","Iceland",24
"Iceland",1902,0,395,"ISL","Iceland",24
"Iceland",1903,0,395,"ISL","Iceland",24
"Iceland",1904,2,395,"ISL","Iceland",24
"Iceland",1905,2,395,"ISL","Iceland",24
"Iceland",1906,2,395,"ISL","Iceland",24
"Iceland",1907,2,395,"ISL","Iceland",24
"Iceland",1908,2,395,"ISL","Iceland",24
"Iceland",1909,2,395,"ISL","Iceland",24
"Iceland",1910,2,395,"ISL","Iceland",24
"Iceland",1911,2,395,"ISL","Iceland",24
"Iceland",1912,2,395,"ISL","Iceland",24
"Iceland",1913,2,395,"ISL","Iceland",24
"Iceland",1914,2,395,"ISL","Iceland",24
"Iceland",1915,2,395,"ISL","Iceland",24
"Iceland",1916,2,395,"ISL","Iceland",24
"Iceland",1917,2,395,"ISL","Iceland",24
"Iceland",1918,2,395,"ISL","Iceland",24
"Iceland",1919,2,395,"ISL","Iceland",24
"Iceland",1920,3,395,"ISL","Iceland",24
"Iceland",1921,3,395,"ISL","Iceland",24
"Iceland",1922,3,395,"ISL","Iceland",24
"Iceland",1923,3,395,"ISL","Iceland",24
"Iceland",1924,3,395,"ISL","Iceland",24
"Iceland",1925,3,395,"ISL","Iceland",24
"Iceland",1926,3,395,"ISL","Iceland",24
"Iceland",1927,3,395,"ISL","Iceland",24
"Iceland",1928,3,395,"ISL","Iceland",24
"Iceland",1929,3,395,"ISL","Iceland",24
"Iceland",1930,2,395,"ISL","Iceland",24
"Iceland",1931,2,395,"ISL","Iceland",24
"Iceland",1932,2,395,"ISL","Iceland",24
"Iceland",1933,2,395,"ISL","Iceland",24
"Iceland",1934,2,395,"ISL","Iceland",24
"Iceland",1935,2,395,"ISL","Iceland",24
"Iceland",1936,2,395,"ISL","Iceland",24
"Iceland",1937,2,395,"ISL","Iceland",24
"Iceland",1938,2,395,"ISL","Iceland",24
"Iceland",1939,2,395,"ISL","Iceland",24
"Iceland",1940,2,395,"ISL","Iceland",24
"Iceland",1941,2,395,"ISL","Iceland",24
"Iceland",1942,2,395,"ISL","Iceland",24
"Iceland",1943,2,395,"ISL","Iceland",24
"Iceland",1944,3,395,"ISL","Iceland",24
"Iceland",1945,3,395,"ISL","Iceland",24
"Iceland",1946,3,395,"ISL","Iceland",24
"Iceland",1947,3,395,"ISL","Iceland",24
"Iceland",1948,3,395,"ISL","Iceland",24
"Iceland",1949,3,395,"ISL","Iceland",24
"Iceland",1950,3,395,"ISL","Iceland",24
"Iceland",1951,3,395,"ISL","Iceland",24
"Iceland",1952,3,395,"ISL","Iceland",24
"Iceland",1953,3,395,"ISL","Iceland",24
"Iceland",1954,3,395,"ISL","Iceland",24
"Iceland",1955,3,395,"ISL","Iceland",24
"Iceland",1956,3,395,"ISL","Iceland",24
"Iceland",1957,3,395,"ISL","Iceland",24
"Iceland",1958,3,395,"ISL","Iceland",24
"Iceland",1959,3,395,"ISL","Iceland",24
"Iceland",1960,3,395,"ISL","Iceland",24
"Iceland",1961,3,395,"ISL","Iceland",24
"Iceland",1962,3,395,"ISL","Iceland",24
"Iceland",1963,3,395,"ISL","Iceland",24
"Iceland",1964,3,395,"ISL","Iceland",24
"Iceland",1965,3,395,"ISL","Iceland",24
"Iceland",1966,3,395,"ISL","Iceland",24
"Iceland",1967,3,395,"ISL","Iceland",24
"Iceland",1968,3,395,"ISL","Iceland",24
"Iceland",1969,3,395,"ISL","Iceland",24
"Iceland",1970,3,395,"ISL","Iceland",24
"Iceland",1971,3,395,"ISL","Iceland",24
"Iceland",1972,3,395,"ISL","Iceland",24
"Iceland",1973,3,395,"ISL","Iceland",24
"Iceland",1974,3,395,"ISL","Iceland",24
"Iceland",1975,3,395,"ISL","Iceland",24
"Iceland",1976,3,395,"ISL","Iceland",24
"Iceland",1977,3,395,"ISL","Iceland",24
"Iceland",1978,3,395,"ISL","Iceland",24
"Iceland",1979,3,395,"ISL","Iceland",24
"Iceland",1980,3,395,"ISL","Iceland",24
"Iceland",1981,3,395,"ISL","Iceland",24
"Iceland",1982,3,395,"ISL","Iceland",24
"Iceland",1983,3,395,"ISL","Iceland",24
"Iceland",1984,3,395,"ISL","Iceland",24
"Iceland",1985,3,395,"ISL","Iceland",24
"Iceland",1986,3,395,"ISL","Iceland",24
"Iceland",1987,3,395,"ISL","Iceland",24
"Iceland",1988,3,395,"ISL","Iceland",24
"Iceland",1989,3,395,"ISL","Iceland",24
"Iceland",1990,3,395,"ISL","Iceland",24
"Iceland",1991,3,395,"ISL","Iceland",24
"Iceland",1992,3,395,"ISL","Iceland",24
"Iceland",1993,3,395,"ISL","Iceland",24
"Iceland",1994,3,395,"ISL","Iceland",24
"Iceland",1995,3,395,"ISL","Iceland",24
"Iceland",1996,3,395,"ISL","Iceland",24
"Iceland",1997,3,395,"ISL","Iceland",24
"Iceland",1998,3,395,"ISL","Iceland",24
"Iceland",1999,3,395,"ISL","Iceland",24
"Iceland",2000,3,395,"ISL","Iceland",24
"Iceland",2001,3,395,"ISL","Iceland",24
"Iceland",2002,3,395,"ISL","Iceland",24
"Iceland",2003,3,395,"ISL","Iceland",24
"Iceland",2004,3,395,"ISL","Iceland",24
"Iceland",2005,3,395,"ISL","Iceland",24
"Iceland",2006,3,395,"ISL","Iceland",24
"Iceland",2007,3,395,"ISL","Iceland",24
"Iceland",2008,3,395,"ISL","Iceland",24
"Iceland",2009,3,395,"ISL","Iceland",24
"Iceland",2010,3,395,"ISL","Iceland",24
"Iceland",2011,3,395,"ISL","Iceland",24
"Iceland",2012,3,395,"ISL","Iceland",24
"Iceland",2013,3,395,"ISL","Iceland",24
"Iceland",2014,3,395,"ISL","Iceland",24
"Iceland",2015,3,395,"ISL","Iceland",24
"Iceland",2016,3,395,"ISL","Iceland",24
"Iceland",2017,3,395,"ISL","Iceland",24
"Iceland",2018,3,395,"ISL","Iceland",24
"Iceland",2019,3,395,"ISL","Iceland",24
"Iceland",2020,3,395,"ISL","Iceland",24
"Iceland",2021,3,395,"ISL","Iceland",24
"Iceland",2022,3,395,"ISL","Iceland",24
"Iceland",2023,3,395,"ISL","Iceland",24
"Iceland",2024,3,395,"ISL","Iceland",24
"Iceland",2025,3,395,"ISL","Iceland",24
"India",1789,NA,750,"IND","India",25
"India",1790,NA,750,"IND","India",25
"India",1791,NA,750,"IND","India",25
"India",1792,NA,750,"IND","India",25
"India",1793,NA,750,"IND","India",25
"India",1794,NA,750,"IND","India",25
"India",1795,NA,750,"IND","India",25
"India",1796,NA,750,"IND","India",25
"India",1797,NA,750,"IND","India",25
"India",1798,NA,750,"IND","India",25
"India",1799,NA,750,"IND","India",25
"India",1800,NA,750,"IND","India",25
"India",1801,NA,750,"IND","India",25
"India",1802,NA,750,"IND","India",25
"India",1803,NA,750,"IND","India",25
"India",1804,NA,750,"IND","India",25
"India",1805,NA,750,"IND","India",25
"India",1806,NA,750,"IND","India",25
"India",1807,NA,750,"IND","India",25
"India",1808,NA,750,"IND","India",25
"India",1809,NA,750,"IND","India",25
"India",1810,NA,750,"IND","India",25
"India",1811,NA,750,"IND","India",25
"India",1812,NA,750,"IND","India",25
"India",1813,NA,750,"IND","India",25
"India",1814,NA,750,"IND","India",25
"India",1815,NA,750,"IND","India",25
"India",1816,NA,750,"IND","India",25
"India",1817,NA,750,"IND","India",25
"India",1818,NA,750,"IND","India",25
"India",1819,NA,750,"IND","India",25
"India",1820,NA,750,"IND","India",25
"India",1821,NA,750,"IND","India",25
"India",1822,NA,750,"IND","India",25
"India",1823,NA,750,"IND","India",25
"India",1824,NA,750,"IND","India",25
"India",1825,NA,750,"IND","India",25
"India",1826,NA,750,"IND","India",25
"India",1827,NA,750,"IND","India",25
"India",1828,NA,750,"IND","India",25
"India",1829,NA,750,"IND","India",25
"India",1830,NA,750,"IND","India",25
"India",1831,NA,750,"IND","India",25
"India",1832,NA,750,"IND","India",25
"India",1833,NA,750,"IND","India",25
"India",1834,NA,750,"IND","India",25
"India",1835,NA,750,"IND","India",25
"India",1836,NA,750,"IND","India",25
"India",1837,NA,750,"IND","India",25
"India",1838,NA,750,"IND","India",25
"India",1839,NA,750,"IND","India",25
"India",1840,NA,750,"IND","India",25
"India",1841,NA,750,"IND","India",25
"India",1842,NA,750,"IND","India",25
"India",1843,NA,750,"IND","India",25
"India",1844,NA,750,"IND","India",25
"India",1845,NA,750,"IND","India",25
"India",1846,NA,750,"IND","India",25
"India",1847,NA,750,"IND","India",25
"India",1848,NA,750,"IND","India",25
"India",1849,NA,750,"IND","India",25
"India",1850,NA,750,"IND","India",25
"India",1851,NA,750,"IND","India",25
"India",1852,NA,750,"IND","India",25
"India",1853,NA,750,"IND","India",25
"India",1854,NA,750,"IND","India",25
"India",1855,NA,750,"IND","India",25
"India",1856,NA,750,"IND","India",25
"India",1857,NA,750,"IND","India",25
"India",1858,NA,750,"IND","India",25
"India",1859,NA,750,"IND","India",25
"India",1860,NA,750,"IND","India",25
"India",1861,NA,750,"IND","India",25
"India",1862,NA,750,"IND","India",25
"India",1863,NA,750,"IND","India",25
"India",1864,NA,750,"IND","India",25
"India",1865,NA,750,"IND","India",25
"India",1866,NA,750,"IND","India",25
"India",1867,NA,750,"IND","India",25
"India",1868,NA,750,"IND","India",25
"India",1869,NA,750,"IND","India",25
"India",1870,NA,750,"IND","India",25
"India",1871,NA,750,"IND","India",25
"India",1872,NA,750,"IND","India",25
"India",1873,NA,750,"IND","India",25
"India",1874,NA,750,"IND","India",25
"India",1875,NA,750,"IND","India",25
"India",1876,NA,750,"IND","India",25
"India",1877,NA,750,"IND","India",25
"India",1878,NA,750,"IND","India",25
"India",1879,NA,750,"IND","India",25
"India",1880,NA,750,"IND","India",25
"India",1881,NA,750,"IND","India",25
"India",1882,NA,750,"IND","India",25
"India",1883,NA,750,"IND","India",25
"India",1884,NA,750,"IND","India",25
"India",1885,NA,750,"IND","India",25
"India",1886,NA,750,"IND","India",25
"India",1887,NA,750,"IND","India",25
"India",1888,NA,750,"IND","India",25
"India",1889,NA,750,"IND","India",25
"India",1890,NA,750,"IND","India",25
"India",1891,NA,750,"IND","India",25
"India",1892,NA,750,"IND","India",25
"India",1893,NA,750,"IND","India",25
"India",1894,NA,750,"IND","India",25
"India",1895,NA,750,"IND","India",25
"India",1896,NA,750,"IND","India",25
"India",1897,NA,750,"IND","India",25
"India",1898,NA,750,"IND","India",25
"India",1899,NA,750,"IND","India",25
"India",1900,0,750,"IND","India",25
"India",1901,0,750,"IND","India",25
"India",1902,0,750,"IND","India",25
"India",1903,0,750,"IND","India",25
"India",1904,0,750,"IND","India",25
"India",1905,0,750,"IND","India",25
"India",1906,0,750,"IND","India",25
"India",1907,0,750,"IND","India",25
"India",1908,0,750,"IND","India",25
"India",1909,0,750,"IND","India",25
"India",1910,0,750,"IND","India",25
"India",1911,0,750,"IND","India",25
"India",1912,0,750,"IND","India",25
"India",1913,0,750,"IND","India",25
"India",1914,0,750,"IND","India",25
"India",1915,0,750,"IND","India",25
"India",1916,0,750,"IND","India",25
"India",1917,0,750,"IND","India",25
"India",1918,0,750,"IND","India",25
"India",1919,0,750,"IND","India",25
"India",1920,0,750,"IND","India",25
"India",1921,0,750,"IND","India",25
"India",1922,0,750,"IND","India",25
"India",1923,0,750,"IND","India",25
"India",1924,0,750,"IND","India",25
"India",1925,0,750,"IND","India",25
"India",1926,0,750,"IND","India",25
"India",1927,0,750,"IND","India",25
"India",1928,0,750,"IND","India",25
"India",1929,0,750,"IND","India",25
"India",1930,0,750,"IND","India",25
"India",1931,0,750,"IND","India",25
"India",1932,0,750,"IND","India",25
"India",1933,0,750,"IND","India",25
"India",1934,0,750,"IND","India",25
"India",1935,0,750,"IND","India",25
"India",1936,0,750,"IND","India",25
"India",1937,0,750,"IND","India",25
"India",1938,0,750,"IND","India",25
"India",1939,0,750,"IND","India",25
"India",1940,0,750,"IND","India",25
"India",1941,0,750,"IND","India",25
"India",1942,0,750,"IND","India",25
"India",1943,0,750,"IND","India",25
"India",1944,0,750,"IND","India",25
"India",1945,0,750,"IND","India",25
"India",1946,1,750,"IND","India",25
"India",1947,1,750,"IND","India",25
"India",1948,0,750,"IND","India",25
"India",1949,0,750,"IND","India",25
"India",1950,0,750,"IND","India",25
"India",1951,1,750,"IND","India",25
"India",1952,2,750,"IND","India",25
"India",1953,2,750,"IND","India",25
"India",1954,2,750,"IND","India",25
"India",1955,2,750,"IND","India",25
"India",1956,2,750,"IND","India",25
"India",1957,2,750,"IND","India",25
"India",1958,2,750,"IND","India",25
"India",1959,2,750,"IND","India",25
"India",1960,2,750,"IND","India",25
"India",1961,2,750,"IND","India",25
"India",1962,2,750,"IND","India",25
"India",1963,2,750,"IND","India",25
"India",1964,2,750,"IND","India",25
"India",1965,2,750,"IND","India",25
"India",1966,2,750,"IND","India",25
"India",1967,2,750,"IND","India",25
"India",1968,2,750,"IND","India",25
"India",1969,2,750,"IND","India",25
"India",1970,2,750,"IND","India",25
"India",1971,2,750,"IND","India",25
"India",1972,2,750,"IND","India",25
"India",1973,2,750,"IND","India",25
"India",1974,2,750,"IND","India",25
"India",1975,1,750,"IND","India",25
"India",1976,1,750,"IND","India",25
"India",1977,1,750,"IND","India",25
"India",1978,2,750,"IND","India",25
"India",1979,2,750,"IND","India",25
"India",1980,2,750,"IND","India",25
"India",1981,2,750,"IND","India",25
"India",1982,2,750,"IND","India",25
"India",1983,2,750,"IND","India",25
"India",1984,2,750,"IND","India",25
"India",1985,2,750,"IND","India",25
"India",1986,2,750,"IND","India",25
"India",1987,2,750,"IND","India",25
"India",1988,2,750,"IND","India",25
"India",1989,2,750,"IND","India",25
"India",1990,2,750,"IND","India",25
"India",1991,2,750,"IND","India",25
"India",1992,2,750,"IND","India",25
"India",1993,2,750,"IND","India",25
"India",1994,2,750,"IND","India",25
"India",1995,2,750,"IND","India",25
"India",1996,2,750,"IND","India",25
"India",1997,2,750,"IND","India",25
"India",1998,2,750,"IND","India",25
"India",1999,2,750,"IND","India",25
"India",2000,2,750,"IND","India",25
"India",2001,2,750,"IND","India",25
"India",2002,2,750,"IND","India",25
"India",2003,2,750,"IND","India",25
"India",2004,2,750,"IND","India",25
"India",2005,2,750,"IND","India",25
"India",2006,2,750,"IND","India",25
"India",2007,2,750,"IND","India",25
"India",2008,2,750,"IND","India",25
"India",2009,2,750,"IND","India",25
"India",2010,2,750,"IND","India",25
"India",2011,2,750,"IND","India",25
"India",2012,2,750,"IND","India",25
"India",2013,2,750,"IND","India",25
"India",2014,2,750,"IND","India",25
"India",2015,2,750,"IND","India",25
"India",2016,2,750,"IND","India",25
"India",2017,1,750,"IND","India",25
"India",2018,1,750,"IND","India",25
"India",2019,1,750,"IND","India",25
"India",2020,1,750,"IND","India",25
"India",2021,1,750,"IND","India",25
"India",2022,1,750,"IND","India",25
"India",2023,1,750,"IND","India",25
"India",2024,1,750,"IND","India",25
"India",2025,1,750,"IND","India",25
"Indonesia",1800,NA,850,"IDN","Indonesia",26
"Indonesia",1801,NA,850,"IDN","Indonesia",26
"Indonesia",1802,NA,850,"IDN","Indonesia",26
"Indonesia",1803,NA,850,"IDN","Indonesia",26
"Indonesia",1804,NA,850,"IDN","Indonesia",26
"Indonesia",1805,NA,850,"IDN","Indonesia",26
"Indonesia",1806,NA,850,"IDN","Indonesia",26
"Indonesia",1807,NA,850,"IDN","Indonesia",26
"Indonesia",1808,NA,850,"IDN","Indonesia",26
"Indonesia",1809,NA,850,"IDN","Indonesia",26
"Indonesia",1810,NA,850,"IDN","Indonesia",26
"Indonesia",1811,NA,850,"IDN","Indonesia",26
"Indonesia",1812,NA,850,"IDN","Indonesia",26
"Indonesia",1813,NA,850,"IDN","Indonesia",26
"Indonesia",1814,NA,850,"IDN","Indonesia",26
"Indonesia",1815,NA,850,"IDN","Indonesia",26
"Indonesia",1816,NA,850,"IDN","Indonesia",26
"Indonesia",1817,NA,850,"IDN","Indonesia",26
"Indonesia",1818,NA,850,"IDN","Indonesia",26
"Indonesia",1819,NA,850,"IDN","Indonesia",26
"Indonesia",1820,NA,850,"IDN","Indonesia",26
"Indonesia",1821,NA,850,"IDN","Indonesia",26
"Indonesia",1822,NA,850,"IDN","Indonesia",26
"Indonesia",1823,NA,850,"IDN","Indonesia",26
"Indonesia",1824,NA,850,"IDN","Indonesia",26
"Indonesia",1825,NA,850,"IDN","Indonesia",26
"Indonesia",1826,NA,850,"IDN","Indonesia",26
"Indonesia",1827,NA,850,"IDN","Indonesia",26
"Indonesia",1828,NA,850,"IDN","Indonesia",26
"Indonesia",1829,NA,850,"IDN","Indonesia",26
"Indonesia",1830,NA,850,"IDN","Indonesia",26
"Indonesia",1831,NA,850,"IDN","Indonesia",26
"Indonesia",1832,NA,850,"IDN","Indonesia",26
"Indonesia",1833,NA,850,"IDN","Indonesia",26
"Indonesia",1834,NA,850,"IDN","Indonesia",26
"Indonesia",1835,NA,850,"IDN","Indonesia",26
"Indonesia",1836,NA,850,"IDN","Indonesia",26
"Indonesia",1837,NA,850,"IDN","Indonesia",26
"Indonesia",1838,NA,850,"IDN","Indonesia",26
"Indonesia",1839,NA,850,"IDN","Indonesia",26
"Indonesia",1840,NA,850,"IDN","Indonesia",26
"Indonesia",1841,NA,850,"IDN","Indonesia",26
"Indonesia",1842,NA,850,"IDN","Indonesia",26
"Indonesia",1843,NA,850,"IDN","Indonesia",26
"Indonesia",1844,NA,850,"IDN","Indonesia",26
"Indonesia",1845,NA,850,"IDN","Indonesia",26
"Indonesia",1846,NA,850,"IDN","Indonesia",26
"Indonesia",1847,NA,850,"IDN","Indonesia",26
"Indonesia",1848,NA,850,"IDN","Indonesia",26
"Indonesia",1849,NA,850,"IDN","Indonesia",26
"Indonesia",1850,NA,850,"IDN","Indonesia",26
"Indonesia",1851,NA,850,"IDN","Indonesia",26
"Indonesia",1852,NA,850,"IDN","Indonesia",26
"Indonesia",1853,NA,850,"IDN","Indonesia",26
"Indonesia",1854,NA,850,"IDN","Indonesia",26
"Indonesia",1855,NA,850,"IDN","Indonesia",26
"Indonesia",1856,NA,850,"IDN","Indonesia",26
"Indonesia",1857,NA,850,"IDN","Indonesia",26
"Indonesia",1858,NA,850,"IDN","Indonesia",26
"Indonesia",1859,NA,850,"IDN","Indonesia",26
"Indonesia",1860,NA,850,"IDN","Indonesia",26
"Indonesia",1861,NA,850,"IDN","Indonesia",26
"Indonesia",1862,NA,850,"IDN","Indonesia",26
"Indonesia",1863,NA,850,"IDN","Indonesia",26
"Indonesia",1864,NA,850,"IDN","Indonesia",26
"Indonesia",1865,NA,850,"IDN","Indonesia",26
"Indonesia",1866,NA,850,"IDN","Indonesia",26
"Indonesia",1867,NA,850,"IDN","Indonesia",26
"Indonesia",1868,NA,850,"IDN","Indonesia",26
"Indonesia",1869,NA,850,"IDN","Indonesia",26
"Indonesia",1870,NA,850,"IDN","Indonesia",26
"Indonesia",1871,NA,850,"IDN","Indonesia",26
"Indonesia",1872,NA,850,"IDN","Indonesia",26
"Indonesia",1873,NA,850,"IDN","Indonesia",26
"Indonesia",1874,NA,850,"IDN","Indonesia",26
"Indonesia",1875,NA,850,"IDN","Indonesia",26
"Indonesia",1876,NA,850,"IDN","Indonesia",26
"Indonesia",1877,NA,850,"IDN","Indonesia",26
"Indonesia",1878,NA,850,"IDN","Indonesia",26
"Indonesia",1879,NA,850,"IDN","Indonesia",26
"Indonesia",1880,NA,850,"IDN","Indonesia",26
"Indonesia",1881,NA,850,"IDN","Indonesia",26
"Indonesia",1882,NA,850,"IDN","Indonesia",26
"Indonesia",1883,NA,850,"IDN","Indonesia",26
"Indonesia",1884,NA,850,"IDN","Indonesia",26
"Indonesia",1885,NA,850,"IDN","Indonesia",26
"Indonesia",1886,NA,850,"IDN","Indonesia",26
"Indonesia",1887,NA,850,"IDN","Indonesia",26
"Indonesia",1888,NA,850,"IDN","Indonesia",26
"Indonesia",1889,NA,850,"IDN","Indonesia",26
"Indonesia",1890,NA,850,"IDN","Indonesia",26
"Indonesia",1891,NA,850,"IDN","Indonesia",26
"Indonesia",1892,NA,850,"IDN","Indonesia",26
"Indonesia",1893,NA,850,"IDN","Indonesia",26
"Indonesia",1894,NA,850,"IDN","Indonesia",26
"Indonesia",1895,NA,850,"IDN","Indonesia",26
"Indonesia",1896,NA,850,"IDN","Indonesia",26
"Indonesia",1897,NA,850,"IDN","Indonesia",26
"Indonesia",1898,NA,850,"IDN","Indonesia",26
"Indonesia",1899,NA,850,"IDN","Indonesia",26
"Indonesia",1900,0,850,"IDN","Indonesia",26
"Indonesia",1901,0,850,"IDN","Indonesia",26
"Indonesia",1902,0,850,"IDN","Indonesia",26
"Indonesia",1903,0,850,"IDN","Indonesia",26
"Indonesia",1904,0,850,"IDN","Indonesia",26
"Indonesia",1905,0,850,"IDN","Indonesia",26
"Indonesia",1906,0,850,"IDN","Indonesia",26
"Indonesia",1907,0,850,"IDN","Indonesia",26
"Indonesia",1908,0,850,"IDN","Indonesia",26
"Indonesia",1909,0,850,"IDN","Indonesia",26
"Indonesia",1910,0,850,"IDN","Indonesia",26
"Indonesia",1911,0,850,"IDN","Indonesia",26
"Indonesia",1912,0,850,"IDN","Indonesia",26
"Indonesia",1913,0,850,"IDN","Indonesia",26
"Indonesia",1914,0,850,"IDN","Indonesia",26
"Indonesia",1915,0,850,"IDN","Indonesia",26
"Indonesia",1916,0,850,"IDN","Indonesia",26
"Indonesia",1917,0,850,"IDN","Indonesia",26
"Indonesia",1918,0,850,"IDN","Indonesia",26
"Indonesia",1919,0,850,"IDN","Indonesia",26
"Indonesia",1920,0,850,"IDN","Indonesia",26
"Indonesia",1921,0,850,"IDN","Indonesia",26
"Indonesia",1922,0,850,"IDN","Indonesia",26
"Indonesia",1923,0,850,"IDN","Indonesia",26
"Indonesia",1924,0,850,"IDN","Indonesia",26
"Indonesia",1925,0,850,"IDN","Indonesia",26
"Indonesia",1926,0,850,"IDN","Indonesia",26
"Indonesia",1927,0,850,"IDN","Indonesia",26
"Indonesia",1928,0,850,"IDN","Indonesia",26
"Indonesia",1929,0,850,"IDN","Indonesia",26
"Indonesia",1930,0,850,"IDN","Indonesia",26
"Indonesia",1931,0,850,"IDN","Indonesia",26
"Indonesia",1932,0,850,"IDN","Indonesia",26
"Indonesia",1933,0,850,"IDN","Indonesia",26
"Indonesia",1934,0,850,"IDN","Indonesia",26
"Indonesia",1935,0,850,"IDN","Indonesia",26
"Indonesia",1936,0,850,"IDN","Indonesia",26
"Indonesia",1937,0,850,"IDN","Indonesia",26
"Indonesia",1938,0,850,"IDN","Indonesia",26
"Indonesia",1939,0,850,"IDN","Indonesia",26
"Indonesia",1940,0,850,"IDN","Indonesia",26
"Indonesia",1941,0,850,"IDN","Indonesia",26
"Indonesia",1942,0,850,"IDN","Indonesia",26
"Indonesia",1943,0,850,"IDN","Indonesia",26
"Indonesia",1944,0,850,"IDN","Indonesia",26
"Indonesia",1945,0,850,"IDN","Indonesia",26
"Indonesia",1946,0,850,"IDN","Indonesia",26
"Indonesia",1947,0,850,"IDN","Indonesia",26
"Indonesia",1948,0,850,"IDN","Indonesia",26
"Indonesia",1949,0,850,"IDN","Indonesia",26
"Indonesia",1950,0,850,"IDN","Indonesia",26
"Indonesia",1951,0,850,"IDN","Indonesia",26
"Indonesia",1952,0,850,"IDN","Indonesia",26
"Indonesia",1953,0,850,"IDN","Indonesia",26
"Indonesia",1954,0,850,"IDN","Indonesia",26
"Indonesia",1955,1,850,"IDN","Indonesia",26
"Indonesia",1956,2,850,"IDN","Indonesia",26
"Indonesia",1957,2,850,"IDN","Indonesia",26
"Indonesia",1958,1,850,"IDN","Indonesia",26
"Indonesia",1959,1,850,"IDN","Indonesia",26
"Indonesia",1960,1,850,"IDN","Indonesia",26
"Indonesia",1961,0,850,"IDN","Indonesia",26
"Indonesia",1962,0,850,"IDN","Indonesia",26
"Indonesia",1963,0,850,"IDN","Indonesia",26
"Indonesia",1964,0,850,"IDN","Indonesia",26
"Indonesia",1965,0,850,"IDN","Indonesia",26
"Indonesia",1966,0,850,"IDN","Indonesia",26
"Indonesia",1967,0,850,"IDN","Indonesia",26
"Indonesia",1968,0,850,"IDN","Indonesia",26
"Indonesia",1969,0,850,"IDN","Indonesia",26
"Indonesia",1970,0,850,"IDN","Indonesia",26
"Indonesia",1971,1,850,"IDN","Indonesia",26
"Indonesia",1972,1,850,"IDN","Indonesia",26
"Indonesia",1973,1,850,"IDN","Indonesia",26
"Indonesia",1974,1,850,"IDN","Indonesia",26
"Indonesia",1975,1,850,"IDN","Indonesia",26
"Indonesia",1976,1,850,"IDN","Indonesia",26
"Indonesia",1977,1,850,"IDN","Indonesia",26
"Indonesia",1978,1,850,"IDN","Indonesia",26
"Indonesia",1979,1,850,"IDN","Indonesia",26
"Indonesia",1980,1,850,"IDN","Indonesia",26
"Indonesia",1981,1,850,"IDN","Indonesia",26
"Indonesia",1982,1,850,"IDN","Indonesia",26
"Indonesia",1983,1,850,"IDN","Indonesia",26
"Indonesia",1984,1,850,"IDN","Indonesia",26
"Indonesia",1985,1,850,"IDN","Indonesia",26
"Indonesia",1986,1,850,"IDN","Indonesia",26
"Indonesia",1987,1,850,"IDN","Indonesia",26
"Indonesia",1988,1,850,"IDN","Indonesia",26
"Indonesia",1989,1,850,"IDN","Indonesia",26
"Indonesia",1990,1,850,"IDN","Indonesia",26
"Indonesia",1991,1,850,"IDN","Indonesia",26
"Indonesia",1992,1,850,"IDN","Indonesia",26
"Indonesia",1993,1,850,"IDN","Indonesia",26
"Indonesia",1994,1,850,"IDN","Indonesia",26
"Indonesia",1995,1,850,"IDN","Indonesia",26
"Indonesia",1996,1,850,"IDN","Indonesia",26
"Indonesia",1997,1,850,"IDN","Indonesia",26
"Indonesia",1998,1,850,"IDN","Indonesia",26
"Indonesia",1999,2,850,"IDN","Indonesia",26
"Indonesia",2000,2,850,"IDN","Indonesia",26
"Indonesia",2001,2,850,"IDN","Indonesia",26
"Indonesia",2002,2,850,"IDN","Indonesia",26
"Indonesia",2003,2,850,"IDN","Indonesia",26
"Indonesia",2004,2,850,"IDN","Indonesia",26
"Indonesia",2005,2,850,"IDN","Indonesia",26
"Indonesia",2006,2,850,"IDN","Indonesia",26
"Indonesia",2007,2,850,"IDN","Indonesia",26
"Indonesia",2008,2,850,"IDN","Indonesia",26
"Indonesia",2009,2,850,"IDN","Indonesia",26
"Indonesia",2010,2,850,"IDN","Indonesia",26
"Indonesia",2011,2,850,"IDN","Indonesia",26
"Indonesia",2012,2,850,"IDN","Indonesia",26
"Indonesia",2013,2,850,"IDN","Indonesia",26
"Indonesia",2014,2,850,"IDN","Indonesia",26
"Indonesia",2015,2,850,"IDN","Indonesia",26
"Indonesia",2016,2,850,"IDN","Indonesia",26
"Indonesia",2017,2,850,"IDN","Indonesia",26
"Indonesia",2018,2,850,"IDN","Indonesia",26
"Indonesia",2019,2,850,"IDN","Indonesia",26
"Indonesia",2020,2,850,"IDN","Indonesia",26
"Indonesia",2021,2,850,"IDN","Indonesia",26
"Indonesia",2022,2,850,"IDN","Indonesia",26
"Indonesia",2023,2,850,"IDN","Indonesia",26
"Indonesia",2024,1,850,"IDN","Indonesia",26
"Indonesia",2025,1,850,"IDN","Indonesia",26
"Ireland",1919,0,205,"IRL","Ireland",27
"Ireland",1920,0,205,"IRL","Ireland",27
"Ireland",1921,1,205,"IRL","Ireland",27
"Ireland",1922,2,205,"IRL","Ireland",27
"Ireland",1923,2,205,"IRL","Ireland",27
"Ireland",1924,3,205,"IRL","Ireland",27
"Ireland",1925,3,205,"IRL","Ireland",27
"Ireland",1926,3,205,"IRL","Ireland",27
"Ireland",1927,3,205,"IRL","Ireland",27
"Ireland",1928,3,205,"IRL","Ireland",27
"Ireland",1929,3,205,"IRL","Ireland",27
"Ireland",1930,3,205,"IRL","Ireland",27
"Ireland",1931,3,205,"IRL","Ireland",27
"Ireland",1932,3,205,"IRL","Ireland",27
"Ireland",1933,3,205,"IRL","Ireland",27
"Ireland",1934,3,205,"IRL","Ireland",27
"Ireland",1935,3,205,"IRL","Ireland",27
"Ireland",1936,3,205,"IRL","Ireland",27
"Ireland",1937,3,205,"IRL","Ireland",27
"Ireland",1938,3,205,"IRL","Ireland",27
"Ireland",1939,3,205,"IRL","Ireland",27
"Ireland",1940,3,205,"IRL","Ireland",27
"Ireland",1941,3,205,"IRL","Ireland",27
"Ireland",1942,3,205,"IRL","Ireland",27
"Ireland",1943,3,205,"IRL","Ireland",27
"Ireland",1944,3,205,"IRL","Ireland",27
"Ireland",1945,3,205,"IRL","Ireland",27
"Ireland",1946,3,205,"IRL","Ireland",27
"Ireland",1947,3,205,"IRL","Ireland",27
"Ireland",1948,3,205,"IRL","Ireland",27
"Ireland",1949,3,205,"IRL","Ireland",27
"Ireland",1950,3,205,"IRL","Ireland",27
"Ireland",1951,3,205,"IRL","Ireland",27
"Ireland",1952,3,205,"IRL","Ireland",27
"Ireland",1953,3,205,"IRL","Ireland",27
"Ireland",1954,3,205,"IRL","Ireland",27
"Ireland",1955,3,205,"IRL","Ireland",27
"Ireland",1956,3,205,"IRL","Ireland",27
"Ireland",1957,3,205,"IRL","Ireland",27
"Ireland",1958,3,205,"IRL","Ireland",27
"Ireland",1959,3,205,"IRL","Ireland",27
"Ireland",1960,3,205,"IRL","Ireland",27
"Ireland",1961,3,205,"IRL","Ireland",27
"Ireland",1962,3,205,"IRL","Ireland",27
"Ireland",1963,3,205,"IRL","Ireland",27
"Ireland",1964,3,205,"IRL","Ireland",27
"Ireland",1965,3,205,"IRL","Ireland",27
"Ireland",1966,3,205,"IRL","Ireland",27
"Ireland",1967,3,205,"IRL","Ireland",27
"Ireland",1968,3,205,"IRL","Ireland",27
"Ireland",1969,3,205,"IRL","Ireland",27
"Ireland",1970,3,205,"IRL","Ireland",27
"Ireland",1971,3,205,"IRL","Ireland",27
"Ireland",1972,3,205,"IRL","Ireland",27
"Ireland",1973,3,205,"IRL","Ireland",27
"Ireland",1974,3,205,"IRL","Ireland",27
"Ireland",1975,3,205,"IRL","Ireland",27
"Ireland",1976,3,205,"IRL","Ireland",27
"Ireland",1977,3,205,"IRL","Ireland",27
"Ireland",1978,3,205,"IRL","Ireland",27
"Ireland",1979,3,205,"IRL","Ireland",27
"Ireland",1980,3,205,"IRL","Ireland",27
"Ireland",1981,3,205,"IRL","Ireland",27
"Ireland",1982,3,205,"IRL","Ireland",27
"Ireland",1983,3,205,"IRL","Ireland",27
"Ireland",1984,3,205,"IRL","Ireland",27
"Ireland",1985,3,205,"IRL","Ireland",27
"Ireland",1986,3,205,"IRL","Ireland",27
"Ireland",1987,3,205,"IRL","Ireland",27
"Ireland",1988,3,205,"IRL","Ireland",27
"Ireland",1989,3,205,"IRL","Ireland",27
"Ireland",1990,3,205,"IRL","Ireland",27
"Ireland",1991,3,205,"IRL","Ireland",27
"Ireland",1992,3,205,"IRL","Ireland",27
"Ireland",1993,3,205,"IRL","Ireland",27
"Ireland",1994,3,205,"IRL","Ireland",27
"Ireland",1995,3,205,"IRL","Ireland",27
"Ireland",1996,3,205,"IRL","Ireland",27
"Ireland",1997,3,205,"IRL","Ireland",27
"Ireland",1998,3,205,"IRL","Ireland",27
"Ireland",1999,3,205,"IRL","Ireland",27
"Ireland",2000,3,205,"IRL","Ireland",27
"Ireland",2001,3,205,"IRL","Ireland",27
"Ireland",2002,3,205,"IRL","Ireland",27
"Ireland",2003,3,205,"IRL","Ireland",27
"Ireland",2004,3,205,"IRL","Ireland",27
"Ireland",2005,3,205,"IRL","Ireland",27
"Ireland",2006,3,205,"IRL","Ireland",27
"Ireland",2007,3,205,"IRL","Ireland",27
"Ireland",2008,3,205,"IRL","Ireland",27
"Ireland",2009,3,205,"IRL","Ireland",27
"Ireland",2010,3,205,"IRL","Ireland",27
"Ireland",2011,3,205,"IRL","Ireland",27
"Ireland",2012,3,205,"IRL","Ireland",27
"Ireland",2013,3,205,"IRL","Ireland",27
"Ireland",2014,3,205,"IRL","Ireland",27
"Ireland",2015,3,205,"IRL","Ireland",27
"Ireland",2016,3,205,"IRL","Ireland",27
"Ireland",2017,3,205,"IRL","Ireland",27
"Ireland",2018,3,205,"IRL","Ireland",27
"Ireland",2019,3,205,"IRL","Ireland",27
"Ireland",2020,3,205,"IRL","Ireland",27
"Ireland",2021,3,205,"IRL","Ireland",27
"Ireland",2022,3,205,"IRL","Ireland",27
"Ireland",2023,3,205,"IRL","Ireland",27
"Ireland",2024,3,205,"IRL","Ireland",27
"Ireland",2025,3,205,"IRL","Ireland",27
"Israel",1948,0,666,"ISR","Israel",28
"Israel",1949,2,666,"ISR","Israel",28
"Israel",1950,2,666,"ISR","Israel",28
"Israel",1951,2,666,"ISR","Israel",28
"Israel",1952,2,666,"ISR","Israel",28
"Israel",1953,2,666,"ISR","Israel",28
"Israel",1954,2,666,"ISR","Israel",28
"Israel",1955,2,666,"ISR","Israel",28
"Israel",1956,2,666,"ISR","Israel",28
"Israel",1957,2,666,"ISR","Israel",28
"Israel",1958,2,666,"ISR","Israel",28
"Israel",1959,2,666,"ISR","Israel",28
"Israel",1960,2,666,"ISR","Israel",28
"Israel",1961,2,666,"ISR","Israel",28
"Israel",1962,2,666,"ISR","Israel",28
"Israel",1963,2,666,"ISR","Israel",28
"Israel",1964,2,666,"ISR","Israel",28
"Israel",1965,2,666,"ISR","Israel",28
"Israel",1966,3,666,"ISR","Israel",28
"Israel",1967,3,666,"ISR","Israel",28
"Israel",1968,3,666,"ISR","Israel",28
"Israel",1969,3,666,"ISR","Israel",28
"Israel",1970,3,666,"ISR","Israel",28
"Israel",1971,3,666,"ISR","Israel",28
"Israel",1972,3,666,"ISR","Israel",28
"Israel",1973,3,666,"ISR","Israel",28
"Israel",1974,3,666,"ISR","Israel",28
"Israel",1975,3,666,"ISR","Israel",28
"Israel",1976,3,666,"ISR","Israel",28
"Israel",1977,3,666,"ISR","Israel",28
"Israel",1978,3,666,"ISR","Israel",28
"Israel",1979,3,666,"ISR","Israel",28
"Israel",1980,3,666,"ISR","Israel",28
"Israel",1981,3,666,"ISR","Israel",28
"Israel",1982,3,666,"ISR","Israel",28
"Israel",1983,3,666,"ISR","Israel",28
"Israel",1984,3,666,"ISR","Israel",28
"Israel",1985,3,666,"ISR","Israel",28
"Israel",1986,3,666,"ISR","Israel",28
"Israel",1987,3,666,"ISR","Israel",28
"Israel",1988,3,666,"ISR","Israel",28
"Israel",1989,3,666,"ISR","Israel",28
"Israel",1990,3,666,"ISR","Israel",28
"Israel",1991,3,666,"ISR","Israel",28
"Israel",1992,3,666,"ISR","Israel",28
"Israel",1993,3,666,"ISR","Israel",28
"Israel",1994,3,666,"ISR","Israel",28
"Israel",1995,3,666,"ISR","Israel",28
"Israel",1996,3,666,"ISR","Israel",28
"Israel",1997,3,666,"ISR","Israel",28
"Israel",1998,3,666,"ISR","Israel",28
"Israel",1999,3,666,"ISR","Israel",28
"Israel",2000,3,666,"ISR","Israel",28
"Israel",2001,3,666,"ISR","Israel",28
"Israel",2002,3,666,"ISR","Israel",28
"Israel",2003,3,666,"ISR","Israel",28
"Israel",2004,3,666,"ISR","Israel",28
"Israel",2005,3,666,"ISR","Israel",28
"Israel",2006,3,666,"ISR","Israel",28
"Israel",2007,3,666,"ISR","Israel",28
"Israel",2008,3,666,"ISR","Israel",28
"Israel",2009,3,666,"ISR","Israel",28
"Israel",2010,3,666,"ISR","Israel",28
"Israel",2011,3,666,"ISR","Israel",28
"Israel",2012,3,666,"ISR","Israel",28
"Israel",2013,3,666,"ISR","Israel",28
"Israel",2014,3,666,"ISR","Israel",28
"Israel",2015,3,666,"ISR","Israel",28
"Israel",2016,3,666,"ISR","Israel",28
"Israel",2017,3,666,"ISR","Israel",28
"Israel",2018,3,666,"ISR","Israel",28
"Israel",2019,3,666,"ISR","Israel",28
"Israel",2020,3,666,"ISR","Israel",28
"Israel",2021,3,666,"ISR","Israel",28
"Israel",2022,3,666,"ISR","Israel",28
"Israel",2023,2,666,"ISR","Israel",28
"Israel",2024,2,666,"ISR","Israel",28
"Israel",2025,2,666,"ISR","Israel",28
"Italy",1861,NA,325,"ITA","Italy",29
"Italy",1862,NA,325,"ITA","Italy",29
"Italy",1863,NA,325,"ITA","Italy",29
"Italy",1864,NA,325,"ITA","Italy",29
"Italy",1865,NA,325,"ITA","Italy",29
"Italy",1866,NA,325,"ITA","Italy",29
"Italy",1867,NA,325,"ITA","Italy",29
"Italy",1868,NA,325,"ITA","Italy",29
"Italy",1869,NA,325,"ITA","Italy",29
"Italy",1870,NA,325,"ITA","Italy",29
"Italy",1871,NA,325,"ITA","Italy",29
"Italy",1872,NA,325,"ITA","Italy",29
"Italy",1873,NA,325,"ITA","Italy",29
"Italy",1874,NA,325,"ITA","Italy",29
"Italy",1875,NA,325,"ITA","Italy",29
"Italy",1876,NA,325,"ITA","Italy",29
"Italy",1877,NA,325,"ITA","Italy",29
"Italy",1878,NA,325,"ITA","Italy",29
"Italy",1879,NA,325,"ITA","Italy",29
"Italy",1880,NA,325,"ITA","Italy",29
"Italy",1881,NA,325,"ITA","Italy",29
"Italy",1882,NA,325,"ITA","Italy",29
"Italy",1883,NA,325,"ITA","Italy",29
"Italy",1884,NA,325,"ITA","Italy",29
"Italy",1885,NA,325,"ITA","Italy",29
"Italy",1886,NA,325,"ITA","Italy",29
"Italy",1887,NA,325,"ITA","Italy",29
"Italy",1888,NA,325,"ITA","Italy",29
"Italy",1889,NA,325,"ITA","Italy",29
"Italy",1890,NA,325,"ITA","Italy",29
"Italy",1891,NA,325,"ITA","Italy",29
"Italy",1892,NA,325,"ITA","Italy",29
"Italy",1893,NA,325,"ITA","Italy",29
"Italy",1894,NA,325,"ITA","Italy",29
"Italy",1895,NA,325,"ITA","Italy",29
"Italy",1896,NA,325,"ITA","Italy",29
"Italy",1897,NA,325,"ITA","Italy",29
"Italy",1898,NA,325,"ITA","Italy",29
"Italy",1899,NA,325,"ITA","Italy",29
"Italy",1900,1,325,"ITA","Italy",29
"Italy",1901,1,325,"ITA","Italy",29
"Italy",1902,1,325,"ITA","Italy",29
"Italy",1903,1,325,"ITA","Italy",29
"Italy",1904,1,325,"ITA","Italy",29
"Italy",1905,1,325,"ITA","Italy",29
"Italy",1906,1,325,"ITA","Italy",29
"Italy",1907,1,325,"ITA","Italy",29
"Italy",1908,1,325,"ITA","Italy",29
"Italy",1909,1,325,"ITA","Italy",29
"Italy",1910,1,325,"ITA","Italy",29
"Italy",1911,1,325,"ITA","Italy",29
"Italy",1912,1,325,"ITA","Italy",29
"Italy",1913,1,325,"ITA","Italy",29
"Italy",1914,1,325,"ITA","Italy",29
"Italy",1915,1,325,"ITA","Italy",29
"Italy",1916,1,325,"ITA","Italy",29
"Italy",1917,1,325,"ITA","Italy",29
"Italy",1918,1,325,"ITA","Italy",29
"Italy",1919,1,325,"ITA","Italy",29
"Italy",1920,1,325,"ITA","Italy",29
"Italy",1921,1,325,"ITA","Italy",29
"Italy",1922,1,325,"ITA","Italy",29
"Italy",1923,1,325,"ITA","Italy",29
"Italy",1924,0,325,"ITA","Italy",29
"Italy",1925,0,325,"ITA","Italy",29
"Italy",1926,0,325,"ITA","Italy",29
"Italy",1927,0,325,"ITA","Italy",29
"Italy",1928,0,325,"ITA","Italy",29
"Italy",1929,0,325,"ITA","Italy",29
"Italy",1930,0,325,"ITA","Italy",29
"Italy",1931,0,325,"ITA","Italy",29
"Italy",1932,0,325,"ITA","Italy",29
"Italy",1933,0,325,"ITA","Italy",29
"Italy",1934,0,325,"ITA","Italy",29
"Italy",1935,0,325,"ITA","Italy",29
"Italy",1936,0,325,"ITA","Italy",29
"Italy",1937,0,325,"ITA","Italy",29
"Italy",1938,0,325,"ITA","Italy",29
"Italy",1939,0,325,"ITA","Italy",29
"Italy",1940,0,325,"ITA","Italy",29
"Italy",1941,0,325,"ITA","Italy",29
"Italy",1942,0,325,"ITA","Italy",29
"Italy",1943,0,325,"ITA","Italy",29
"Italy",1944,0,325,"ITA","Italy",29
"Italy",1945,0,325,"ITA","Italy",29
"Italy",1946,1,325,"ITA","Italy",29
"Italy",1947,2,325,"ITA","Italy",29
"Italy",1948,2,325,"ITA","Italy",29
"Italy",1949,2,325,"ITA","Italy",29
"Italy",1950,2,325,"ITA","Italy",29
"Italy",1951,2,325,"ITA","Italy",29
"Italy",1952,2,325,"ITA","Italy",29
"Italy",1953,2,325,"ITA","Italy",29
"Italy",1954,2,325,"ITA","Italy",29
"Italy",1955,2,325,"ITA","Italy",29
"Italy",1956,2,325,"ITA","Italy",29
"Italy",1957,2,325,"ITA","Italy",29
"Italy",1958,2,325,"ITA","Italy",29
"Italy",1959,2,325,"ITA","Italy",29
"Italy",1960,2,325,"ITA","Italy",29
"Italy",1961,2,325,"ITA","Italy",29
"Italy",1962,2,325,"ITA","Italy",29
"Italy",1963,2,325,"ITA","Italy",29
"Italy",1964,2,325,"ITA","Italy",29
"Italy",1965,2,325,"ITA","Italy",29
"Italy",1966,2,325,"ITA","Italy",29
"Italy",1967,2,325,"ITA","Italy",29
"Italy",1968,2,325,"ITA","Italy",29
"Italy",1969,2,325,"ITA","Italy",29
"Italy",1970,3,325,"ITA","Italy",29
"Italy",1971,3,325,"ITA","Italy",29
"Italy",1972,3,325,"ITA","Italy",29
"Italy",1973,3,325,"ITA","Italy",29
"Italy",1974,3,325,"ITA","Italy",29
"Italy",1975,3,325,"ITA","Italy",29
"Italy",1976,3,325,"ITA","Italy",29
"Italy",1977,3,325,"ITA","Italy",29
"Italy",1978,3,325,"ITA","Italy",29
"Italy",1979,3,325,"ITA","Italy",29
"Italy",1980,3,325,"ITA","Italy",29
"Italy",1981,3,325,"ITA","Italy",29
"Italy",1982,3,325,"ITA","Italy",29
"Italy",1983,3,325,"ITA","Italy",29
"Italy",1984,3,325,"ITA","Italy",29
"Italy",1985,3,325,"ITA","Italy",29
"Italy",1986,3,325,"ITA","Italy",29
"Italy",1987,3,325,"ITA","Italy",29
"Italy",1988,3,325,"ITA","Italy",29
"Italy",1989,3,325,"ITA","Italy",29
"Italy",1990,3,325,"ITA","Italy",29
"Italy",1991,3,325,"ITA","Italy",29
"Italy",1992,3,325,"ITA","Italy",29
"Italy",1993,3,325,"ITA","Italy",29
"Italy",1994,3,325,"ITA","Italy",29
"Italy",1995,3,325,"ITA","Italy",29
"Italy",1996,3,325,"ITA","Italy",29
"Italy",1997,3,325,"ITA","Italy",29
"Italy",1998,3,325,"ITA","Italy",29
"Italy",1999,3,325,"ITA","Italy",29
"Italy",2000,3,325,"ITA","Italy",29
"Italy",2001,3,325,"ITA","Italy",29
"Italy",2002,3,325,"ITA","Italy",29
"Italy",2003,3,325,"ITA","Italy",29
"Italy",2004,3,325,"ITA","Italy",29
"Italy",2005,3,325,"ITA","Italy",29
"Italy",2006,3,325,"ITA","Italy",29
"Italy",2007,3,325,"ITA","Italy",29
"Italy",2008,3,325,"ITA","Italy",29
"Italy",2009,3,325,"ITA","Italy",29
"Italy",2010,3,325,"ITA","Italy",29
"Italy",2011,3,325,"ITA","Italy",29
"Italy",2012,3,325,"ITA","Italy",29
"Italy",2013,3,325,"ITA","Italy",29
"Italy",2014,3,325,"ITA","Italy",29
"Italy",2015,3,325,"ITA","Italy",29
"Italy",2016,3,325,"ITA","Italy",29
"Italy",2017,3,325,"ITA","Italy",29
"Italy",2018,3,325,"ITA","Italy",29
"Italy",2019,3,325,"ITA","Italy",29
"Italy",2020,3,325,"ITA","Italy",29
"Italy",2021,3,325,"ITA","Italy",29
"Italy",2022,3,325,"ITA","Italy",29
"Italy",2023,3,325,"ITA","Italy",29
"Italy",2024,3,325,"ITA","Italy",29
"Italy",2025,3,325,"ITA","Italy",29
"Japan",1789,NA,740,"JPN","Japan",30
"Japan",1790,NA,740,"JPN","Japan",30
"Japan",1791,NA,740,"JPN","Japan",30
"Japan",1792,NA,740,"JPN","Japan",30
"Japan",1793,NA,740,"JPN","Japan",30
"Japan",1794,NA,740,"JPN","Japan",30
"Japan",1795,NA,740,"JPN","Japan",30
"Japan",1796,NA,740,"JPN","Japan",30
"Japan",1797,NA,740,"JPN","Japan",30
"Japan",1798,NA,740,"JPN","Japan",30
"Japan",1799,NA,740,"JPN","Japan",30
"Japan",1800,NA,740,"JPN","Japan",30
"Japan",1801,NA,740,"JPN","Japan",30
"Japan",1802,NA,740,"JPN","Japan",30
"Japan",1803,NA,740,"JPN","Japan",30
"Japan",1804,NA,740,"JPN","Japan",30
"Japan",1805,NA,740,"JPN","Japan",30
"Japan",1806,NA,740,"JPN","Japan",30
"Japan",1807,NA,740,"JPN","Japan",30
"Japan",1808,NA,740,"JPN","Japan",30
"Japan",1809,NA,740,"JPN","Japan",30
"Japan",1810,NA,740,"JPN","Japan",30
"Japan",1811,NA,740,"JPN","Japan",30
"Japan",1812,NA,740,"JPN","Japan",30
"Japan",1813,NA,740,"JPN","Japan",30
"Japan",1814,NA,740,"JPN","Japan",30
"Japan",1815,NA,740,"JPN","Japan",30
"Japan",1816,NA,740,"JPN","Japan",30
"Japan",1817,NA,740,"JPN","Japan",30
"Japan",1818,NA,740,"JPN","Japan",30
"Japan",1819,NA,740,"JPN","Japan",30
"Japan",1820,NA,740,"JPN","Japan",30
"Japan",1821,NA,740,"JPN","Japan",30
"Japan",1822,NA,740,"JPN","Japan",30
"Japan",1823,NA,740,"JPN","Japan",30
"Japan",1824,NA,740,"JPN","Japan",30
"Japan",1825,NA,740,"JPN","Japan",30
"Japan",1826,NA,740,"JPN","Japan",30
"Japan",1827,NA,740,"JPN","Japan",30
"Japan",1828,NA,740,"JPN","Japan",30
"Japan",1829,NA,740,"JPN","Japan",30
"Japan",1830,NA,740,"JPN","Japan",30
"Japan",1831,NA,740,"JPN","Japan",30
"Japan",1832,NA,740,"JPN","Japan",30
"Japan",1833,NA,740,"JPN","Japan",30
"Japan",1834,NA,740,"JPN","Japan",30
"Japan",1835,NA,740,"JPN","Japan",30
"Japan",1836,NA,740,"JPN","Japan",30
"Japan",1837,NA,740,"JPN","Japan",30
"Japan",1838,NA,740,"JPN","Japan",30
"Japan",1839,NA,740,"JPN","Japan",30
"Japan",1840,NA,740,"JPN","Japan",30
"Japan",1841,NA,740,"JPN","Japan",30
"Japan",1842,NA,740,"JPN","Japan",30
"Japan",1843,NA,740,"JPN","Japan",30
"Japan",1844,NA,740,"JPN","Japan",30
"Japan",1845,NA,740,"JPN","Japan",30
"Japan",1846,NA,740,"JPN","Japan",30
"Japan",1847,NA,740,"JPN","Japan",30
"Japan",1848,NA,740,"JPN","Japan",30
"Japan",1849,NA,740,"JPN","Japan",30
"Japan",1850,NA,740,"JPN","Japan",30
"Japan",1851,NA,740,"JPN","Japan",30
"Japan",1852,NA,740,"JPN","Japan",30
"Japan",1853,NA,740,"JPN","Japan",30
"Japan",1854,NA,740,"JPN","Japan",30
"Japan",1855,NA,740,"JPN","Japan",30
"Japan",1856,NA,740,"JPN","Japan",30
"Japan",1857,NA,740,"JPN","Japan",30
"Japan",1858,NA,740,"JPN","Japan",30
"Japan",1859,NA,740,"JPN","Japan",30
"Japan",1860,NA,740,"JPN","Japan",30
"Japan",1861,NA,740,"JPN","Japan",30
"Japan",1862,NA,740,"JPN","Japan",30
"Japan",1863,NA,740,"JPN","Japan",30
"Japan",1864,NA,740,"JPN","Japan",30
"Japan",1865,NA,740,"JPN","Japan",30
"Japan",1866,NA,740,"JPN","Japan",30
"Japan",1867,NA,740,"JPN","Japan",30
"Japan",1868,NA,740,"JPN","Japan",30
"Japan",1869,NA,740,"JPN","Japan",30
"Japan",1870,NA,740,"JPN","Japan",30
"Japan",1871,NA,740,"JPN","Japan",30
"Japan",1872,NA,740,"JPN","Japan",30
"Japan",1873,NA,740,"JPN","Japan",30
"Japan",1874,NA,740,"JPN","Japan",30
"Japan",1875,NA,740,"JPN","Japan",30
"Japan",1876,NA,740,"JPN","Japan",30
"Japan",1877,NA,740,"JPN","Japan",30
"Japan",1878,NA,740,"JPN","Japan",30
"Japan",1879,NA,740,"JPN","Japan",30
"Japan",1880,NA,740,"JPN","Japan",30
"Japan",1881,NA,740,"JPN","Japan",30
"Japan",1882,NA,740,"JPN","Japan",30
"Japan",1883,NA,740,"JPN","Japan",30
"Japan",1884,NA,740,"JPN","Japan",30
"Japan",1885,NA,740,"JPN","Japan",30
"Japan",1886,NA,740,"JPN","Japan",30
"Japan",1887,NA,740,"JPN","Japan",30
"Japan",1888,NA,740,"JPN","Japan",30
"Japan",1889,NA,740,"JPN","Japan",30
"Japan",1890,NA,740,"JPN","Japan",30
"Japan",1891,NA,740,"JPN","Japan",30
"Japan",1892,NA,740,"JPN","Japan",30
"Japan",1893,NA,740,"JPN","Japan",30
"Japan",1894,NA,740,"JPN","Japan",30
"Japan",1895,NA,740,"JPN","Japan",30
"Japan",1896,NA,740,"JPN","Japan",30
"Japan",1897,NA,740,"JPN","Japan",30
"Japan",1898,NA,740,"JPN","Japan",30
"Japan",1899,NA,740,"JPN","Japan",30
"Japan",1900,0,740,"JPN","Japan",30
"Japan",1901,0,740,"JPN","Japan",30
"Japan",1902,0,740,"JPN","Japan",30
"Japan",1903,0,740,"JPN","Japan",30
"Japan",1904,0,740,"JPN","Japan",30
"Japan",1905,0,740,"JPN","Japan",30
"Japan",1906,0,740,"JPN","Japan",30
"Japan",1907,0,740,"JPN","Japan",30
"Japan",1908,0,740,"JPN","Japan",30
"Japan",1909,0,740,"JPN","Japan",30
"Japan",1910,0,740,"JPN","Japan",30
"Japan",1911,0,740,"JPN","Japan",30
"Japan",1912,0,740,"JPN","Japan",30
"Japan",1913,0,740,"JPN","Japan",30
"Japan",1914,0,740,"JPN","Japan",30
"Japan",1915,0,740,"JPN","Japan",30
"Japan",1916,0,740,"JPN","Japan",30
"Japan",1917,0,740,"JPN","Japan",30
"Japan",1918,0,740,"JPN","Japan",30
"Japan",1919,0,740,"JPN","Japan",30
"Japan",1920,0,740,"JPN","Japan",30
"Japan",1921,0,740,"JPN","Japan",30
"Japan",1922,0,740,"JPN","Japan",30
"Japan",1923,0,740,"JPN","Japan",30
"Japan",1924,0,740,"JPN","Japan",30
"Japan",1925,0,740,"JPN","Japan",30
"Japan",1926,0,740,"JPN","Japan",30
"Japan",1927,0,740,"JPN","Japan",30
"Japan",1928,0,740,"JPN","Japan",30
"Japan",1929,0,740,"JPN","Japan",30
"Japan",1930,0,740,"JPN","Japan",30
"Japan",1931,0,740,"JPN","Japan",30
"Japan",1932,0,740,"JPN","Japan",30
"Japan",1933,0,740,"JPN","Japan",30
"Japan",1934,0,740,"JPN","Japan",30
"Japan",1935,0,740,"JPN","Japan",30
"Japan",1936,0,740,"JPN","Japan",30
"Japan",1937,0,740,"JPN","Japan",30
"Japan",1938,0,740,"JPN","Japan",30
"Japan",1939,0,740,"JPN","Japan",30
"Japan",1940,0,740,"JPN","Japan",30
"Japan",1941,0,740,"JPN","Japan",30
"Japan",1942,0,740,"JPN","Japan",30
"Japan",1943,0,740,"JPN","Japan",30
"Japan",1944,0,740,"JPN","Japan",30
"Japan",1945,1,740,"JPN","Japan",30
"Japan",1946,0,740,"JPN","Japan",30
"Japan",1947,0,740,"JPN","Japan",30
"Japan",1948,0,740,"JPN","Japan",30
"Japan",1949,0,740,"JPN","Japan",30
"Japan",1950,0,740,"JPN","Japan",30
"Japan",1951,0,740,"JPN","Japan",30
"Japan",1952,3,740,"JPN","Japan",30
"Japan",1953,3,740,"JPN","Japan",30
"Japan",1954,3,740,"JPN","Japan",30
"Japan",1955,3,740,"JPN","Japan",30
"Japan",1956,3,740,"JPN","Japan",30
"Japan",1957,3,740,"JPN","Japan",30
"Japan",1958,3,740,"JPN","Japan",30
"Japan",1959,3,740,"JPN","Japan",30
"Japan",1960,3,740,"JPN","Japan",30
"Japan",1961,3,740,"JPN","Japan",30
"Japan",1962,3,740,"JPN","Japan",30
"Japan",1963,3,740,"JPN","Japan",30
"Japan",1964,3,740,"JPN","Japan",30
"Japan",1965,3,740,"JPN","Japan",30
"Japan",1966,3,740,"JPN","Japan",30
"Japan",1967,3,740,"JPN","Japan",30
"Japan",1968,3,740,"JPN","Japan",30
"Japan",1969,3,740,"JPN","Japan",30
"Japan",1970,3,740,"JPN","Japan",30
"Japan",1971,3,740,"JPN","Japan",30
"Japan",1972,3,740,"JPN","Japan",30
"Japan",1973,3,740,"JPN","Japan",30
"Japan",1974,3,740,"JPN","Japan",30
"Japan",1975,3,740,"JPN","Japan",30
"Japan",1976,3,740,"JPN","Japan",30
"Japan",1977,3,740,"JPN","Japan",30
"Japan",1978,3,740,"JPN","Japan",30
"Japan",1979,3,740,"JPN","Japan",30
"Japan",1980,3,740,"JPN","Japan",30
"Japan",1981,3,740,"JPN","Japan",30
"Japan",1982,3,740,"JPN","Japan",30
"Japan",1983,3,740,"JPN","Japan",30
"Japan",1984,3,740,"JPN","Japan",30
"Japan",1985,3,740,"JPN","Japan",30
"Japan",1986,3,740,"JPN","Japan",30
"Japan",1987,3,740,"JPN","Japan",30
"Japan",1988,3,740,"JPN","Japan",30
"Japan",1989,3,740,"JPN","Japan",30
"Japan",1990,3,740,"JPN","Japan",30
"Japan",1991,3,740,"JPN","Japan",30
"Japan",1992,3,740,"JPN","Japan",30
"Japan",1993,3,740,"JPN","Japan",30
"Japan",1994,3,740,"JPN","Japan",30
"Japan",1995,3,740,"JPN","Japan",30
"Japan",1996,3,740,"JPN","Japan",30
"Japan",1997,3,740,"JPN","Japan",30
"Japan",1998,3,740,"JPN","Japan",30
"Japan",1999,3,740,"JPN","Japan",30
"Japan",2000,3,740,"JPN","Japan",30
"Japan",2001,3,740,"JPN","Japan",30
"Japan",2002,3,740,"JPN","Japan",30
"Japan",2003,3,740,"JPN","Japan",30
"Japan",2004,3,740,"JPN","Japan",30
"Japan",2005,3,740,"JPN","Japan",30
"Japan",2006,3,740,"JPN","Japan",30
"Japan",2007,3,740,"JPN","Japan",30
"Japan",2008,3,740,"JPN","Japan",30
"Japan",2009,3,740,"JPN","Japan",30
"Japan",2010,3,740,"JPN","Japan",30
"Japan",2011,3,740,"JPN","Japan",30
"Japan",2012,3,740,"JPN","Japan",30
"Japan",2013,3,740,"JPN","Japan",30
"Japan",2014,3,740,"JPN","Japan",30
"Japan",2015,3,740,"JPN","Japan",30
"Japan",2016,3,740,"JPN","Japan",30
"Japan",2017,3,740,"JPN","Japan",30
"Japan",2018,3,740,"JPN","Japan",30
"Japan",2019,3,740,"JPN","Japan",30
"Japan",2020,3,740,"JPN","Japan",30
"Japan",2021,3,740,"JPN","Japan",30
"Japan",2022,3,740,"JPN","Japan",30
"Japan",2023,3,740,"JPN","Japan",30
"Japan",2024,3,740,"JPN","Japan",30
"Japan",2025,3,740,"JPN","Japan",30
"Latvia",1920,1,367,"LVA","Latvia",31
"Latvia",1921,1,367,"LVA","Latvia",31
"Latvia",1922,1,367,"LVA","Latvia",31
"Latvia",1923,2,367,"LVA","Latvia",31
"Latvia",1924,2,367,"LVA","Latvia",31
"Latvia",1925,2,367,"LVA","Latvia",31
"Latvia",1926,2,367,"LVA","Latvia",31
"Latvia",1927,2,367,"LVA","Latvia",31
"Latvia",1928,2,367,"LVA","Latvia",31
"Latvia",1929,2,367,"LVA","Latvia",31
"Latvia",1930,2,367,"LVA","Latvia",31
"Latvia",1931,2,367,"LVA","Latvia",31
"Latvia",1932,2,367,"LVA","Latvia",31
"Latvia",1933,2,367,"LVA","Latvia",31
"Latvia",1934,0,367,"LVA","Latvia",31
"Latvia",1935,0,367,"LVA","Latvia",31
"Latvia",1936,0,367,"LVA","Latvia",31
"Latvia",1937,0,367,"LVA","Latvia",31
"Latvia",1938,0,367,"LVA","Latvia",31
"Latvia",1939,0,367,"LVA","Latvia",31
"Latvia",1990,2,367,"LVA","Latvia",31
"Latvia",1991,2,367,"LVA","Latvia",31
"Latvia",1992,2,367,"LVA","Latvia",31
"Latvia",1993,2,367,"LVA","Latvia",31
"Latvia",1994,2,367,"LVA","Latvia",31
"Latvia",1995,2,367,"LVA","Latvia",31
"Latvia",1996,2,367,"LVA","Latvia",31
"Latvia",1997,2,367,"LVA","Latvia",31
"Latvia",1998,2,367,"LVA","Latvia",31
"Latvia",1999,2,367,"LVA","Latvia",31
"Latvia",2000,2,367,"LVA","Latvia",31
"Latvia",2001,2,367,"LVA","Latvia",31
"Latvia",2002,2,367,"LVA","Latvia",31
"Latvia",2003,2,367,"LVA","Latvia",31
"Latvia",2004,2,367,"LVA","Latvia",31
"Latvia",2005,2,367,"LVA","Latvia",31
"Latvia",2006,2,367,"LVA","Latvia",31
"Latvia",2007,2,367,"LVA","Latvia",31
"Latvia",2008,2,367,"LVA","Latvia",31
"Latvia",2009,3,367,"LVA","Latvia",31
"Latvia",2010,3,367,"LVA","Latvia",31
"Latvia",2011,3,367,"LVA","Latvia",31
"Latvia",2012,3,367,"LVA","Latvia",31
"Latvia",2013,2,367,"LVA","Latvia",31
"Latvia",2014,3,367,"LVA","Latvia",31
"Latvia",2015,3,367,"LVA","Latvia",31
"Latvia",2016,2,367,"LVA","Latvia",31
"Latvia",2017,3,367,"LVA","Latvia",31
"Latvia",2018,3,367,"LVA","Latvia",31
"Latvia",2019,3,367,"LVA","Latvia",31
"Latvia",2020,3,367,"LVA","Latvia",31
"Latvia",2021,3,367,"LVA","Latvia",31
"Latvia",2022,3,367,"LVA","Latvia",31
"Latvia",2023,3,367,"LVA","Latvia",31
"Latvia",2024,3,367,"LVA","Latvia",31
"Latvia",2025,3,367,"LVA","Latvia",31
"Lithuania",1918,0,368,"LTU","Lithuania",32
"Lithuania",1919,0,368,"LTU","Lithuania",32
"Lithuania",1920,1,368,"LTU","Lithuania",32
"Lithuania",1921,2,368,"LTU","Lithuania",32
"Lithuania",1922,2,368,"LTU","Lithuania",32
"Lithuania",1923,2,368,"LTU","Lithuania",32
"Lithuania",1924,2,368,"LTU","Lithuania",32
"Lithuania",1925,2,368,"LTU","Lithuania",32
"Lithuania",1926,2,368,"LTU","Lithuania",32
"Lithuania",1927,0,368,"LTU","Lithuania",32
"Lithuania",1928,0,368,"LTU","Lithuania",32
"Lithuania",1929,0,368,"LTU","Lithuania",32
"Lithuania",1930,0,368,"LTU","Lithuania",32
"Lithuania",1931,0,368,"LTU","Lithuania",32
"Lithuania",1932,0,368,"LTU","Lithuania",32
"Lithuania",1933,0,368,"LTU","Lithuania",32
"Lithuania",1934,0,368,"LTU","Lithuania",32
"Lithuania",1935,0,368,"LTU","Lithuania",32
"Lithuania",1936,0,368,"LTU","Lithuania",32
"Lithuania",1937,0,368,"LTU","Lithuania",32
"Lithuania",1938,0,368,"LTU","Lithuania",32
"Lithuania",1939,0,368,"LTU","Lithuania",32
"Lithuania",1990,2,368,"LTU","Lithuania",32
"Lithuania",1991,2,368,"LTU","Lithuania",32
"Lithuania",1992,2,368,"LTU","Lithuania",32
"Lithuania",1993,3,368,"LTU","Lithuania",32
"Lithuania",1994,3,368,"LTU","Lithuania",32
"Lithuania",1995,3,368,"LTU","Lithuania",32
"Lithuania",1996,3,368,"LTU","Lithuania",32
"Lithuania",1997,3,368,"LTU","Lithuania",32
"Lithuania",1998,3,368,"LTU","Lithuania",32
"Lithuania",1999,3,368,"LTU","Lithuania",32
"Lithuania",2000,3,368,"LTU","Lithuania",32
"Lithuania",2001,3,368,"LTU","Lithuania",32
"Lithuania",2002,3,368,"LTU","Lithuania",32
"Lithuania",2003,3,368,"LTU","Lithuania",32
"Lithuania",2004,3,368,"LTU","Lithuania",32
"Lithuania",2005,3,368,"LTU","Lithuania",32
"Lithuania",2006,3,368,"LTU","Lithuania",32
"Lithuania",2007,3,368,"LTU","Lithuania",32
"Lithuania",2008,3,368,"LTU","Lithuania",32
"Lithuania",2009,3,368,"LTU","Lithuania",32
"Lithuania",2010,3,368,"LTU","Lithuania",32
"Lithuania",2011,3,368,"LTU","Lithuania",32
"Lithuania",2012,3,368,"LTU","Lithuania",32
"Lithuania",2013,3,368,"LTU","Lithuania",32
"Lithuania",2014,3,368,"LTU","Lithuania",32
"Lithuania",2015,3,368,"LTU","Lithuania",32
"Lithuania",2016,2,368,"LTU","Lithuania",32
"Lithuania",2017,2,368,"LTU","Lithuania",32
"Lithuania",2018,2,368,"LTU","Lithuania",32
"Lithuania",2019,2,368,"LTU","Lithuania",32
"Lithuania",2020,2,368,"LTU","Lithuania",32
"Lithuania",2021,2,368,"LTU","Lithuania",32
"Lithuania",2022,2,368,"LTU","Lithuania",32
"Lithuania",2023,2,368,"LTU","Lithuania",32
"Lithuania",2024,2,368,"LTU","Lithuania",32
"Lithuania",2025,3,368,"LTU","Lithuania",32
"Luxembourg",1815,NA,212,"LUX","Luxembourg",33
"Luxembourg",1816,NA,212,"LUX","Luxembourg",33
"Luxembourg",1817,NA,212,"LUX","Luxembourg",33
"Luxembourg",1818,NA,212,"LUX","Luxembourg",33
"Luxembourg",1819,NA,212,"LUX","Luxembourg",33
"Luxembourg",1820,NA,212,"LUX","Luxembourg",33
"Luxembourg",1821,NA,212,"LUX","Luxembourg",33
"Luxembourg",1822,NA,212,"LUX","Luxembourg",33
"Luxembourg",1823,NA,212,"LUX","Luxembourg",33
"Luxembourg",1824,NA,212,"LUX","Luxembourg",33
"Luxembourg",1825,NA,212,"LUX","Luxembourg",33
"Luxembourg",1826,NA,212,"LUX","Luxembourg",33
"Luxembourg",1827,NA,212,"LUX","Luxembourg",33
"Luxembourg",1828,NA,212,"LUX","Luxembourg",33
"Luxembourg",1829,NA,212,"LUX","Luxembourg",33
"Luxembourg",1830,NA,212,"LUX","Luxembourg",33
"Luxembourg",1831,NA,212,"LUX","Luxembourg",33
"Luxembourg",1832,NA,212,"LUX","Luxembourg",33
"Luxembourg",1833,NA,212,"LUX","Luxembourg",33
"Luxembourg",1834,NA,212,"LUX","Luxembourg",33
"Luxembourg",1835,NA,212,"LUX","Luxembourg",33
"Luxembourg",1836,NA,212,"LUX","Luxembourg",33
"Luxembourg",1837,NA,212,"LUX","Luxembourg",33
"Luxembourg",1838,NA,212,"LUX","Luxembourg",33
"Luxembourg",1839,NA,212,"LUX","Luxembourg",33
"Luxembourg",1840,NA,212,"LUX","Luxembourg",33
"Luxembourg",1841,NA,212,"LUX","Luxembourg",33
"Luxembourg",1842,NA,212,"LUX","Luxembourg",33
"Luxembourg",1843,NA,212,"LUX","Luxembourg",33
"Luxembourg",1844,NA,212,"LUX","Luxembourg",33
"Luxembourg",1845,NA,212,"LUX","Luxembourg",33
"Luxembourg",1846,NA,212,"LUX","Luxembourg",33
"Luxembourg",1847,NA,212,"LUX","Luxembourg",33
"Luxembourg",1848,NA,212,"LUX","Luxembourg",33
"Luxembourg",1849,NA,212,"LUX","Luxembourg",33
"Luxembourg",1850,NA,212,"LUX","Luxembourg",33
"Luxembourg",1851,NA,212,"LUX","Luxembourg",33
"Luxembourg",1852,NA,212,"LUX","Luxembourg",33
"Luxembourg",1853,NA,212,"LUX","Luxembourg",33
"Luxembourg",1854,NA,212,"LUX","Luxembourg",33
"Luxembourg",1855,NA,212,"LUX","Luxembourg",33
"Luxembourg",1856,NA,212,"LUX","Luxembourg",33
"Luxembourg",1857,NA,212,"LUX","Luxembourg",33
"Luxembourg",1858,NA,212,"LUX","Luxembourg",33
"Luxembourg",1859,NA,212,"LUX","Luxembourg",33
"Luxembourg",1860,NA,212,"LUX","Luxembourg",33
"Luxembourg",1861,NA,212,"LUX","Luxembourg",33
"Luxembourg",1862,NA,212,"LUX","Luxembourg",33
"Luxembourg",1863,NA,212,"LUX","Luxembourg",33
"Luxembourg",1864,NA,212,"LUX","Luxembourg",33
"Luxembourg",1865,NA,212,"LUX","Luxembourg",33
"Luxembourg",1866,NA,212,"LUX","Luxembourg",33
"Luxembourg",1867,NA,212,"LUX","Luxembourg",33
"Luxembourg",1868,NA,212,"LUX","Luxembourg",33
"Luxembourg",1869,NA,212,"LUX","Luxembourg",33
"Luxembourg",1870,NA,212,"LUX","Luxembourg",33
"Luxembourg",1871,NA,212,"LUX","Luxembourg",33
"Luxembourg",1872,NA,212,"LUX","Luxembourg",33
"Luxembourg",1873,NA,212,"LUX","Luxembourg",33
"Luxembourg",1874,NA,212,"LUX","Luxembourg",33
"Luxembourg",1875,NA,212,"LUX","Luxembourg",33
"Luxembourg",1876,NA,212,"LUX","Luxembourg",33
"Luxembourg",1877,NA,212,"LUX","Luxembourg",33
"Luxembourg",1878,NA,212,"LUX","Luxembourg",33
"Luxembourg",1879,NA,212,"LUX","Luxembourg",33
"Luxembourg",1880,NA,212,"LUX","Luxembourg",33
"Luxembourg",1881,NA,212,"LUX","Luxembourg",33
"Luxembourg",1882,NA,212,"LUX","Luxembourg",33
"Luxembourg",1883,NA,212,"LUX","Luxembourg",33
"Luxembourg",1884,NA,212,"LUX","Luxembourg",33
"Luxembourg",1885,NA,212,"LUX","Luxembourg",33
"Luxembourg",1886,NA,212,"LUX","Luxembourg",33
"Luxembourg",1887,NA,212,"LUX","Luxembourg",33
"Luxembourg",1888,NA,212,"LUX","Luxembourg",33
"Luxembourg",1889,NA,212,"LUX","Luxembourg",33
"Luxembourg",1890,NA,212,"LUX","Luxembourg",33
"Luxembourg",1891,NA,212,"LUX","Luxembourg",33
"Luxembourg",1892,NA,212,"LUX","Luxembourg",33
"Luxembourg",1893,NA,212,"LUX","Luxembourg",33
"Luxembourg",1894,NA,212,"LUX","Luxembourg",33
"Luxembourg",1895,NA,212,"LUX","Luxembourg",33
"Luxembourg",1896,NA,212,"LUX","Luxembourg",33
"Luxembourg",1897,NA,212,"LUX","Luxembourg",33
"Luxembourg",1898,NA,212,"LUX","Luxembourg",33
"Luxembourg",1899,NA,212,"LUX","Luxembourg",33
"Luxembourg",1900,NA,212,"LUX","Luxembourg",33
"Luxembourg",1901,NA,212,"LUX","Luxembourg",33
"Luxembourg",1902,NA,212,"LUX","Luxembourg",33
"Luxembourg",1903,NA,212,"LUX","Luxembourg",33
"Luxembourg",1904,NA,212,"LUX","Luxembourg",33
"Luxembourg",1905,NA,212,"LUX","Luxembourg",33
"Luxembourg",1906,NA,212,"LUX","Luxembourg",33
"Luxembourg",1907,NA,212,"LUX","Luxembourg",33
"Luxembourg",1908,NA,212,"LUX","Luxembourg",33
"Luxembourg",1909,NA,212,"LUX","Luxembourg",33
"Luxembourg",1910,NA,212,"LUX","Luxembourg",33
"Luxembourg",1911,NA,212,"LUX","Luxembourg",33
"Luxembourg",1912,NA,212,"LUX","Luxembourg",33
"Luxembourg",1913,NA,212,"LUX","Luxembourg",33
"Luxembourg",1914,NA,212,"LUX","Luxembourg",33
"Luxembourg",1915,1,212,"LUX","Luxembourg",33
"Luxembourg",1916,1,212,"LUX","Luxembourg",33
"Luxembourg",1917,1,212,"LUX","Luxembourg",33
"Luxembourg",1918,1,212,"LUX","Luxembourg",33
"Luxembourg",1919,2,212,"LUX","Luxembourg",33
"Luxembourg",1920,2,212,"LUX","Luxembourg",33
"Luxembourg",1921,2,212,"LUX","Luxembourg",33
"Luxembourg",1922,2,212,"LUX","Luxembourg",33
"Luxembourg",1923,2,212,"LUX","Luxembourg",33
"Luxembourg",1924,2,212,"LUX","Luxembourg",33
"Luxembourg",1925,2,212,"LUX","Luxembourg",33
"Luxembourg",1926,2,212,"LUX","Luxembourg",33
"Luxembourg",1927,2,212,"LUX","Luxembourg",33
"Luxembourg",1928,2,212,"LUX","Luxembourg",33
"Luxembourg",1929,2,212,"LUX","Luxembourg",33
"Luxembourg",1930,2,212,"LUX","Luxembourg",33
"Luxembourg",1931,2,212,"LUX","Luxembourg",33
"Luxembourg",1932,2,212,"LUX","Luxembourg",33
"Luxembourg",1933,2,212,"LUX","Luxembourg",33
"Luxembourg",1934,2,212,"LUX","Luxembourg",33
"Luxembourg",1935,2,212,"LUX","Luxembourg",33
"Luxembourg",1936,2,212,"LUX","Luxembourg",33
"Luxembourg",1937,2,212,"LUX","Luxembourg",33
"Luxembourg",1938,2,212,"LUX","Luxembourg",33
"Luxembourg",1939,2,212,"LUX","Luxembourg",33
"Luxembourg",1940,0,212,"LUX","Luxembourg",33
"Luxembourg",1941,0,212,"LUX","Luxembourg",33
"Luxembourg",1942,0,212,"LUX","Luxembourg",33
"Luxembourg",1943,0,212,"LUX","Luxembourg",33
"Luxembourg",1944,0,212,"LUX","Luxembourg",33
"Luxembourg",1945,1,212,"LUX","Luxembourg",33
"Luxembourg",1946,3,212,"LUX","Luxembourg",33
"Luxembourg",1947,3,212,"LUX","Luxembourg",33
"Luxembourg",1948,3,212,"LUX","Luxembourg",33
"Luxembourg",1949,3,212,"LUX","Luxembourg",33
"Luxembourg",1950,3,212,"LUX","Luxembourg",33
"Luxembourg",1951,3,212,"LUX","Luxembourg",33
"Luxembourg",1952,3,212,"LUX","Luxembourg",33
"Luxembourg",1953,3,212,"LUX","Luxembourg",33
"Luxembourg",1954,3,212,"LUX","Luxembourg",33
"Luxembourg",1955,3,212,"LUX","Luxembourg",33
"Luxembourg",1956,3,212,"LUX","Luxembourg",33
"Luxembourg",1957,3,212,"LUX","Luxembourg",33
"Luxembourg",1958,3,212,"LUX","Luxembourg",33
"Luxembourg",1959,3,212,"LUX","Luxembourg",33
"Luxembourg",1960,3,212,"LUX","Luxembourg",33
"Luxembourg",1961,3,212,"LUX","Luxembourg",33
"Luxembourg",1962,3,212,"LUX","Luxembourg",33
"Luxembourg",1963,3,212,"LUX","Luxembourg",33
"Luxembourg",1964,3,212,"LUX","Luxembourg",33
"Luxembourg",1965,3,212,"LUX","Luxembourg",33
"Luxembourg",1966,3,212,"LUX","Luxembourg",33
"Luxembourg",1967,3,212,"LUX","Luxembourg",33
"Luxembourg",1968,3,212,"LUX","Luxembourg",33
"Luxembourg",1969,3,212,"LUX","Luxembourg",33
"Luxembourg",1970,3,212,"LUX","Luxembourg",33
"Luxembourg",1971,3,212,"LUX","Luxembourg",33
"Luxembourg",1972,3,212,"LUX","Luxembourg",33
"Luxembourg",1973,3,212,"LUX","Luxembourg",33
"Luxembourg",1974,3,212,"LUX","Luxembourg",33
"Luxembourg",1975,3,212,"LUX","Luxembourg",33
"Luxembourg",1976,3,212,"LUX","Luxembourg",33
"Luxembourg",1977,3,212,"LUX","Luxembourg",33
"Luxembourg",1978,3,212,"LUX","Luxembourg",33
"Luxembourg",1979,3,212,"LUX","Luxembourg",33
"Luxembourg",1980,3,212,"LUX","Luxembourg",33
"Luxembourg",1981,3,212,"LUX","Luxembourg",33
"Luxembourg",1982,3,212,"LUX","Luxembourg",33
"Luxembourg",1983,3,212,"LUX","Luxembourg",33
"Luxembourg",1984,3,212,"LUX","Luxembourg",33
"Luxembourg",1985,3,212,"LUX","Luxembourg",33
"Luxembourg",1986,3,212,"LUX","Luxembourg",33
"Luxembourg",1987,3,212,"LUX","Luxembourg",33
"Luxembourg",1988,3,212,"LUX","Luxembourg",33
"Luxembourg",1989,3,212,"LUX","Luxembourg",33
"Luxembourg",1990,3,212,"LUX","Luxembourg",33
"Luxembourg",1991,3,212,"LUX","Luxembourg",33
"Luxembourg",1992,3,212,"LUX","Luxembourg",33
"Luxembourg",1993,3,212,"LUX","Luxembourg",33
"Luxembourg",1994,3,212,"LUX","Luxembourg",33
"Luxembourg",1995,3,212,"LUX","Luxembourg",33
"Luxembourg",1996,3,212,"LUX","Luxembourg",33
"Luxembourg",1997,3,212,"LUX","Luxembourg",33
"Luxembourg",1998,3,212,"LUX","Luxembourg",33
"Luxembourg",1999,3,212,"LUX","Luxembourg",33
"Luxembourg",2000,3,212,"LUX","Luxembourg",33
"Luxembourg",2001,3,212,"LUX","Luxembourg",33
"Luxembourg",2002,3,212,"LUX","Luxembourg",33
"Luxembourg",2003,3,212,"LUX","Luxembourg",33
"Luxembourg",2004,3,212,"LUX","Luxembourg",33
"Luxembourg",2005,3,212,"LUX","Luxembourg",33
"Luxembourg",2006,3,212,"LUX","Luxembourg",33
"Luxembourg",2007,3,212,"LUX","Luxembourg",33
"Luxembourg",2008,3,212,"LUX","Luxembourg",33
"Luxembourg",2009,3,212,"LUX","Luxembourg",33
"Luxembourg",2010,3,212,"LUX","Luxembourg",33
"Luxembourg",2011,3,212,"LUX","Luxembourg",33
"Luxembourg",2012,3,212,"LUX","Luxembourg",33
"Luxembourg",2013,3,212,"LUX","Luxembourg",33
"Luxembourg",2014,3,212,"LUX","Luxembourg",33
"Luxembourg",2015,3,212,"LUX","Luxembourg",33
"Luxembourg",2016,3,212,"LUX","Luxembourg",33
"Luxembourg",2017,3,212,"LUX","Luxembourg",33
"Luxembourg",2018,3,212,"LUX","Luxembourg",33
"Luxembourg",2019,3,212,"LUX","Luxembourg",33
"Luxembourg",2020,3,212,"LUX","Luxembourg",33
"Luxembourg",2021,3,212,"LUX","Luxembourg",33
"Luxembourg",2022,3,212,"LUX","Luxembourg",33
"Luxembourg",2023,3,212,"LUX","Luxembourg",33
"Luxembourg",2024,3,212,"LUX","Luxembourg",33
"Luxembourg",2025,3,212,"LUX","Luxembourg",33
"Malaysia",1900,0,820,"MYS","Malaysia",34
"Malaysia",1901,0,820,"MYS","Malaysia",34
"Malaysia",1902,0,820,"MYS","Malaysia",34
"Malaysia",1903,0,820,"MYS","Malaysia",34
"Malaysia",1904,0,820,"MYS","Malaysia",34
"Malaysia",1905,0,820,"MYS","Malaysia",34
"Malaysia",1906,0,820,"MYS","Malaysia",34
"Malaysia",1907,0,820,"MYS","Malaysia",34
"Malaysia",1908,0,820,"MYS","Malaysia",34
"Malaysia",1909,0,820,"MYS","Malaysia",34
"Malaysia",1910,0,820,"MYS","Malaysia",34
"Malaysia",1911,0,820,"MYS","Malaysia",34
"Malaysia",1912,0,820,"MYS","Malaysia",34
"Malaysia",1913,0,820,"MYS","Malaysia",34
"Malaysia",1914,0,820,"MYS","Malaysia",34
"Malaysia",1915,0,820,"MYS","Malaysia",34
"Malaysia",1916,0,820,"MYS","Malaysia",34
"Malaysia",1917,0,820,"MYS","Malaysia",34
"Malaysia",1918,0,820,"MYS","Malaysia",34
"Malaysia",1919,0,820,"MYS","Malaysia",34
"Malaysia",1920,0,820,"MYS","Malaysia",34
"Malaysia",1921,0,820,"MYS","Malaysia",34
"Malaysia",1922,0,820,"MYS","Malaysia",34
"Malaysia",1923,0,820,"MYS","Malaysia",34
"Malaysia",1924,0,820,"MYS","Malaysia",34
"Malaysia",1925,0,820,"MYS","Malaysia",34
"Malaysia",1926,0,820,"MYS","Malaysia",34
"Malaysia",1927,0,820,"MYS","Malaysia",34
"Malaysia",1928,0,820,"MYS","Malaysia",34
"Malaysia",1929,0,820,"MYS","Malaysia",34
"Malaysia",1930,0,820,"MYS","Malaysia",34
"Malaysia",1931,0,820,"MYS","Malaysia",34
"Malaysia",1932,0,820,"MYS","Malaysia",34
"Malaysia",1933,0,820,"MYS","Malaysia",34
"Malaysia",1934,0,820,"MYS","Malaysia",34
"Malaysia",1935,0,820,"MYS","Malaysia",34
"Malaysia",1936,0,820,"MYS","Malaysia",34
"Malaysia",1937,0,820,"MYS","Malaysia",34
"Malaysia",1938,0,820,"MYS","Malaysia",34
"Malaysia",1939,0,820,"MYS","Malaysia",34
"Malaysia",1940,0,820,"MYS","Malaysia",34
"Malaysia",1941,0,820,"MYS","Malaysia",34
"Malaysia",1942,0,820,"MYS","Malaysia",34
"Malaysia",1943,0,820,"MYS","Malaysia",34
"Malaysia",1944,0,820,"MYS","Malaysia",34
"Malaysia",1945,0,820,"MYS","Malaysia",34
"Malaysia",1946,0,820,"MYS","Malaysia",34
"Malaysia",1947,0,820,"MYS","Malaysia",34
"Malaysia",1948,0,820,"MYS","Malaysia",34
"Malaysia",1949,0,820,"MYS","Malaysia",34
"Malaysia",1950,0,820,"MYS","Malaysia",34
"Malaysia",1951,0,820,"MYS","Malaysia",34
"Malaysia",1952,0,820,"MYS","Malaysia",34
"Malaysia",1953,0,820,"MYS","Malaysia",34
"Malaysia",1954,0,820,"MYS","Malaysia",34
"Malaysia",1955,1,820,"MYS","Malaysia",34
"Malaysia",1956,1,820,"MYS","Malaysia",34
"Malaysia",1957,1,820,"MYS","Malaysia",34
"Malaysia",1958,1,820,"MYS","Malaysia",34
"Malaysia",1959,1,820,"MYS","Malaysia",34
"Malaysia",1960,1,820,"MYS","Malaysia",34
"Malaysia",1961,1,820,"MYS","Malaysia",34
"Malaysia",1962,1,820,"MYS","Malaysia",34
"Malaysia",1963,1,820,"MYS","Malaysia",34
"Malaysia",1964,1,820,"MYS","Malaysia",34
"Malaysia",1965,1,820,"MYS","Malaysia",34
"Malaysia",1966,1,820,"MYS","Malaysia",34
"Malaysia",1967,1,820,"MYS","Malaysia",34
"Malaysia",1968,1,820,"MYS","Malaysia",34
"Malaysia",1969,1,820,"MYS","Malaysia",34
"Malaysia",1970,0,820,"MYS","Malaysia",34
"Malaysia",1971,0,820,"MYS","Malaysia",34
"Malaysia",1972,0,820,"MYS","Malaysia",34
"Malaysia",1973,0,820,"MYS","Malaysia",34
"Malaysia",1974,1,820,"MYS","Malaysia",34
"Malaysia",1975,1,820,"MYS","Malaysia",34
"Malaysia",1976,1,820,"MYS","Malaysia",34
"Malaysia",1977,1,820,"MYS","Malaysia",34
"Malaysia",1978,1,820,"MYS","Malaysia",34
"Malaysia",1979,1,820,"MYS","Malaysia",34
"Malaysia",1980,1,820,"MYS","Malaysia",34
"Malaysia",1981,1,820,"MYS","Malaysia",34
"Malaysia",1982,1,820,"MYS","Malaysia",34
"Malaysia",1983,1,820,"MYS","Malaysia",34
"Malaysia",1984,1,820,"MYS","Malaysia",34
"Malaysia",1985,1,820,"MYS","Malaysia",34
"Malaysia",1986,1,820,"MYS","Malaysia",34
"Malaysia",1987,1,820,"MYS","Malaysia",34
"Malaysia",1988,1,820,"MYS","Malaysia",34
"Malaysia",1989,1,820,"MYS","Malaysia",34
"Malaysia",1990,1,820,"MYS","Malaysia",34
"Malaysia",1991,1,820,"MYS","Malaysia",34
"Malaysia",1992,1,820,"MYS","Malaysia",34
"Malaysia",1993,1,820,"MYS","Malaysia",34
"Malaysia",1994,1,820,"MYS","Malaysia",34
"Malaysia",1995,1,820,"MYS","Malaysia",34
"Malaysia",1996,1,820,"MYS","Malaysia",34
"Malaysia",1997,1,820,"MYS","Malaysia",34
"Malaysia",1998,1,820,"MYS","Malaysia",34
"Malaysia",1999,1,820,"MYS","Malaysia",34
"Malaysia",2000,1,820,"MYS","Malaysia",34
"Malaysia",2001,1,820,"MYS","Malaysia",34
"Malaysia",2002,1,820,"MYS","Malaysia",34
"Malaysia",2003,1,820,"MYS","Malaysia",34
"Malaysia",2004,1,820,"MYS","Malaysia",34
"Malaysia",2005,1,820,"MYS","Malaysia",34
"Malaysia",2006,1,820,"MYS","Malaysia",34
"Malaysia",2007,1,820,"MYS","Malaysia",34
"Malaysia",2008,1,820,"MYS","Malaysia",34
"Malaysia",2009,1,820,"MYS","Malaysia",34
"Malaysia",2010,1,820,"MYS","Malaysia",34
"Malaysia",2011,1,820,"MYS","Malaysia",34
"Malaysia",2012,1,820,"MYS","Malaysia",34
"Malaysia",2013,1,820,"MYS","Malaysia",34
"Malaysia",2014,1,820,"MYS","Malaysia",34
"Malaysia",2015,1,820,"MYS","Malaysia",34
"Malaysia",2016,1,820,"MYS","Malaysia",34
"Malaysia",2017,1,820,"MYS","Malaysia",34
"Malaysia",2018,1,820,"MYS","Malaysia",34
"Malaysia",2019,1,820,"MYS","Malaysia",34
"Malaysia",2020,1,820,"MYS","Malaysia",34
"Malaysia",2021,1,820,"MYS","Malaysia",34
"Malaysia",2022,1,820,"MYS","Malaysia",34
"Malaysia",2023,2,820,"MYS","Malaysia",34
"Malaysia",2024,2,820,"MYS","Malaysia",34
"Malaysia",2025,2,820,"MYS","Malaysia",34
"Malta",1900,0,338,"MLT","Malta",35
"Malta",1901,0,338,"MLT","Malta",35
"Malta",1902,0,338,"MLT","Malta",35
"Malta",1903,0,338,"MLT","Malta",35
"Malta",1904,0,338,"MLT","Malta",35
"Malta",1905,0,338,"MLT","Malta",35
"Malta",1906,0,338,"MLT","Malta",35
"Malta",1907,0,338,"MLT","Malta",35
"Malta",1908,0,338,"MLT","Malta",35
"Malta",1909,0,338,"MLT","Malta",35
"Malta",1910,0,338,"MLT","Malta",35
"Malta",1911,0,338,"MLT","Malta",35
"Malta",1912,0,338,"MLT","Malta",35
"Malta",1913,0,338,"MLT","Malta",35
"Malta",1914,0,338,"MLT","Malta",35
"Malta",1915,0,338,"MLT","Malta",35
"Malta",1916,0,338,"MLT","Malta",35
"Malta",1917,0,338,"MLT","Malta",35
"Malta",1918,0,338,"MLT","Malta",35
"Malta",1919,0,338,"MLT","Malta",35
"Malta",1920,0,338,"MLT","Malta",35
"Malta",1921,1,338,"MLT","Malta",35
"Malta",1922,1,338,"MLT","Malta",35
"Malta",1923,1,338,"MLT","Malta",35
"Malta",1924,1,338,"MLT","Malta",35
"Malta",1925,1,338,"MLT","Malta",35
"Malta",1926,1,338,"MLT","Malta",35
"Malta",1927,1,338,"MLT","Malta",35
"Malta",1928,1,338,"MLT","Malta",35
"Malta",1929,1,338,"MLT","Malta",35
"Malta",1930,1,338,"MLT","Malta",35
"Malta",1931,0,338,"MLT","Malta",35
"Malta",1932,1,338,"MLT","Malta",35
"Malta",1933,0,338,"MLT","Malta",35
"Malta",1934,0,338,"MLT","Malta",35
"Malta",1935,0,338,"MLT","Malta",35
"Malta",1936,0,338,"MLT","Malta",35
"Malta",1937,0,338,"MLT","Malta",35
"Malta",1938,0,338,"MLT","Malta",35
"Malta",1939,0,338,"MLT","Malta",35
"Malta",1940,0,338,"MLT","Malta",35
"Malta",1941,0,338,"MLT","Malta",35
"Malta",1942,0,338,"MLT","Malta",35
"Malta",1943,0,338,"MLT","Malta",35
"Malta",1944,0,338,"MLT","Malta",35
"Malta",1945,0,338,"MLT","Malta",35
"Malta",1946,0,338,"MLT","Malta",35
"Malta",1947,1,338,"MLT","Malta",35
"Malta",1948,2,338,"MLT","Malta",35
"Malta",1949,2,338,"MLT","Malta",35
"Malta",1950,2,338,"MLT","Malta",35
"Malta",1951,2,338,"MLT","Malta",35
"Malta",1952,2,338,"MLT","Malta",35
"Malta",1953,2,338,"MLT","Malta",35
"Malta",1954,2,338,"MLT","Malta",35
"Malta",1955,2,338,"MLT","Malta",35
"Malta",1956,2,338,"MLT","Malta",35
"Malta",1957,2,338,"MLT","Malta",35
"Malta",1958,0,338,"MLT","Malta",35
"Malta",1959,0,338,"MLT","Malta",35
"Malta",1960,0,338,"MLT","Malta",35
"Malta",1961,0,338,"MLT","Malta",35
"Malta",1962,1,338,"MLT","Malta",35
"Malta",1963,2,338,"MLT","Malta",35
"Malta",1964,2,338,"MLT","Malta",35
"Malta",1965,2,338,"MLT","Malta",35
"Malta",1966,2,338,"MLT","Malta",35
"Malta",1967,2,338,"MLT","Malta",35
"Malta",1968,2,338,"MLT","Malta",35
"Malta",1969,2,338,"MLT","Malta",35
"Malta",1970,2,338,"MLT","Malta",35
"Malta",1971,2,338,"MLT","Malta",35
"Malta",1972,2,338,"MLT","Malta",35
"Malta",1973,2,338,"MLT","Malta",35
"Malta",1974,2,338,"MLT","Malta",35
"Malta",1975,2,338,"MLT","Malta",35
"Malta",1976,2,338,"MLT","Malta",35
"Malta",1977,2,338,"MLT","Malta",35
"Malta",1978,2,338,"MLT","Malta",35
"Malta",1979,2,338,"MLT","Malta",35
"Malta",1980,2,338,"MLT","Malta",35
"Malta",1981,2,338,"MLT","Malta",35
"Malta",1982,2,338,"MLT","Malta",35
"Malta",1983,2,338,"MLT","Malta",35
"Malta",1984,2,338,"MLT","Malta",35
"Malta",1985,2,338,"MLT","Malta",35
"Malta",1986,2,338,"MLT","Malta",35
"Malta",1987,2,338,"MLT","Malta",35
"Malta",1988,2,338,"MLT","Malta",35
"Malta",1989,2,338,"MLT","Malta",35
"Malta",1990,2,338,"MLT","Malta",35
"Malta",1991,2,338,"MLT","Malta",35
"Malta",1992,2,338,"MLT","Malta",35
"Malta",1993,2,338,"MLT","Malta",35
"Malta",1994,2,338,"MLT","Malta",35
"Malta",1995,2,338,"MLT","Malta",35
"Malta",1996,2,338,"MLT","Malta",35
"Malta",1997,2,338,"MLT","Malta",35
"Malta",1998,2,338,"MLT","Malta",35
"Malta",1999,2,338,"MLT","Malta",35
"Malta",2000,2,338,"MLT","Malta",35
"Malta",2001,2,338,"MLT","Malta",35
"Malta",2002,2,338,"MLT","Malta",35
"Malta",2003,2,338,"MLT","Malta",35
"Malta",2004,2,338,"MLT","Malta",35
"Malta",2005,2,338,"MLT","Malta",35
"Malta",2006,2,338,"MLT","Malta",35
"Malta",2007,2,338,"MLT","Malta",35
"Malta",2008,2,338,"MLT","Malta",35
"Malta",2009,2,338,"MLT","Malta",35
"Malta",2010,2,338,"MLT","Malta",35
"Malta",2011,2,338,"MLT","Malta",35
"Malta",2012,2,338,"MLT","Malta",35
"Malta",2013,2,338,"MLT","Malta",35
"Malta",2014,2,338,"MLT","Malta",35
"Malta",2015,2,338,"MLT","Malta",35
"Malta",2016,2,338,"MLT","Malta",35
"Malta",2017,2,338,"MLT","Malta",35
"Malta",2018,2,338,"MLT","Malta",35
"Malta",2019,2,338,"MLT","Malta",35
"Malta",2020,2,338,"MLT","Malta",35
"Malta",2021,2,338,"MLT","Malta",35
"Malta",2022,2,338,"MLT","Malta",35
"Malta",2023,2,338,"MLT","Malta",35
"Malta",2024,2,338,"MLT","Malta",35
"Malta",2025,2,338,"MLT","Malta",35
"Mexico",1789,NA,70,"MEX","Mexico",36
"Mexico",1790,NA,70,"MEX","Mexico",36
"Mexico",1791,NA,70,"MEX","Mexico",36
"Mexico",1792,NA,70,"MEX","Mexico",36
"Mexico",1793,NA,70,"MEX","Mexico",36
"Mexico",1794,NA,70,"MEX","Mexico",36
"Mexico",1795,NA,70,"MEX","Mexico",36
"Mexico",1796,NA,70,"MEX","Mexico",36
"Mexico",1797,NA,70,"MEX","Mexico",36
"Mexico",1798,NA,70,"MEX","Mexico",36
"Mexico",1799,NA,70,"MEX","Mexico",36
"Mexico",1800,NA,70,"MEX","Mexico",36
"Mexico",1801,NA,70,"MEX","Mexico",36
"Mexico",1802,NA,70,"MEX","Mexico",36
"Mexico",1803,NA,70,"MEX","Mexico",36
"Mexico",1804,NA,70,"MEX","Mexico",36
"Mexico",1805,NA,70,"MEX","Mexico",36
"Mexico",1806,NA,70,"MEX","Mexico",36
"Mexico",1807,NA,70,"MEX","Mexico",36
"Mexico",1808,NA,70,"MEX","Mexico",36
"Mexico",1809,NA,70,"MEX","Mexico",36
"Mexico",1810,NA,70,"MEX","Mexico",36
"Mexico",1811,NA,70,"MEX","Mexico",36
"Mexico",1812,NA,70,"MEX","Mexico",36
"Mexico",1813,NA,70,"MEX","Mexico",36
"Mexico",1814,NA,70,"MEX","Mexico",36
"Mexico",1815,NA,70,"MEX","Mexico",36
"Mexico",1816,NA,70,"MEX","Mexico",36
"Mexico",1817,NA,70,"MEX","Mexico",36
"Mexico",1818,NA,70,"MEX","Mexico",36
"Mexico",1819,NA,70,"MEX","Mexico",36
"Mexico",1820,NA,70,"MEX","Mexico",36
"Mexico",1821,NA,70,"MEX","Mexico",36
"Mexico",1822,NA,70,"MEX","Mexico",36
"Mexico",1823,NA,70,"MEX","Mexico",36
"Mexico",1824,NA,70,"MEX","Mexico",36
"Mexico",1825,NA,70,"MEX","Mexico",36
"Mexico",1826,NA,70,"MEX","Mexico",36
"Mexico",1827,NA,70,"MEX","Mexico",36
"Mexico",1828,NA,70,"MEX","Mexico",36
"Mexico",1829,NA,70,"MEX","Mexico",36
"Mexico",1830,NA,70,"MEX","Mexico",36
"Mexico",1831,NA,70,"MEX","Mexico",36
"Mexico",1832,NA,70,"MEX","Mexico",36
"Mexico",1833,NA,70,"MEX","Mexico",36
"Mexico",1834,NA,70,"MEX","Mexico",36
"Mexico",1835,NA,70,"MEX","Mexico",36
"Mexico",1836,NA,70,"MEX","Mexico",36
"Mexico",1837,NA,70,"MEX","Mexico",36
"Mexico",1838,NA,70,"MEX","Mexico",36
"Mexico",1839,NA,70,"MEX","Mexico",36
"Mexico",1840,NA,70,"MEX","Mexico",36
"Mexico",1841,NA,70,"MEX","Mexico",36
"Mexico",1842,NA,70,"MEX","Mexico",36
"Mexico",1843,NA,70,"MEX","Mexico",36
"Mexico",1844,NA,70,"MEX","Mexico",36
"Mexico",1845,NA,70,"MEX","Mexico",36
"Mexico",1846,NA,70,"MEX","Mexico",36
"Mexico",1847,NA,70,"MEX","Mexico",36
"Mexico",1848,NA,70,"MEX","Mexico",36
"Mexico",1849,NA,70,"MEX","Mexico",36
"Mexico",1850,NA,70,"MEX","Mexico",36
"Mexico",1851,NA,70,"MEX","Mexico",36
"Mexico",1852,NA,70,"MEX","Mexico",36
"Mexico",1853,NA,70,"MEX","Mexico",36
"Mexico",1854,NA,70,"MEX","Mexico",36
"Mexico",1855,NA,70,"MEX","Mexico",36
"Mexico",1856,NA,70,"MEX","Mexico",36
"Mexico",1857,NA,70,"MEX","Mexico",36
"Mexico",1858,NA,70,"MEX","Mexico",36
"Mexico",1859,NA,70,"MEX","Mexico",36
"Mexico",1860,NA,70,"MEX","Mexico",36
"Mexico",1861,NA,70,"MEX","Mexico",36
"Mexico",1862,NA,70,"MEX","Mexico",36
"Mexico",1863,NA,70,"MEX","Mexico",36
"Mexico",1864,NA,70,"MEX","Mexico",36
"Mexico",1865,NA,70,"MEX","Mexico",36
"Mexico",1866,NA,70,"MEX","Mexico",36
"Mexico",1867,NA,70,"MEX","Mexico",36
"Mexico",1868,NA,70,"MEX","Mexico",36
"Mexico",1869,NA,70,"MEX","Mexico",36
"Mexico",1870,NA,70,"MEX","Mexico",36
"Mexico",1871,NA,70,"MEX","Mexico",36
"Mexico",1872,NA,70,"MEX","Mexico",36
"Mexico",1873,NA,70,"MEX","Mexico",36
"Mexico",1874,NA,70,"MEX","Mexico",36
"Mexico",1875,NA,70,"MEX","Mexico",36
"Mexico",1876,NA,70,"MEX","Mexico",36
"Mexico",1877,NA,70,"MEX","Mexico",36
"Mexico",1878,NA,70,"MEX","Mexico",36
"Mexico",1879,NA,70,"MEX","Mexico",36
"Mexico",1880,NA,70,"MEX","Mexico",36
"Mexico",1881,NA,70,"MEX","Mexico",36
"Mexico",1882,NA,70,"MEX","Mexico",36
"Mexico",1883,NA,70,"MEX","Mexico",36
"Mexico",1884,NA,70,"MEX","Mexico",36
"Mexico",1885,NA,70,"MEX","Mexico",36
"Mexico",1886,NA,70,"MEX","Mexico",36
"Mexico",1887,NA,70,"MEX","Mexico",36
"Mexico",1888,NA,70,"MEX","Mexico",36
"Mexico",1889,NA,70,"MEX","Mexico",36
"Mexico",1890,NA,70,"MEX","Mexico",36
"Mexico",1891,NA,70,"MEX","Mexico",36
"Mexico",1892,NA,70,"MEX","Mexico",36
"Mexico",1893,NA,70,"MEX","Mexico",36
"Mexico",1894,NA,70,"MEX","Mexico",36
"Mexico",1895,NA,70,"MEX","Mexico",36
"Mexico",1896,NA,70,"MEX","Mexico",36
"Mexico",1897,NA,70,"MEX","Mexico",36
"Mexico",1898,NA,70,"MEX","Mexico",36
"Mexico",1899,NA,70,"MEX","Mexico",36
"Mexico",1900,0,70,"MEX","Mexico",36
"Mexico",1901,0,70,"MEX","Mexico",36
"Mexico",1902,0,70,"MEX","Mexico",36
"Mexico",1903,0,70,"MEX","Mexico",36
"Mexico",1904,0,70,"MEX","Mexico",36
"Mexico",1905,0,70,"MEX","Mexico",36
"Mexico",1906,0,70,"MEX","Mexico",36
"Mexico",1907,0,70,"MEX","Mexico",36
"Mexico",1908,0,70,"MEX","Mexico",36
"Mexico",1909,0,70,"MEX","Mexico",36
"Mexico",1910,0,70,"MEX","Mexico",36
"Mexico",1911,0,70,"MEX","Mexico",36
"Mexico",1912,0,70,"MEX","Mexico",36
"Mexico",1913,0,70,"MEX","Mexico",36
"Mexico",1914,0,70,"MEX","Mexico",36
"Mexico",1915,0,70,"MEX","Mexico",36
"Mexico",1916,0,70,"MEX","Mexico",36
"Mexico",1917,1,70,"MEX","Mexico",36
"Mexico",1918,1,70,"MEX","Mexico",36
"Mexico",1919,1,70,"MEX","Mexico",36
"Mexico",1920,1,70,"MEX","Mexico",36
"Mexico",1921,1,70,"MEX","Mexico",36
"Mexico",1922,1,70,"MEX","Mexico",36
"Mexico",1923,1,70,"MEX","Mexico",36
"Mexico",1924,1,70,"MEX","Mexico",36
"Mexico",1925,1,70,"MEX","Mexico",36
"Mexico",1926,1,70,"MEX","Mexico",36
"Mexico",1927,1,70,"MEX","Mexico",36
"Mexico",1928,1,70,"MEX","Mexico",36
"Mexico",1929,1,70,"MEX","Mexico",36
"Mexico",1930,1,70,"MEX","Mexico",36
"Mexico",1931,1,70,"MEX","Mexico",36
"Mexico",1932,1,70,"MEX","Mexico",36
"Mexico",1933,1,70,"MEX","Mexico",36
"Mexico",1934,1,70,"MEX","Mexico",36
"Mexico",1935,1,70,"MEX","Mexico",36
"Mexico",1936,1,70,"MEX","Mexico",36
"Mexico",1937,1,70,"MEX","Mexico",36
"Mexico",1938,1,70,"MEX","Mexico",36
"Mexico",1939,1,70,"MEX","Mexico",36
"Mexico",1940,1,70,"MEX","Mexico",36
"Mexico",1941,1,70,"MEX","Mexico",36
"Mexico",1942,1,70,"MEX","Mexico",36
"Mexico",1943,1,70,"MEX","Mexico",36
"Mexico",1944,1,70,"MEX","Mexico",36
"Mexico",1945,1,70,"MEX","Mexico",36
"Mexico",1946,1,70,"MEX","Mexico",36
"Mexico",1947,1,70,"MEX","Mexico",36
"Mexico",1948,1,70,"MEX","Mexico",36
"Mexico",1949,1,70,"MEX","Mexico",36
"Mexico",1950,1,70,"MEX","Mexico",36
"Mexico",1951,1,70,"MEX","Mexico",36
"Mexico",1952,1,70,"MEX","Mexico",36
"Mexico",1953,1,70,"MEX","Mexico",36
"Mexico",1954,1,70,"MEX","Mexico",36
"Mexico",1955,1,70,"MEX","Mexico",36
"Mexico",1956,1,70,"MEX","Mexico",36
"Mexico",1957,1,70,"MEX","Mexico",36
"Mexico",1958,1,70,"MEX","Mexico",36
"Mexico",1959,1,70,"MEX","Mexico",36
"Mexico",1960,1,70,"MEX","Mexico",36
"Mexico",1961,1,70,"MEX","Mexico",36
"Mexico",1962,1,70,"MEX","Mexico",36
"Mexico",1963,1,70,"MEX","Mexico",36
"Mexico",1964,1,70,"MEX","Mexico",36
"Mexico",1965,1,70,"MEX","Mexico",36
"Mexico",1966,1,70,"MEX","Mexico",36
"Mexico",1967,1,70,"MEX","Mexico",36
"Mexico",1968,1,70,"MEX","Mexico",36
"Mexico",1969,1,70,"MEX","Mexico",36
"Mexico",1970,1,70,"MEX","Mexico",36
"Mexico",1971,1,70,"MEX","Mexico",36
"Mexico",1972,1,70,"MEX","Mexico",36
"Mexico",1973,1,70,"MEX","Mexico",36
"Mexico",1974,1,70,"MEX","Mexico",36
"Mexico",1975,1,70,"MEX","Mexico",36
"Mexico",1976,1,70,"MEX","Mexico",36
"Mexico",1977,1,70,"MEX","Mexico",36
"Mexico",1978,1,70,"MEX","Mexico",36
"Mexico",1979,1,70,"MEX","Mexico",36
"Mexico",1980,1,70,"MEX","Mexico",36
"Mexico",1981,1,70,"MEX","Mexico",36
"Mexico",1982,1,70,"MEX","Mexico",36
"Mexico",1983,1,70,"MEX","Mexico",36
"Mexico",1984,1,70,"MEX","Mexico",36
"Mexico",1985,1,70,"MEX","Mexico",36
"Mexico",1986,1,70,"MEX","Mexico",36
"Mexico",1987,1,70,"MEX","Mexico",36
"Mexico",1988,1,70,"MEX","Mexico",36
"Mexico",1989,1,70,"MEX","Mexico",36
"Mexico",1990,1,70,"MEX","Mexico",36
"Mexico",1991,1,70,"MEX","Mexico",36
"Mexico",1992,1,70,"MEX","Mexico",36
"Mexico",1993,1,70,"MEX","Mexico",36
"Mexico",1994,1,70,"MEX","Mexico",36
"Mexico",1995,1,70,"MEX","Mexico",36
"Mexico",1996,2,70,"MEX","Mexico",36
"Mexico",1997,2,70,"MEX","Mexico",36
"Mexico",1998,2,70,"MEX","Mexico",36
"Mexico",1999,2,70,"MEX","Mexico",36
"Mexico",2000,2,70,"MEX","Mexico",36
"Mexico",2001,2,70,"MEX","Mexico",36
"Mexico",2002,2,70,"MEX","Mexico",36
"Mexico",2003,2,70,"MEX","Mexico",36
"Mexico",2004,2,70,"MEX","Mexico",36
"Mexico",2005,2,70,"MEX","Mexico",36
"Mexico",2006,2,70,"MEX","Mexico",36
"Mexico",2007,2,70,"MEX","Mexico",36
"Mexico",2008,2,70,"MEX","Mexico",36
"Mexico",2009,2,70,"MEX","Mexico",36
"Mexico",2010,2,70,"MEX","Mexico",36
"Mexico",2011,2,70,"MEX","Mexico",36
"Mexico",2012,2,70,"MEX","Mexico",36
"Mexico",2013,2,70,"MEX","Mexico",36
"Mexico",2014,2,70,"MEX","Mexico",36
"Mexico",2015,2,70,"MEX","Mexico",36
"Mexico",2016,2,70,"MEX","Mexico",36
"Mexico",2017,2,70,"MEX","Mexico",36
"Mexico",2018,2,70,"MEX","Mexico",36
"Mexico",2019,2,70,"MEX","Mexico",36
"Mexico",2020,2,70,"MEX","Mexico",36
"Mexico",2021,2,70,"MEX","Mexico",36
"Mexico",2022,2,70,"MEX","Mexico",36
"Mexico",2023,2,70,"MEX","Mexico",36
"Mexico",2024,1,70,"MEX","Mexico",36
"Mexico",2025,1,70,"MEX","Mexico",36
"Netherlands",1789,NA,210,"NLD","Netherlands",37
"Netherlands",1790,NA,210,"NLD","Netherlands",37
"Netherlands",1791,NA,210,"NLD","Netherlands",37
"Netherlands",1792,NA,210,"NLD","Netherlands",37
"Netherlands",1793,NA,210,"NLD","Netherlands",37
"Netherlands",1794,NA,210,"NLD","Netherlands",37
"Netherlands",1795,NA,210,"NLD","Netherlands",37
"Netherlands",1796,NA,210,"NLD","Netherlands",37
"Netherlands",1797,NA,210,"NLD","Netherlands",37
"Netherlands",1798,NA,210,"NLD","Netherlands",37
"Netherlands",1799,NA,210,"NLD","Netherlands",37
"Netherlands",1800,NA,210,"NLD","Netherlands",37
"Netherlands",1801,NA,210,"NLD","Netherlands",37
"Netherlands",1802,NA,210,"NLD","Netherlands",37
"Netherlands",1803,NA,210,"NLD","Netherlands",37
"Netherlands",1804,NA,210,"NLD","Netherlands",37
"Netherlands",1805,NA,210,"NLD","Netherlands",37
"Netherlands",1806,NA,210,"NLD","Netherlands",37
"Netherlands",1807,NA,210,"NLD","Netherlands",37
"Netherlands",1808,NA,210,"NLD","Netherlands",37
"Netherlands",1809,NA,210,"NLD","Netherlands",37
"Netherlands",1810,NA,210,"NLD","Netherlands",37
"Netherlands",1813,NA,210,"NLD","Netherlands",37
"Netherlands",1814,NA,210,"NLD","Netherlands",37
"Netherlands",1815,NA,210,"NLD","Netherlands",37
"Netherlands",1816,NA,210,"NLD","Netherlands",37
"Netherlands",1817,NA,210,"NLD","Netherlands",37
"Netherlands",1818,NA,210,"NLD","Netherlands",37
"Netherlands",1819,NA,210,"NLD","Netherlands",37
"Netherlands",1820,NA,210,"NLD","Netherlands",37
"Netherlands",1821,NA,210,"NLD","Netherlands",37
"Netherlands",1822,NA,210,"NLD","Netherlands",37
"Netherlands",1823,NA,210,"NLD","Netherlands",37
"Netherlands",1824,NA,210,"NLD","Netherlands",37
"Netherlands",1825,NA,210,"NLD","Netherlands",37
"Netherlands",1826,NA,210,"NLD","Netherlands",37
"Netherlands",1827,NA,210,"NLD","Netherlands",37
"Netherlands",1828,NA,210,"NLD","Netherlands",37
"Netherlands",1829,NA,210,"NLD","Netherlands",37
"Netherlands",1830,NA,210,"NLD","Netherlands",37
"Netherlands",1831,NA,210,"NLD","Netherlands",37
"Netherlands",1832,NA,210,"NLD","Netherlands",37
"Netherlands",1833,NA,210,"NLD","Netherlands",37
"Netherlands",1834,NA,210,"NLD","Netherlands",37
"Netherlands",1835,NA,210,"NLD","Netherlands",37
"Netherlands",1836,NA,210,"NLD","Netherlands",37
"Netherlands",1837,NA,210,"NLD","Netherlands",37
"Netherlands",1838,NA,210,"NLD","Netherlands",37
"Netherlands",1839,NA,210,"NLD","Netherlands",37
"Netherlands",1840,NA,210,"NLD","Netherlands",37
"Netherlands",1841,NA,210,"NLD","Netherlands",37
"Netherlands",1842,NA,210,"NLD","Netherlands",37
"Netherlands",1843,NA,210,"NLD","Netherlands",37
"Netherlands",1844,NA,210,"NLD","Netherlands",37
"Netherlands",1845,NA,210,"NLD","Netherlands",37
"Netherlands",1846,NA,210,"NLD","Netherlands",37
"Netherlands",1847,NA,210,"NLD","Netherlands",37
"Netherlands",1848,NA,210,"NLD","Netherlands",37
"Netherlands",1849,NA,210,"NLD","Netherlands",37
"Netherlands",1850,NA,210,"NLD","Netherlands",37
"Netherlands",1851,NA,210,"NLD","Netherlands",37
"Netherlands",1852,NA,210,"NLD","Netherlands",37
"Netherlands",1853,NA,210,"NLD","Netherlands",37
"Netherlands",1854,NA,210,"NLD","Netherlands",37
"Netherlands",1855,NA,210,"NLD","Netherlands",37
"Netherlands",1856,NA,210,"NLD","Netherlands",37
"Netherlands",1857,NA,210,"NLD","Netherlands",37
"Netherlands",1858,NA,210,"NLD","Netherlands",37
"Netherlands",1859,NA,210,"NLD","Netherlands",37
"Netherlands",1860,NA,210,"NLD","Netherlands",37
"Netherlands",1861,NA,210,"NLD","Netherlands",37
"Netherlands",1862,NA,210,"NLD","Netherlands",37
"Netherlands",1863,NA,210,"NLD","Netherlands",37
"Netherlands",1864,NA,210,"NLD","Netherlands",37
"Netherlands",1865,NA,210,"NLD","Netherlands",37
"Netherlands",1866,NA,210,"NLD","Netherlands",37
"Netherlands",1867,NA,210,"NLD","Netherlands",37
"Netherlands",1868,NA,210,"NLD","Netherlands",37
"Netherlands",1869,NA,210,"NLD","Netherlands",37
"Netherlands",1870,NA,210,"NLD","Netherlands",37
"Netherlands",1871,NA,210,"NLD","Netherlands",37
"Netherlands",1872,NA,210,"NLD","Netherlands",37
"Netherlands",1873,NA,210,"NLD","Netherlands",37
"Netherlands",1874,NA,210,"NLD","Netherlands",37
"Netherlands",1875,NA,210,"NLD","Netherlands",37
"Netherlands",1876,NA,210,"NLD","Netherlands",37
"Netherlands",1877,NA,210,"NLD","Netherlands",37
"Netherlands",1878,NA,210,"NLD","Netherlands",37
"Netherlands",1879,NA,210,"NLD","Netherlands",37
"Netherlands",1880,NA,210,"NLD","Netherlands",37
"Netherlands",1881,NA,210,"NLD","Netherlands",37
"Netherlands",1882,NA,210,"NLD","Netherlands",37
"Netherlands",1883,NA,210,"NLD","Netherlands",37
"Netherlands",1884,NA,210,"NLD","Netherlands",37
"Netherlands",1885,NA,210,"NLD","Netherlands",37
"Netherlands",1886,NA,210,"NLD","Netherlands",37
"Netherlands",1887,NA,210,"NLD","Netherlands",37
"Netherlands",1888,NA,210,"NLD","Netherlands",37
"Netherlands",1889,NA,210,"NLD","Netherlands",37
"Netherlands",1890,NA,210,"NLD","Netherlands",37
"Netherlands",1891,NA,210,"NLD","Netherlands",37
"Netherlands",1892,NA,210,"NLD","Netherlands",37
"Netherlands",1893,NA,210,"NLD","Netherlands",37
"Netherlands",1894,NA,210,"NLD","Netherlands",37
"Netherlands",1895,NA,210,"NLD","Netherlands",37
"Netherlands",1896,NA,210,"NLD","Netherlands",37
"Netherlands",1897,NA,210,"NLD","Netherlands",37
"Netherlands",1898,NA,210,"NLD","Netherlands",37
"Netherlands",1899,NA,210,"NLD","Netherlands",37
"Netherlands",1900,1,210,"NLD","Netherlands",37
"Netherlands",1901,1,210,"NLD","Netherlands",37
"Netherlands",1902,1,210,"NLD","Netherlands",37
"Netherlands",1903,1,210,"NLD","Netherlands",37
"Netherlands",1904,1,210,"NLD","Netherlands",37
"Netherlands",1905,1,210,"NLD","Netherlands",37
"Netherlands",1906,1,210,"NLD","Netherlands",37
"Netherlands",1907,1,210,"NLD","Netherlands",37
"Netherlands",1908,1,210,"NLD","Netherlands",37
"Netherlands",1909,1,210,"NLD","Netherlands",37
"Netherlands",1910,1,210,"NLD","Netherlands",37
"Netherlands",1911,1,210,"NLD","Netherlands",37
"Netherlands",1912,1,210,"NLD","Netherlands",37
"Netherlands",1913,1,210,"NLD","Netherlands",37
"Netherlands",1914,1,210,"NLD","Netherlands",37
"Netherlands",1915,1,210,"NLD","Netherlands",37
"Netherlands",1916,1,210,"NLD","Netherlands",37
"Netherlands",1917,1,210,"NLD","Netherlands",37
"Netherlands",1918,3,210,"NLD","Netherlands",37
"Netherlands",1919,3,210,"NLD","Netherlands",37
"Netherlands",1920,3,210,"NLD","Netherlands",37
"Netherlands",1921,3,210,"NLD","Netherlands",37
"Netherlands",1922,3,210,"NLD","Netherlands",37
"Netherlands",1923,3,210,"NLD","Netherlands",37
"Netherlands",1924,3,210,"NLD","Netherlands",37
"Netherlands",1925,3,210,"NLD","Netherlands",37
"Netherlands",1926,3,210,"NLD","Netherlands",37
"Netherlands",1927,3,210,"NLD","Netherlands",37
"Netherlands",1928,3,210,"NLD","Netherlands",37
"Netherlands",1929,3,210,"NLD","Netherlands",37
"Netherlands",1930,3,210,"NLD","Netherlands",37
"Netherlands",1931,3,210,"NLD","Netherlands",37
"Netherlands",1932,3,210,"NLD","Netherlands",37
"Netherlands",1933,3,210,"NLD","Netherlands",37
"Netherlands",1934,3,210,"NLD","Netherlands",37
"Netherlands",1935,3,210,"NLD","Netherlands",37
"Netherlands",1936,3,210,"NLD","Netherlands",37
"Netherlands",1937,3,210,"NLD","Netherlands",37
"Netherlands",1938,3,210,"NLD","Netherlands",37
"Netherlands",1939,3,210,"NLD","Netherlands",37
"Netherlands",1940,0,210,"NLD","Netherlands",37
"Netherlands",1941,0,210,"NLD","Netherlands",37
"Netherlands",1942,0,210,"NLD","Netherlands",37
"Netherlands",1943,0,210,"NLD","Netherlands",37
"Netherlands",1944,0,210,"NLD","Netherlands",37
"Netherlands",1945,0,210,"NLD","Netherlands",37
"Netherlands",1946,3,210,"NLD","Netherlands",37
"Netherlands",1947,3,210,"NLD","Netherlands",37
"Netherlands",1948,3,210,"NLD","Netherlands",37
"Netherlands",1949,3,210,"NLD","Netherlands",37
"Netherlands",1950,3,210,"NLD","Netherlands",37
"Netherlands",1951,3,210,"NLD","Netherlands",37
"Netherlands",1952,3,210,"NLD","Netherlands",37
"Netherlands",1953,3,210,"NLD","Netherlands",37
"Netherlands",1954,3,210,"NLD","Netherlands",37
"Netherlands",1955,3,210,"NLD","Netherlands",37
"Netherlands",1956,3,210,"NLD","Netherlands",37
"Netherlands",1957,3,210,"NLD","Netherlands",37
"Netherlands",1958,3,210,"NLD","Netherlands",37
"Netherlands",1959,3,210,"NLD","Netherlands",37
"Netherlands",1960,3,210,"NLD","Netherlands",37
"Netherlands",1961,3,210,"NLD","Netherlands",37
"Netherlands",1962,3,210,"NLD","Netherlands",37
"Netherlands",1963,3,210,"NLD","Netherlands",37
"Netherlands",1964,3,210,"NLD","Netherlands",37
"Netherlands",1965,3,210,"NLD","Netherlands",37
"Netherlands",1966,3,210,"NLD","Netherlands",37
"Netherlands",1967,3,210,"NLD","Netherlands",37
"Netherlands",1968,3,210,"NLD","Netherlands",37
"Netherlands",1969,3,210,"NLD","Netherlands",37
"Netherlands",1970,3,210,"NLD","Netherlands",37
"Netherlands",1971,3,210,"NLD","Netherlands",37
"Netherlands",1972,3,210,"NLD","Netherlands",37
"Netherlands",1973,3,210,"NLD","Netherlands",37
"Netherlands",1974,3,210,"NLD","Netherlands",37
"Netherlands",1975,3,210,"NLD","Netherlands",37
"Netherlands",1976,3,210,"NLD","Netherlands",37
"Netherlands",1977,3,210,"NLD","Netherlands",37
"Netherlands",1978,3,210,"NLD","Netherlands",37
"Netherlands",1979,3,210,"NLD","Netherlands",37
"Netherlands",1980,3,210,"NLD","Netherlands",37
"Netherlands",1981,3,210,"NLD","Netherlands",37
"Netherlands",1982,3,210,"NLD","Netherlands",37
"Netherlands",1983,3,210,"NLD","Netherlands",37
"Netherlands",1984,3,210,"NLD","Netherlands",37
"Netherlands",1985,3,210,"NLD","Netherlands",37
"Netherlands",1986,3,210,"NLD","Netherlands",37
"Netherlands",1987,3,210,"NLD","Netherlands",37
"Netherlands",1988,3,210,"NLD","Netherlands",37
"Netherlands",1989,3,210,"NLD","Netherlands",37
"Netherlands",1990,3,210,"NLD","Netherlands",37
"Netherlands",1991,3,210,"NLD","Netherlands",37
"Netherlands",1992,3,210,"NLD","Netherlands",37
"Netherlands",1993,3,210,"NLD","Netherlands",37
"Netherlands",1994,3,210,"NLD","Netherlands",37
"Netherlands",1995,3,210,"NLD","Netherlands",37
"Netherlands",1996,3,210,"NLD","Netherlands",37
"Netherlands",1997,3,210,"NLD","Netherlands",37
"Netherlands",1998,3,210,"NLD","Netherlands",37
"Netherlands",1999,3,210,"NLD","Netherlands",37
"Netherlands",2000,3,210,"NLD","Netherlands",37
"Netherlands",2001,3,210,"NLD","Netherlands",37
"Netherlands",2002,3,210,"NLD","Netherlands",37
"Netherlands",2003,3,210,"NLD","Netherlands",37
"Netherlands",2004,3,210,"NLD","Netherlands",37
"Netherlands",2005,3,210,"NLD","Netherlands",37
"Netherlands",2006,3,210,"NLD","Netherlands",37
"Netherlands",2007,3,210,"NLD","Netherlands",37
"Netherlands",2008,3,210,"NLD","Netherlands",37
"Netherlands",2009,3,210,"NLD","Netherlands",37
"Netherlands",2010,3,210,"NLD","Netherlands",37
"Netherlands",2011,3,210,"NLD","Netherlands",37
"Netherlands",2012,3,210,"NLD","Netherlands",37
"Netherlands",2013,3,210,"NLD","Netherlands",37
"Netherlands",2014,3,210,"NLD","Netherlands",37
"Netherlands",2015,3,210,"NLD","Netherlands",37
"Netherlands",2016,3,210,"NLD","Netherlands",37
"Netherlands",2017,3,210,"NLD","Netherlands",37
"Netherlands",2018,3,210,"NLD","Netherlands",37
"Netherlands",2019,3,210,"NLD","Netherlands",37
"Netherlands",2020,3,210,"NLD","Netherlands",37
"Netherlands",2021,3,210,"NLD","Netherlands",37
"Netherlands",2022,3,210,"NLD","Netherlands",37
"Netherlands",2023,3,210,"NLD","Netherlands",37
"Netherlands",2024,3,210,"NLD","Netherlands",37
"Netherlands",2025,3,210,"NLD","Netherlands",37
"New Zealand",1841,NA,920,"NZL","New Zealand",38
"New Zealand",1842,NA,920,"NZL","New Zealand",38
"New Zealand",1843,NA,920,"NZL","New Zealand",38
"New Zealand",1844,NA,920,"NZL","New Zealand",38
"New Zealand",1845,NA,920,"NZL","New Zealand",38
"New Zealand",1846,NA,920,"NZL","New Zealand",38
"New Zealand",1847,NA,920,"NZL","New Zealand",38
"New Zealand",1848,NA,920,"NZL","New Zealand",38
"New Zealand",1849,NA,920,"NZL","New Zealand",38
"New Zealand",1850,NA,920,"NZL","New Zealand",38
"New Zealand",1851,NA,920,"NZL","New Zealand",38
"New Zealand",1852,NA,920,"NZL","New Zealand",38
"New Zealand",1853,NA,920,"NZL","New Zealand",38
"New Zealand",1854,NA,920,"NZL","New Zealand",38
"New Zealand",1855,NA,920,"NZL","New Zealand",38
"New Zealand",1856,NA,920,"NZL","New Zealand",38
"New Zealand",1857,NA,920,"NZL","New Zealand",38
"New Zealand",1858,NA,920,"NZL","New Zealand",38
"New Zealand",1859,NA,920,"NZL","New Zealand",38
"New Zealand",1860,NA,920,"NZL","New Zealand",38
"New Zealand",1861,NA,920,"NZL","New Zealand",38
"New Zealand",1862,NA,920,"NZL","New Zealand",38
"New Zealand",1863,NA,920,"NZL","New Zealand",38
"New Zealand",1864,NA,920,"NZL","New Zealand",38
"New Zealand",1865,NA,920,"NZL","New Zealand",38
"New Zealand",1866,NA,920,"NZL","New Zealand",38
"New Zealand",1867,NA,920,"NZL","New Zealand",38
"New Zealand",1868,NA,920,"NZL","New Zealand",38
"New Zealand",1869,NA,920,"NZL","New Zealand",38
"New Zealand",1870,NA,920,"NZL","New Zealand",38
"New Zealand",1871,NA,920,"NZL","New Zealand",38
"New Zealand",1872,NA,920,"NZL","New Zealand",38
"New Zealand",1873,NA,920,"NZL","New Zealand",38
"New Zealand",1874,NA,920,"NZL","New Zealand",38
"New Zealand",1875,NA,920,"NZL","New Zealand",38
"New Zealand",1876,NA,920,"NZL","New Zealand",38
"New Zealand",1877,NA,920,"NZL","New Zealand",38
"New Zealand",1878,NA,920,"NZL","New Zealand",38
"New Zealand",1879,NA,920,"NZL","New Zealand",38
"New Zealand",1880,NA,920,"NZL","New Zealand",38
"New Zealand",1881,NA,920,"NZL","New Zealand",38
"New Zealand",1882,NA,920,"NZL","New Zealand",38
"New Zealand",1883,NA,920,"NZL","New Zealand",38
"New Zealand",1884,NA,920,"NZL","New Zealand",38
"New Zealand",1885,NA,920,"NZL","New Zealand",38
"New Zealand",1886,NA,920,"NZL","New Zealand",38
"New Zealand",1887,NA,920,"NZL","New Zealand",38
"New Zealand",1888,NA,920,"NZL","New Zealand",38
"New Zealand",1889,NA,920,"NZL","New Zealand",38
"New Zealand",1890,NA,920,"NZL","New Zealand",38
"New Zealand",1891,NA,920,"NZL","New Zealand",38
"New Zealand",1892,NA,920,"NZL","New Zealand",38
"New Zealand",1893,NA,920,"NZL","New Zealand",38
"New Zealand",1894,NA,920,"NZL","New Zealand",38
"New Zealand",1895,NA,920,"NZL","New Zealand",38
"New Zealand",1896,NA,920,"NZL","New Zealand",38
"New Zealand",1897,NA,920,"NZL","New Zealand",38
"New Zealand",1898,NA,920,"NZL","New Zealand",38
"New Zealand",1899,NA,920,"NZL","New Zealand",38
"New Zealand",1900,2,920,"NZL","New Zealand",38
"New Zealand",1901,2,920,"NZL","New Zealand",38
"New Zealand",1902,2,920,"NZL","New Zealand",38
"New Zealand",1903,2,920,"NZL","New Zealand",38
"New Zealand",1904,2,920,"NZL","New Zealand",38
"New Zealand",1905,2,920,"NZL","New Zealand",38
"New Zealand",1906,2,920,"NZL","New Zealand",38
"New Zealand",1907,2,920,"NZL","New Zealand",38
"New Zealand",1908,2,920,"NZL","New Zealand",38
"New Zealand",1909,2,920,"NZL","New Zealand",38
"New Zealand",1910,2,920,"NZL","New Zealand",38
"New Zealand",1911,2,920,"NZL","New Zealand",38
"New Zealand",1912,2,920,"NZL","New Zealand",38
"New Zealand",1913,3,920,"NZL","New Zealand",38
"New Zealand",1914,3,920,"NZL","New Zealand",38
"New Zealand",1915,3,920,"NZL","New Zealand",38
"New Zealand",1916,3,920,"NZL","New Zealand",38
"New Zealand",1917,3,920,"NZL","New Zealand",38
"New Zealand",1918,3,920,"NZL","New Zealand",38
"New Zealand",1919,3,920,"NZL","New Zealand",38
"New Zealand",1920,3,920,"NZL","New Zealand",38
"New Zealand",1921,3,920,"NZL","New Zealand",38
"New Zealand",1922,3,920,"NZL","New Zealand",38
"New Zealand",1923,3,920,"NZL","New Zealand",38
"New Zealand",1924,3,920,"NZL","New Zealand",38
"New Zealand",1925,3,920,"NZL","New Zealand",38
"New Zealand",1926,3,920,"NZL","New Zealand",38
"New Zealand",1927,3,920,"NZL","New Zealand",38
"New Zealand",1928,3,920,"NZL","New Zealand",38
"New Zealand",1929,3,920,"NZL","New Zealand",38
"New Zealand",1930,3,920,"NZL","New Zealand",38
"New Zealand",1931,3,920,"NZL","New Zealand",38
"New Zealand",1932,3,920,"NZL","New Zealand",38
"New Zealand",1933,3,920,"NZL","New Zealand",38
"New Zealand",1934,3,920,"NZL","New Zealand",38
"New Zealand",1935,3,920,"NZL","New Zealand",38
"New Zealand",1936,3,920,"NZL","New Zealand",38
"New Zealand",1937,3,920,"NZL","New Zealand",38
"New Zealand",1938,3,920,"NZL","New Zealand",38
"New Zealand",1939,3,920,"NZL","New Zealand",38
"New Zealand",1940,3,920,"NZL","New Zealand",38
"New Zealand",1941,3,920,"NZL","New Zealand",38
"New Zealand",1942,3,920,"NZL","New Zealand",38
"New Zealand",1943,3,920,"NZL","New Zealand",38
"New Zealand",1944,3,920,"NZL","New Zealand",38
"New Zealand",1945,3,920,"NZL","New Zealand",38
"New Zealand",1946,3,920,"NZL","New Zealand",38
"New Zealand",1947,3,920,"NZL","New Zealand",38
"New Zealand",1948,3,920,"NZL","New Zealand",38
"New Zealand",1949,3,920,"NZL","New Zealand",38
"New Zealand",1950,3,920,"NZL","New Zealand",38
"New Zealand",1951,3,920,"NZL","New Zealand",38
"New Zealand",1952,3,920,"NZL","New Zealand",38
"New Zealand",1953,3,920,"NZL","New Zealand",38
"New Zealand",1954,3,920,"NZL","New Zealand",38
"New Zealand",1955,3,920,"NZL","New Zealand",38
"New Zealand",1956,3,920,"NZL","New Zealand",38
"New Zealand",1957,3,920,"NZL","New Zealand",38
"New Zealand",1958,3,920,"NZL","New Zealand",38
"New Zealand",1959,3,920,"NZL","New Zealand",38
"New Zealand",1960,3,920,"NZL","New Zealand",38
"New Zealand",1961,3,920,"NZL","New Zealand",38
"New Zealand",1962,3,920,"NZL","New Zealand",38
"New Zealand",1963,3,920,"NZL","New Zealand",38
"New Zealand",1964,3,920,"NZL","New Zealand",38
"New Zealand",1965,3,920,"NZL","New Zealand",38
"New Zealand",1966,3,920,"NZL","New Zealand",38
"New Zealand",1967,3,920,"NZL","New Zealand",38
"New Zealand",1968,3,920,"NZL","New Zealand",38
"New Zealand",1969,3,920,"NZL","New Zealand",38
"New Zealand",1970,3,920,"NZL","New Zealand",38
"New Zealand",1971,3,920,"NZL","New Zealand",38
"New Zealand",1972,3,920,"NZL","New Zealand",38
"New Zealand",1973,3,920,"NZL","New Zealand",38
"New Zealand",1974,3,920,"NZL","New Zealand",38
"New Zealand",1975,3,920,"NZL","New Zealand",38
"New Zealand",1976,3,920,"NZL","New Zealand",38
"New Zealand",1977,3,920,"NZL","New Zealand",38
"New Zealand",1978,3,920,"NZL","New Zealand",38
"New Zealand",1979,3,920,"NZL","New Zealand",38
"New Zealand",1980,3,920,"NZL","New Zealand",38
"New Zealand",1981,3,920,"NZL","New Zealand",38
"New Zealand",1982,3,920,"NZL","New Zealand",38
"New Zealand",1983,3,920,"NZL","New Zealand",38
"New Zealand",1984,3,920,"NZL","New Zealand",38
"New Zealand",1985,3,920,"NZL","New Zealand",38
"New Zealand",1986,3,920,"NZL","New Zealand",38
"New Zealand",1987,3,920,"NZL","New Zealand",38
"New Zealand",1988,3,920,"NZL","New Zealand",38
"New Zealand",1989,3,920,"NZL","New Zealand",38
"New Zealand",1990,3,920,"NZL","New Zealand",38
"New Zealand",1991,3,920,"NZL","New Zealand",38
"New Zealand",1992,3,920,"NZL","New Zealand",38
"New Zealand",1993,3,920,"NZL","New Zealand",38
"New Zealand",1994,3,920,"NZL","New Zealand",38
"New Zealand",1995,3,920,"NZL","New Zealand",38
"New Zealand",1996,3,920,"NZL","New Zealand",38
"New Zealand",1997,3,920,"NZL","New Zealand",38
"New Zealand",1998,3,920,"NZL","New Zealand",38
"New Zealand",1999,3,920,"NZL","New Zealand",38
"New Zealand",2000,3,920,"NZL","New Zealand",38
"New Zealand",2001,3,920,"NZL","New Zealand",38
"New Zealand",2002,3,920,"NZL","New Zealand",38
"New Zealand",2003,3,920,"NZL","New Zealand",38
"New Zealand",2004,3,920,"NZL","New Zealand",38
"New Zealand",2005,3,920,"NZL","New Zealand",38
"New Zealand",2006,3,920,"NZL","New Zealand",38
"New Zealand",2007,3,920,"NZL","New Zealand",38
"New Zealand",2008,3,920,"NZL","New Zealand",38
"New Zealand",2009,3,920,"NZL","New Zealand",38
"New Zealand",2010,3,920,"NZL","New Zealand",38
"New Zealand",2011,3,920,"NZL","New Zealand",38
"New Zealand",2012,3,920,"NZL","New Zealand",38
"New Zealand",2013,3,920,"NZL","New Zealand",38
"New Zealand",2014,3,920,"NZL","New Zealand",38
"New Zealand",2015,3,920,"NZL","New Zealand",38
"New Zealand",2016,3,920,"NZL","New Zealand",38
"New Zealand",2017,3,920,"NZL","New Zealand",38
"New Zealand",2018,3,920,"NZL","New Zealand",38
"New Zealand",2019,3,920,"NZL","New Zealand",38
"New Zealand",2020,3,920,"NZL","New Zealand",38
"New Zealand",2021,3,920,"NZL","New Zealand",38
"New Zealand",2022,3,920,"NZL","New Zealand",38
"New Zealand",2023,3,920,"NZL","New Zealand",38
"New Zealand",2024,3,920,"NZL","New Zealand",38
"New Zealand",2025,3,920,"NZL","New Zealand",38
"Norway",1789,NA,385,"NOR","Norway",39
"Norway",1790,NA,385,"NOR","Norway",39
"Norway",1791,NA,385,"NOR","Norway",39
"Norway",1792,NA,385,"NOR","Norway",39
"Norway",1793,NA,385,"NOR","Norway",39
"Norway",1794,NA,385,"NOR","Norway",39
"Norway",1795,NA,385,"NOR","Norway",39
"Norway",1796,NA,385,"NOR","Norway",39
"Norway",1797,NA,385,"NOR","Norway",39
"Norway",1798,NA,385,"NOR","Norway",39
"Norway",1799,NA,385,"NOR","Norway",39
"Norway",1800,NA,385,"NOR","Norway",39
"Norway",1801,NA,385,"NOR","Norway",39
"Norway",1802,NA,385,"NOR","Norway",39
"Norway",1803,NA,385,"NOR","Norway",39
"Norway",1804,NA,385,"NOR","Norway",39
"Norway",1805,NA,385,"NOR","Norway",39
"Norway",1806,NA,385,"NOR","Norway",39
"Norway",1807,NA,385,"NOR","Norway",39
"Norway",1808,NA,385,"NOR","Norway",39
"Norway",1809,NA,385,"NOR","Norway",39
"Norway",1810,NA,385,"NOR","Norway",39
"Norway",1811,NA,385,"NOR","Norway",39
"Norway",1812,NA,385,"NOR","Norway",39
"Norway",1813,NA,385,"NOR","Norway",39
"Norway",1814,NA,385,"NOR","Norway",39
"Norway",1815,NA,385,"NOR","Norway",39
"Norway",1816,NA,385,"NOR","Norway",39
"Norway",1817,NA,385,"NOR","Norway",39
"Norway",1818,NA,385,"NOR","Norway",39
"Norway",1819,NA,385,"NOR","Norway",39
"Norway",1820,NA,385,"NOR","Norway",39
"Norway",1821,NA,385,"NOR","Norway",39
"Norway",1822,NA,385,"NOR","Norway",39
"Norway",1823,NA,385,"NOR","Norway",39
"Norway",1824,NA,385,"NOR","Norway",39
"Norway",1825,NA,385,"NOR","Norway",39
"Norway",1826,NA,385,"NOR","Norway",39
"Norway",1827,NA,385,"NOR","Norway",39
"Norway",1828,NA,385,"NOR","Norway",39
"Norway",1829,NA,385,"NOR","Norway",39
"Norway",1830,NA,385,"NOR","Norway",39
"Norway",1831,NA,385,"NOR","Norway",39
"Norway",1832,NA,385,"NOR","Norway",39
"Norway",1833,NA,385,"NOR","Norway",39
"Norway",1834,NA,385,"NOR","Norway",39
"Norway",1835,NA,385,"NOR","Norway",39
"Norway",1836,NA,385,"NOR","Norway",39
"Norway",1837,NA,385,"NOR","Norway",39
"Norway",1838,NA,385,"NOR","Norway",39
"Norway",1839,NA,385,"NOR","Norway",39
"Norway",1840,NA,385,"NOR","Norway",39
"Norway",1841,NA,385,"NOR","Norway",39
"Norway",1842,NA,385,"NOR","Norway",39
"Norway",1843,NA,385,"NOR","Norway",39
"Norway",1844,NA,385,"NOR","Norway",39
"Norway",1845,NA,385,"NOR","Norway",39
"Norway",1846,NA,385,"NOR","Norway",39
"Norway",1847,NA,385,"NOR","Norway",39
"Norway",1848,NA,385,"NOR","Norway",39
"Norway",1849,NA,385,"NOR","Norway",39
"Norway",1850,NA,385,"NOR","Norway",39
"Norway",1851,NA,385,"NOR","Norway",39
"Norway",1852,NA,385,"NOR","Norway",39
"Norway",1853,NA,385,"NOR","Norway",39
"Norway",1854,NA,385,"NOR","Norway",39
"Norway",1855,NA,385,"NOR","Norway",39
"Norway",1856,NA,385,"NOR","Norway",39
"Norway",1857,NA,385,"NOR","Norway",39
"Norway",1858,NA,385,"NOR","Norway",39
"Norway",1859,NA,385,"NOR","Norway",39
"Norway",1860,NA,385,"NOR","Norway",39
"Norway",1861,NA,385,"NOR","Norway",39
"Norway",1862,NA,385,"NOR","Norway",39
"Norway",1863,NA,385,"NOR","Norway",39
"Norway",1864,NA,385,"NOR","Norway",39
"Norway",1865,NA,385,"NOR","Norway",39
"Norway",1866,NA,385,"NOR","Norway",39
"Norway",1867,NA,385,"NOR","Norway",39
"Norway",1868,NA,385,"NOR","Norway",39
"Norway",1869,NA,385,"NOR","Norway",39
"Norway",1870,NA,385,"NOR","Norway",39
"Norway",1871,NA,385,"NOR","Norway",39
"Norway",1872,NA,385,"NOR","Norway",39
"Norway",1873,NA,385,"NOR","Norway",39
"Norway",1874,NA,385,"NOR","Norway",39
"Norway",1875,NA,385,"NOR","Norway",39
"Norway",1876,NA,385,"NOR","Norway",39
"Norway",1877,NA,385,"NOR","Norway",39
"Norway",1878,NA,385,"NOR","Norway",39
"Norway",1879,NA,385,"NOR","Norway",39
"Norway",1880,NA,385,"NOR","Norway",39
"Norway",1881,NA,385,"NOR","Norway",39
"Norway",1882,NA,385,"NOR","Norway",39
"Norway",1883,NA,385,"NOR","Norway",39
"Norway",1884,NA,385,"NOR","Norway",39
"Norway",1885,NA,385,"NOR","Norway",39
"Norway",1886,NA,385,"NOR","Norway",39
"Norway",1887,NA,385,"NOR","Norway",39
"Norway",1888,NA,385,"NOR","Norway",39
"Norway",1889,NA,385,"NOR","Norway",39
"Norway",1890,NA,385,"NOR","Norway",39
"Norway",1891,NA,385,"NOR","Norway",39
"Norway",1892,NA,385,"NOR","Norway",39
"Norway",1893,NA,385,"NOR","Norway",39
"Norway",1894,NA,385,"NOR","Norway",39
"Norway",1895,NA,385,"NOR","Norway",39
"Norway",1896,NA,385,"NOR","Norway",39
"Norway",1897,NA,385,"NOR","Norway",39
"Norway",1898,NA,385,"NOR","Norway",39
"Norway",1899,NA,385,"NOR","Norway",39
"Norway",1900,1,385,"NOR","Norway",39
"Norway",1901,1,385,"NOR","Norway",39
"Norway",1902,1,385,"NOR","Norway",39
"Norway",1903,1,385,"NOR","Norway",39
"Norway",1904,1,385,"NOR","Norway",39
"Norway",1905,1,385,"NOR","Norway",39
"Norway",1906,2,385,"NOR","Norway",39
"Norway",1907,2,385,"NOR","Norway",39
"Norway",1908,2,385,"NOR","Norway",39
"Norway",1909,2,385,"NOR","Norway",39
"Norway",1910,2,385,"NOR","Norway",39
"Norway",1911,2,385,"NOR","Norway",39
"Norway",1912,2,385,"NOR","Norway",39
"Norway",1913,2,385,"NOR","Norway",39
"Norway",1914,2,385,"NOR","Norway",39
"Norway",1915,2,385,"NOR","Norway",39
"Norway",1916,2,385,"NOR","Norway",39
"Norway",1917,2,385,"NOR","Norway",39
"Norway",1918,2,385,"NOR","Norway",39
"Norway",1919,2,385,"NOR","Norway",39
"Norway",1920,2,385,"NOR","Norway",39
"Norway",1921,2,385,"NOR","Norway",39
"Norway",1922,2,385,"NOR","Norway",39
"Norway",1923,2,385,"NOR","Norway",39
"Norway",1924,2,385,"NOR","Norway",39
"Norway",1925,2,385,"NOR","Norway",39
"Norway",1926,2,385,"NOR","Norway",39
"Norway",1927,2,385,"NOR","Norway",39
"Norway",1928,2,385,"NOR","Norway",39
"Norway",1929,2,385,"NOR","Norway",39
"Norway",1930,2,385,"NOR","Norway",39
"Norway",1931,2,385,"NOR","Norway",39
"Norway",1932,2,385,"NOR","Norway",39
"Norway",1933,2,385,"NOR","Norway",39
"Norway",1934,2,385,"NOR","Norway",39
"Norway",1935,2,385,"NOR","Norway",39
"Norway",1936,2,385,"NOR","Norway",39
"Norway",1937,2,385,"NOR","Norway",39
"Norway",1938,2,385,"NOR","Norway",39
"Norway",1939,2,385,"NOR","Norway",39
"Norway",1940,1,385,"NOR","Norway",39
"Norway",1941,1,385,"NOR","Norway",39
"Norway",1942,0,385,"NOR","Norway",39
"Norway",1943,0,385,"NOR","Norway",39
"Norway",1944,0,385,"NOR","Norway",39
"Norway",1945,1,385,"NOR","Norway",39
"Norway",1946,3,385,"NOR","Norway",39
"Norway",1947,3,385,"NOR","Norway",39
"Norway",1948,3,385,"NOR","Norway",39
"Norway",1949,3,385,"NOR","Norway",39
"Norway",1950,3,385,"NOR","Norway",39
"Norway",1951,3,385,"NOR","Norway",39
"Norway",1952,3,385,"NOR","Norway",39
"Norway",1953,3,385,"NOR","Norway",39
"Norway",1954,3,385,"NOR","Norway",39
"Norway",1955,3,385,"NOR","Norway",39
"Norway",1956,3,385,"NOR","Norway",39
"Norway",1957,3,385,"NOR","Norway",39
"Norway",1958,3,385,"NOR","Norway",39
"Norway",1959,3,385,"NOR","Norway",39
"Norway",1960,3,385,"NOR","Norway",39
"Norway",1961,3,385,"NOR","Norway",39
"Norway",1962,3,385,"NOR","Norway",39
"Norway",1963,3,385,"NOR","Norway",39
"Norway",1964,3,385,"NOR","Norway",39
"Norway",1965,3,385,"NOR","Norway",39
"Norway",1966,3,385,"NOR","Norway",39
"Norway",1967,3,385,"NOR","Norway",39
"Norway",1968,3,385,"NOR","Norway",39
"Norway",1969,3,385,"NOR","Norway",39
"Norway",1970,3,385,"NOR","Norway",39
"Norway",1971,3,385,"NOR","Norway",39
"Norway",1972,3,385,"NOR","Norway",39
"Norway",1973,3,385,"NOR","Norway",39
"Norway",1974,3,385,"NOR","Norway",39
"Norway",1975,3,385,"NOR","Norway",39
"Norway",1976,3,385,"NOR","Norway",39
"Norway",1977,3,385,"NOR","Norway",39
"Norway",1978,3,385,"NOR","Norway",39
"Norway",1979,3,385,"NOR","Norway",39
"Norway",1980,3,385,"NOR","Norway",39
"Norway",1981,3,385,"NOR","Norway",39
"Norway",1982,3,385,"NOR","Norway",39
"Norway",1983,3,385,"NOR","Norway",39
"Norway",1984,3,385,"NOR","Norway",39
"Norway",1985,3,385,"NOR","Norway",39
"Norway",1986,3,385,"NOR","Norway",39
"Norway",1987,3,385,"NOR","Norway",39
"Norway",1988,3,385,"NOR","Norway",39
"Norway",1989,3,385,"NOR","Norway",39
"Norway",1990,3,385,"NOR","Norway",39
"Norway",1991,3,385,"NOR","Norway",39
"Norway",1992,3,385,"NOR","Norway",39
"Norway",1993,3,385,"NOR","Norway",39
"Norway",1994,3,385,"NOR","Norway",39
"Norway",1995,3,385,"NOR","Norway",39
"Norway",1996,3,385,"NOR","Norway",39
"Norway",1997,3,385,"NOR","Norway",39
"Norway",1998,3,385,"NOR","Norway",39
"Norway",1999,3,385,"NOR","Norway",39
"Norway",2000,3,385,"NOR","Norway",39
"Norway",2001,3,385,"NOR","Norway",39
"Norway",2002,3,385,"NOR","Norway",39
"Norway",2003,3,385,"NOR","Norway",39
"Norway",2004,3,385,"NOR","Norway",39
"Norway",2005,3,385,"NOR","Norway",39
"Norway",2006,3,385,"NOR","Norway",39
"Norway",2007,3,385,"NOR","Norway",39
"Norway",2008,3,385,"NOR","Norway",39
"Norway",2009,3,385,"NOR","Norway",39
"Norway",2010,3,385,"NOR","Norway",39
"Norway",2011,3,385,"NOR","Norway",39
"Norway",2012,3,385,"NOR","Norway",39
"Norway",2013,3,385,"NOR","Norway",39
"Norway",2014,3,385,"NOR","Norway",39
"Norway",2015,3,385,"NOR","Norway",39
"Norway",2016,3,385,"NOR","Norway",39
"Norway",2017,3,385,"NOR","Norway",39
"Norway",2018,3,385,"NOR","Norway",39
"Norway",2019,3,385,"NOR","Norway",39
"Norway",2020,3,385,"NOR","Norway",39
"Norway",2021,3,385,"NOR","Norway",39
"Norway",2022,3,385,"NOR","Norway",39
"Norway",2023,3,385,"NOR","Norway",39
"Norway",2024,3,385,"NOR","Norway",39
"Norway",2025,3,385,"NOR","Norway",39
"Paraguay",1811,NA,150,"PRY","Paraguay",40
"Paraguay",1812,NA,150,"PRY","Paraguay",40
"Paraguay",1813,NA,150,"PRY","Paraguay",40
"Paraguay",1814,NA,150,"PRY","Paraguay",40
"Paraguay",1815,NA,150,"PRY","Paraguay",40
"Paraguay",1816,NA,150,"PRY","Paraguay",40
"Paraguay",1817,NA,150,"PRY","Paraguay",40
"Paraguay",1818,NA,150,"PRY","Paraguay",40
"Paraguay",1819,NA,150,"PRY","Paraguay",40
"Paraguay",1820,NA,150,"PRY","Paraguay",40
"Paraguay",1821,NA,150,"PRY","Paraguay",40
"Paraguay",1822,NA,150,"PRY","Paraguay",40
"Paraguay",1823,NA,150,"PRY","Paraguay",40
"Paraguay",1824,NA,150,"PRY","Paraguay",40
"Paraguay",1825,NA,150,"PRY","Paraguay",40
"Paraguay",1826,NA,150,"PRY","Paraguay",40
"Paraguay",1827,NA,150,"PRY","Paraguay",40
"Paraguay",1828,NA,150,"PRY","Paraguay",40
"Paraguay",1829,NA,150,"PRY","Paraguay",40
"Paraguay",1830,NA,150,"PRY","Paraguay",40
"Paraguay",1831,NA,150,"PRY","Paraguay",40
"Paraguay",1832,NA,150,"PRY","Paraguay",40
"Paraguay",1833,NA,150,"PRY","Paraguay",40
"Paraguay",1834,NA,150,"PRY","Paraguay",40
"Paraguay",1835,NA,150,"PRY","Paraguay",40
"Paraguay",1836,NA,150,"PRY","Paraguay",40
"Paraguay",1837,NA,150,"PRY","Paraguay",40
"Paraguay",1838,NA,150,"PRY","Paraguay",40
"Paraguay",1839,NA,150,"PRY","Paraguay",40
"Paraguay",1840,NA,150,"PRY","Paraguay",40
"Paraguay",1841,NA,150,"PRY","Paraguay",40
"Paraguay",1842,NA,150,"PRY","Paraguay",40
"Paraguay",1843,NA,150,"PRY","Paraguay",40
"Paraguay",1844,NA,150,"PRY","Paraguay",40
"Paraguay",1845,NA,150,"PRY","Paraguay",40
"Paraguay",1846,NA,150,"PRY","Paraguay",40
"Paraguay",1847,NA,150,"PRY","Paraguay",40
"Paraguay",1848,NA,150,"PRY","Paraguay",40
"Paraguay",1849,NA,150,"PRY","Paraguay",40
"Paraguay",1850,NA,150,"PRY","Paraguay",40
"Paraguay",1851,NA,150,"PRY","Paraguay",40
"Paraguay",1852,NA,150,"PRY","Paraguay",40
"Paraguay",1853,NA,150,"PRY","Paraguay",40
"Paraguay",1854,NA,150,"PRY","Paraguay",40
"Paraguay",1855,NA,150,"PRY","Paraguay",40
"Paraguay",1856,NA,150,"PRY","Paraguay",40
"Paraguay",1857,NA,150,"PRY","Paraguay",40
"Paraguay",1858,NA,150,"PRY","Paraguay",40
"Paraguay",1859,NA,150,"PRY","Paraguay",40
"Paraguay",1860,NA,150,"PRY","Paraguay",40
"Paraguay",1861,NA,150,"PRY","Paraguay",40
"Paraguay",1862,NA,150,"PRY","Paraguay",40
"Paraguay",1863,NA,150,"PRY","Paraguay",40
"Paraguay",1864,NA,150,"PRY","Paraguay",40
"Paraguay",1865,NA,150,"PRY","Paraguay",40
"Paraguay",1866,NA,150,"PRY","Paraguay",40
"Paraguay",1867,NA,150,"PRY","Paraguay",40
"Paraguay",1868,NA,150,"PRY","Paraguay",40
"Paraguay",1869,NA,150,"PRY","Paraguay",40
"Paraguay",1870,NA,150,"PRY","Paraguay",40
"Paraguay",1871,NA,150,"PRY","Paraguay",40
"Paraguay",1872,NA,150,"PRY","Paraguay",40
"Paraguay",1873,NA,150,"PRY","Paraguay",40
"Paraguay",1874,NA,150,"PRY","Paraguay",40
"Paraguay",1875,NA,150,"PRY","Paraguay",40
"Paraguay",1876,NA,150,"PRY","Paraguay",40
"Paraguay",1877,NA,150,"PRY","Paraguay",40
"Paraguay",1878,NA,150,"PRY","Paraguay",40
"Paraguay",1879,NA,150,"PRY","Paraguay",40
"Paraguay",1880,NA,150,"PRY","Paraguay",40
"Paraguay",1881,NA,150,"PRY","Paraguay",40
"Paraguay",1882,NA,150,"PRY","Paraguay",40
"Paraguay",1883,NA,150,"PRY","Paraguay",40
"Paraguay",1884,NA,150,"PRY","Paraguay",40
"Paraguay",1885,NA,150,"PRY","Paraguay",40
"Paraguay",1886,NA,150,"PRY","Paraguay",40
"Paraguay",1887,NA,150,"PRY","Paraguay",40
"Paraguay",1888,NA,150,"PRY","Paraguay",40
"Paraguay",1889,NA,150,"PRY","Paraguay",40
"Paraguay",1890,NA,150,"PRY","Paraguay",40
"Paraguay",1891,NA,150,"PRY","Paraguay",40
"Paraguay",1892,NA,150,"PRY","Paraguay",40
"Paraguay",1893,NA,150,"PRY","Paraguay",40
"Paraguay",1894,NA,150,"PRY","Paraguay",40
"Paraguay",1895,NA,150,"PRY","Paraguay",40
"Paraguay",1896,NA,150,"PRY","Paraguay",40
"Paraguay",1897,NA,150,"PRY","Paraguay",40
"Paraguay",1898,NA,150,"PRY","Paraguay",40
"Paraguay",1899,NA,150,"PRY","Paraguay",40
"Paraguay",1900,0,150,"PRY","Paraguay",40
"Paraguay",1901,0,150,"PRY","Paraguay",40
"Paraguay",1902,0,150,"PRY","Paraguay",40
"Paraguay",1903,1,150,"PRY","Paraguay",40
"Paraguay",1904,0,150,"PRY","Paraguay",40
"Paraguay",1905,0,150,"PRY","Paraguay",40
"Paraguay",1906,1,150,"PRY","Paraguay",40
"Paraguay",1907,1,150,"PRY","Paraguay",40
"Paraguay",1908,0,150,"PRY","Paraguay",40
"Paraguay",1909,0,150,"PRY","Paraguay",40
"Paraguay",1910,0,150,"PRY","Paraguay",40
"Paraguay",1911,0,150,"PRY","Paraguay",40
"Paraguay",1912,0,150,"PRY","Paraguay",40
"Paraguay",1913,0,150,"PRY","Paraguay",40
"Paraguay",1914,0,150,"PRY","Paraguay",40
"Paraguay",1915,0,150,"PRY","Paraguay",40
"Paraguay",1916,0,150,"PRY","Paraguay",40
"Paraguay",1917,0,150,"PRY","Paraguay",40
"Paraguay",1918,0,150,"PRY","Paraguay",40
"Paraguay",1919,0,150,"PRY","Paraguay",40
"Paraguay",1920,0,150,"PRY","Paraguay",40
"Paraguay",1921,0,150,"PRY","Paraguay",40
"Paraguay",1922,0,150,"PRY","Paraguay",40
"Paraguay",1923,0,150,"PRY","Paraguay",40
"Paraguay",1924,0,150,"PRY","Paraguay",40
"Paraguay",1925,0,150,"PRY","Paraguay",40
"Paraguay",1926,0,150,"PRY","Paraguay",40
"Paraguay",1927,0,150,"PRY","Paraguay",40
"Paraguay",1928,0,150,"PRY","Paraguay",40
"Paraguay",1929,0,150,"PRY","Paraguay",40
"Paraguay",1930,0,150,"PRY","Paraguay",40
"Paraguay",1931,0,150,"PRY","Paraguay",40
"Paraguay",1932,0,150,"PRY","Paraguay",40
"Paraguay",1933,0,150,"PRY","Paraguay",40
"Paraguay",1934,0,150,"PRY","Paraguay",40
"Paraguay",1935,0,150,"PRY","Paraguay",40
"Paraguay",1936,0,150,"PRY","Paraguay",40
"Paraguay",1937,0,150,"PRY","Paraguay",40
"Paraguay",1938,0,150,"PRY","Paraguay",40
"Paraguay",1939,0,150,"PRY","Paraguay",40
"Paraguay",1940,0,150,"PRY","Paraguay",40
"Paraguay",1941,0,150,"PRY","Paraguay",40
"Paraguay",1942,0,150,"PRY","Paraguay",40
"Paraguay",1943,1,150,"PRY","Paraguay",40
"Paraguay",1944,1,150,"PRY","Paraguay",40
"Paraguay",1945,1,150,"PRY","Paraguay",40
"Paraguay",1946,1,150,"PRY","Paraguay",40
"Paraguay",1947,1,150,"PRY","Paraguay",40
"Paraguay",1948,1,150,"PRY","Paraguay",40
"Paraguay",1949,1,150,"PRY","Paraguay",40
"Paraguay",1950,1,150,"PRY","Paraguay",40
"Paraguay",1951,1,150,"PRY","Paraguay",40
"Paraguay",1952,1,150,"PRY","Paraguay",40
"Paraguay",1953,1,150,"PRY","Paraguay",40
"Paraguay",1954,0,150,"PRY","Paraguay",40
"Paraguay",1955,0,150,"PRY","Paraguay",40
"Paraguay",1956,0,150,"PRY","Paraguay",40
"Paraguay",1957,0,150,"PRY","Paraguay",40
"Paraguay",1958,0,150,"PRY","Paraguay",40
"Paraguay",1959,0,150,"PRY","Paraguay",40
"Paraguay",1960,0,150,"PRY","Paraguay",40
"Paraguay",1961,0,150,"PRY","Paraguay",40
"Paraguay",1962,0,150,"PRY","Paraguay",40
"Paraguay",1963,1,150,"PRY","Paraguay",40
"Paraguay",1964,1,150,"PRY","Paraguay",40
"Paraguay",1965,1,150,"PRY","Paraguay",40
"Paraguay",1966,1,150,"PRY","Paraguay",40
"Paraguay",1967,1,150,"PRY","Paraguay",40
"Paraguay",1968,1,150,"PRY","Paraguay",40
"Paraguay",1969,1,150,"PRY","Paraguay",40
"Paraguay",1970,1,150,"PRY","Paraguay",40
"Paraguay",1971,1,150,"PRY","Paraguay",40
"Paraguay",1972,1,150,"PRY","Paraguay",40
"Paraguay",1973,1,150,"PRY","Paraguay",40
"Paraguay",1974,1,150,"PRY","Paraguay",40
"Paraguay",1975,1,150,"PRY","Paraguay",40
"Paraguay",1976,1,150,"PRY","Paraguay",40
"Paraguay",1977,1,150,"PRY","Paraguay",40
"Paraguay",1978,1,150,"PRY","Paraguay",40
"Paraguay",1979,1,150,"PRY","Paraguay",40
"Paraguay",1980,1,150,"PRY","Paraguay",40
"Paraguay",1981,1,150,"PRY","Paraguay",40
"Paraguay",1982,1,150,"PRY","Paraguay",40
"Paraguay",1983,1,150,"PRY","Paraguay",40
"Paraguay",1984,1,150,"PRY","Paraguay",40
"Paraguay",1985,1,150,"PRY","Paraguay",40
"Paraguay",1986,1,150,"PRY","Paraguay",40
"Paraguay",1987,1,150,"PRY","Paraguay",40
"Paraguay",1988,1,150,"PRY","Paraguay",40
"Paraguay",1989,1,150,"PRY","Paraguay",40
"Paraguay",1990,1,150,"PRY","Paraguay",40
"Paraguay",1991,1,150,"PRY","Paraguay",40
"Paraguay",1992,1,150,"PRY","Paraguay",40
"Paraguay",1993,2,150,"PRY","Paraguay",40
"Paraguay",1994,2,150,"PRY","Paraguay",40
"Paraguay",1995,2,150,"PRY","Paraguay",40
"Paraguay",1996,2,150,"PRY","Paraguay",40
"Paraguay",1997,2,150,"PRY","Paraguay",40
"Paraguay",1998,2,150,"PRY","Paraguay",40
"Paraguay",1999,2,150,"PRY","Paraguay",40
"Paraguay",2000,2,150,"PRY","Paraguay",40
"Paraguay",2001,2,150,"PRY","Paraguay",40
"Paraguay",2002,2,150,"PRY","Paraguay",40
"Paraguay",2003,2,150,"PRY","Paraguay",40
"Paraguay",2004,2,150,"PRY","Paraguay",40
"Paraguay",2005,2,150,"PRY","Paraguay",40
"Paraguay",2006,2,150,"PRY","Paraguay",40
"Paraguay",2007,2,150,"PRY","Paraguay",40
"Paraguay",2008,2,150,"PRY","Paraguay",40
"Paraguay",2009,2,150,"PRY","Paraguay",40
"Paraguay",2010,2,150,"PRY","Paraguay",40
"Paraguay",2011,2,150,"PRY","Paraguay",40
"Paraguay",2012,2,150,"PRY","Paraguay",40
"Paraguay",2013,2,150,"PRY","Paraguay",40
"Paraguay",2014,2,150,"PRY","Paraguay",40
"Paraguay",2015,2,150,"PRY","Paraguay",40
"Paraguay",2016,2,150,"PRY","Paraguay",40
"Paraguay",2017,2,150,"PRY","Paraguay",40
"Paraguay",2018,2,150,"PRY","Paraguay",40
"Paraguay",2019,2,150,"PRY","Paraguay",40
"Paraguay",2020,2,150,"PRY","Paraguay",40
"Paraguay",2021,2,150,"PRY","Paraguay",40
"Paraguay",2022,2,150,"PRY","Paraguay",40
"Paraguay",2023,2,150,"PRY","Paraguay",40
"Paraguay",2024,2,150,"PRY","Paraguay",40
"Paraguay",2025,2,150,"PRY","Paraguay",40
"Peru",1789,NA,135,"PER","Peru",41
"Peru",1790,NA,135,"PER","Peru",41
"Peru",1791,NA,135,"PER","Peru",41
"Peru",1792,NA,135,"PER","Peru",41
"Peru",1793,NA,135,"PER","Peru",41
"Peru",1794,NA,135,"PER","Peru",41
"Peru",1795,NA,135,"PER","Peru",41
"Peru",1796,NA,135,"PER","Peru",41
"Peru",1797,NA,135,"PER","Peru",41
"Peru",1798,NA,135,"PER","Peru",41
"Peru",1799,NA,135,"PER","Peru",41
"Peru",1800,NA,135,"PER","Peru",41
"Peru",1801,NA,135,"PER","Peru",41
"Peru",1802,NA,135,"PER","Peru",41
"Peru",1803,NA,135,"PER","Peru",41
"Peru",1804,NA,135,"PER","Peru",41
"Peru",1805,NA,135,"PER","Peru",41
"Peru",1806,NA,135,"PER","Peru",41
"Peru",1807,NA,135,"PER","Peru",41
"Peru",1808,NA,135,"PER","Peru",41
"Peru",1809,NA,135,"PER","Peru",41
"Peru",1810,NA,135,"PER","Peru",41
"Peru",1811,NA,135,"PER","Peru",41
"Peru",1812,NA,135,"PER","Peru",41
"Peru",1813,NA,135,"PER","Peru",41
"Peru",1814,NA,135,"PER","Peru",41
"Peru",1815,NA,135,"PER","Peru",41
"Peru",1816,NA,135,"PER","Peru",41
"Peru",1817,NA,135,"PER","Peru",41
"Peru",1818,NA,135,"PER","Peru",41
"Peru",1819,NA,135,"PER","Peru",41
"Peru",1820,NA,135,"PER","Peru",41
"Peru",1821,NA,135,"PER","Peru",41
"Peru",1822,NA,135,"PER","Peru",41
"Peru",1823,NA,135,"PER","Peru",41
"Peru",1824,NA,135,"PER","Peru",41
"Peru",1825,NA,135,"PER","Peru",41
"Peru",1826,NA,135,"PER","Peru",41
"Peru",1827,NA,135,"PER","Peru",41
"Peru",1828,NA,135,"PER","Peru",41
"Peru",1829,NA,135,"PER","Peru",41
"Peru",1830,NA,135,"PER","Peru",41
"Peru",1831,NA,135,"PER","Peru",41
"Peru",1832,NA,135,"PER","Peru",41
"Peru",1833,NA,135,"PER","Peru",41
"Peru",1834,NA,135,"PER","Peru",41
"Peru",1835,NA,135,"PER","Peru",41
"Peru",1836,NA,135,"PER","Peru",41
"Peru",1837,NA,135,"PER","Peru",41
"Peru",1838,NA,135,"PER","Peru",41
"Peru",1839,NA,135,"PER","Peru",41
"Peru",1840,NA,135,"PER","Peru",41
"Peru",1841,NA,135,"PER","Peru",41
"Peru",1842,NA,135,"PER","Peru",41
"Peru",1843,NA,135,"PER","Peru",41
"Peru",1844,NA,135,"PER","Peru",41
"Peru",1845,NA,135,"PER","Peru",41
"Peru",1846,NA,135,"PER","Peru",41
"Peru",1847,NA,135,"PER","Peru",41
"Peru",1848,NA,135,"PER","Peru",41
"Peru",1849,NA,135,"PER","Peru",41
"Peru",1850,NA,135,"PER","Peru",41
"Peru",1851,NA,135,"PER","Peru",41
"Peru",1852,NA,135,"PER","Peru",41
"Peru",1853,NA,135,"PER","Peru",41
"Peru",1854,NA,135,"PER","Peru",41
"Peru",1855,NA,135,"PER","Peru",41
"Peru",1856,NA,135,"PER","Peru",41
"Peru",1857,NA,135,"PER","Peru",41
"Peru",1858,NA,135,"PER","Peru",41
"Peru",1859,NA,135,"PER","Peru",41
"Peru",1860,NA,135,"PER","Peru",41
"Peru",1861,NA,135,"PER","Peru",41
"Peru",1862,NA,135,"PER","Peru",41
"Peru",1863,NA,135,"PER","Peru",41
"Peru",1864,NA,135,"PER","Peru",41
"Peru",1865,NA,135,"PER","Peru",41
"Peru",1866,NA,135,"PER","Peru",41
"Peru",1867,NA,135,"PER","Peru",41
"Peru",1868,NA,135,"PER","Peru",41
"Peru",1869,NA,135,"PER","Peru",41
"Peru",1870,NA,135,"PER","Peru",41
"Peru",1871,NA,135,"PER","Peru",41
"Peru",1872,NA,135,"PER","Peru",41
"Peru",1873,NA,135,"PER","Peru",41
"Peru",1874,NA,135,"PER","Peru",41
"Peru",1875,NA,135,"PER","Peru",41
"Peru",1876,NA,135,"PER","Peru",41
"Peru",1877,NA,135,"PER","Peru",41
"Peru",1878,NA,135,"PER","Peru",41
"Peru",1879,NA,135,"PER","Peru",41
"Peru",1880,NA,135,"PER","Peru",41
"Peru",1881,NA,135,"PER","Peru",41
"Peru",1882,NA,135,"PER","Peru",41
"Peru",1883,NA,135,"PER","Peru",41
"Peru",1884,NA,135,"PER","Peru",41
"Peru",1885,NA,135,"PER","Peru",41
"Peru",1886,NA,135,"PER","Peru",41
"Peru",1887,NA,135,"PER","Peru",41
"Peru",1888,NA,135,"PER","Peru",41
"Peru",1889,NA,135,"PER","Peru",41
"Peru",1890,NA,135,"PER","Peru",41
"Peru",1891,NA,135,"PER","Peru",41
"Peru",1892,NA,135,"PER","Peru",41
"Peru",1893,NA,135,"PER","Peru",41
"Peru",1894,NA,135,"PER","Peru",41
"Peru",1895,NA,135,"PER","Peru",41
"Peru",1896,NA,135,"PER","Peru",41
"Peru",1897,NA,135,"PER","Peru",41
"Peru",1898,NA,135,"PER","Peru",41
"Peru",1899,NA,135,"PER","Peru",41
"Peru",1900,1,135,"PER","Peru",41
"Peru",1901,1,135,"PER","Peru",41
"Peru",1902,1,135,"PER","Peru",41
"Peru",1903,1,135,"PER","Peru",41
"Peru",1904,1,135,"PER","Peru",41
"Peru",1905,1,135,"PER","Peru",41
"Peru",1906,1,135,"PER","Peru",41
"Peru",1907,1,135,"PER","Peru",41
"Peru",1908,1,135,"PER","Peru",41
"Peru",1909,1,135,"PER","Peru",41
"Peru",1910,1,135,"PER","Peru",41
"Peru",1911,1,135,"PER","Peru",41
"Peru",1912,1,135,"PER","Peru",41
"Peru",1913,1,135,"PER","Peru",41
"Peru",1914,1,135,"PER","Peru",41
"Peru",1915,1,135,"PER","Peru",41
"Peru",1916,1,135,"PER","Peru",41
"Peru",1917,1,135,"PER","Peru",41
"Peru",1918,1,135,"PER","Peru",41
"Peru",1919,1,135,"PER","Peru",41
"Peru",1920,1,135,"PER","Peru",41
"Peru",1921,1,135,"PER","Peru",41
"Peru",1922,1,135,"PER","Peru",41
"Peru",1923,1,135,"PER","Peru",41
"Peru",1924,1,135,"PER","Peru",41
"Peru",1925,1,135,"PER","Peru",41
"Peru",1926,1,135,"PER","Peru",41
"Peru",1927,1,135,"PER","Peru",41
"Peru",1928,1,135,"PER","Peru",41
"Peru",1929,1,135,"PER","Peru",41
"Peru",1930,0,135,"PER","Peru",41
"Peru",1931,1,135,"PER","Peru",41
"Peru",1932,1,135,"PER","Peru",41
"Peru",1933,0,135,"PER","Peru",41
"Peru",1934,0,135,"PER","Peru",41
"Peru",1935,0,135,"PER","Peru",41
"Peru",1936,0,135,"PER","Peru",41
"Peru",1937,0,135,"PER","Peru",41
"Peru",1938,0,135,"PER","Peru",41
"Peru",1939,1,135,"PER","Peru",41
"Peru",1940,1,135,"PER","Peru",41
"Peru",1941,1,135,"PER","Peru",41
"Peru",1942,1,135,"PER","Peru",41
"Peru",1943,1,135,"PER","Peru",41
"Peru",1944,1,135,"PER","Peru",41
"Peru",1945,1,135,"PER","Peru",41
"Peru",1946,1,135,"PER","Peru",41
"Peru",1947,1,135,"PER","Peru",41
"Peru",1948,1,135,"PER","Peru",41
"Peru",1949,0,135,"PER","Peru",41
"Peru",1950,0,135,"PER","Peru",41
"Peru",1951,0,135,"PER","Peru",41
"Peru",1952,0,135,"PER","Peru",41
"Peru",1953,0,135,"PER","Peru",41
"Peru",1954,0,135,"PER","Peru",41
"Peru",1955,0,135,"PER","Peru",41
"Peru",1956,1,135,"PER","Peru",41
"Peru",1957,1,135,"PER","Peru",41
"Peru",1958,1,135,"PER","Peru",41
"Peru",1959,1,135,"PER","Peru",41
"Peru",1960,1,135,"PER","Peru",41
"Peru",1961,1,135,"PER","Peru",41
"Peru",1962,1,135,"PER","Peru",41
"Peru",1963,1,135,"PER","Peru",41
"Peru",1964,1,135,"PER","Peru",41
"Peru",1965,1,135,"PER","Peru",41
"Peru",1966,1,135,"PER","Peru",41
"Peru",1967,1,135,"PER","Peru",41
"Peru",1968,1,135,"PER","Peru",41
"Peru",1969,0,135,"PER","Peru",41
"Peru",1970,0,135,"PER","Peru",41
"Peru",1971,0,135,"PER","Peru",41
"Peru",1972,0,135,"PER","Peru",41
"Peru",1973,0,135,"PER","Peru",41
"Peru",1974,0,135,"PER","Peru",41
"Peru",1975,0,135,"PER","Peru",41
"Peru",1976,0,135,"PER","Peru",41
"Peru",1977,0,135,"PER","Peru",41
"Peru",1978,0,135,"PER","Peru",41
"Peru",1979,0,135,"PER","Peru",41
"Peru",1980,1,135,"PER","Peru",41
"Peru",1981,2,135,"PER","Peru",41
"Peru",1982,2,135,"PER","Peru",41
"Peru",1983,2,135,"PER","Peru",41
"Peru",1984,2,135,"PER","Peru",41
"Peru",1985,2,135,"PER","Peru",41
"Peru",1986,2,135,"PER","Peru",41
"Peru",1987,2,135,"PER","Peru",41
"Peru",1988,2,135,"PER","Peru",41
"Peru",1989,2,135,"PER","Peru",41
"Peru",1990,2,135,"PER","Peru",41
"Peru",1991,2,135,"PER","Peru",41
"Peru",1992,0,135,"PER","Peru",41
"Peru",1993,0,135,"PER","Peru",41
"Peru",1994,0,135,"PER","Peru",41
"Peru",1995,1,135,"PER","Peru",41
"Peru",1996,1,135,"PER","Peru",41
"Peru",1997,1,135,"PER","Peru",41
"Peru",1998,1,135,"PER","Peru",41
"Peru",1999,1,135,"PER","Peru",41
"Peru",2000,1,135,"PER","Peru",41
"Peru",2001,2,135,"PER","Peru",41
"Peru",2002,2,135,"PER","Peru",41
"Peru",2003,2,135,"PER","Peru",41
"Peru",2004,2,135,"PER","Peru",41
"Peru",2005,2,135,"PER","Peru",41
"Peru",2006,2,135,"PER","Peru",41
"Peru",2007,2,135,"PER","Peru",41
"Peru",2008,2,135,"PER","Peru",41
"Peru",2009,2,135,"PER","Peru",41
"Peru",2010,2,135,"PER","Peru",41
"Peru",2011,2,135,"PER","Peru",41
"Peru",2012,2,135,"PER","Peru",41
"Peru",2013,2,135,"PER","Peru",41
"Peru",2014,2,135,"PER","Peru",41
"Peru",2015,2,135,"PER","Peru",41
"Peru",2016,2,135,"PER","Peru",41
"Peru",2017,2,135,"PER","Peru",41
"Peru",2018,2,135,"PER","Peru",41
"Peru",2019,2,135,"PER","Peru",41
"Peru",2020,2,135,"PER","Peru",41
"Peru",2021,2,135,"PER","Peru",41
"Peru",2022,2,135,"PER","Peru",41
"Peru",2023,2,135,"PER","Peru",41
"Peru",2024,2,135,"PER","Peru",41
"Peru",2025,2,135,"PER","Peru",41
"Philippines",1900,0,840,"PHL","Philippines",42
"Philippines",1901,0,840,"PHL","Philippines",42
"Philippines",1902,0,840,"PHL","Philippines",42
"Philippines",1903,0,840,"PHL","Philippines",42
"Philippines",1904,0,840,"PHL","Philippines",42
"Philippines",1905,0,840,"PHL","Philippines",42
"Philippines",1906,0,840,"PHL","Philippines",42
"Philippines",1907,0,840,"PHL","Philippines",42
"Philippines",1908,0,840,"PHL","Philippines",42
"Philippines",1909,0,840,"PHL","Philippines",42
"Philippines",1910,0,840,"PHL","Philippines",42
"Philippines",1911,0,840,"PHL","Philippines",42
"Philippines",1912,0,840,"PHL","Philippines",42
"Philippines",1913,0,840,"PHL","Philippines",42
"Philippines",1914,0,840,"PHL","Philippines",42
"Philippines",1915,0,840,"PHL","Philippines",42
"Philippines",1916,0,840,"PHL","Philippines",42
"Philippines",1917,0,840,"PHL","Philippines",42
"Philippines",1918,0,840,"PHL","Philippines",42
"Philippines",1919,0,840,"PHL","Philippines",42
"Philippines",1920,0,840,"PHL","Philippines",42
"Philippines",1921,0,840,"PHL","Philippines",42
"Philippines",1922,0,840,"PHL","Philippines",42
"Philippines",1923,0,840,"PHL","Philippines",42
"Philippines",1924,0,840,"PHL","Philippines",42
"Philippines",1925,0,840,"PHL","Philippines",42
"Philippines",1926,0,840,"PHL","Philippines",42
"Philippines",1927,0,840,"PHL","Philippines",42
"Philippines",1928,0,840,"PHL","Philippines",42
"Philippines",1929,0,840,"PHL","Philippines",42
"Philippines",1930,0,840,"PHL","Philippines",42
"Philippines",1931,0,840,"PHL","Philippines",42
"Philippines",1932,0,840,"PHL","Philippines",42
"Philippines",1933,0,840,"PHL","Philippines",42
"Philippines",1934,0,840,"PHL","Philippines",42
"Philippines",1935,1,840,"PHL","Philippines",42
"Philippines",1936,1,840,"PHL","Philippines",42
"Philippines",1937,1,840,"PHL","Philippines",42
"Philippines",1938,1,840,"PHL","Philippines",42
"Philippines",1939,1,840,"PHL","Philippines",42
"Philippines",1940,1,840,"PHL","Philippines",42
"Philippines",1941,1,840,"PHL","Philippines",42
"Philippines",1942,1,840,"PHL","Philippines",42
"Philippines",1943,0,840,"PHL","Philippines",42
"Philippines",1944,0,840,"PHL","Philippines",42
"Philippines",1945,0,840,"PHL","Philippines",42
"Philippines",1946,1,840,"PHL","Philippines",42
"Philippines",1947,1,840,"PHL","Philippines",42
"Philippines",1948,1,840,"PHL","Philippines",42
"Philippines",1949,1,840,"PHL","Philippines",42
"Philippines",1950,1,840,"PHL","Philippines",42
"Philippines",1951,1,840,"PHL","Philippines",42
"Philippines",1952,1,840,"PHL","Philippines",42
"Philippines",1953,1,840,"PHL","Philippines",42
"Philippines",1954,1,840,"PHL","Philippines",42
"Philippines",1955,1,840,"PHL","Philippines",42
"Philippines",1956,1,840,"PHL","Philippines",42
"Philippines",1957,1,840,"PHL","Philippines",42
"Philippines",1958,1,840,"PHL","Philippines",42
"Philippines",1959,1,840,"PHL","Philippines",42
"Philippines",1960,1,840,"PHL","Philippines",42
"Philippines",1961,1,840,"PHL","Philippines",42
"Philippines",1962,1,840,"PHL","Philippines",42
"Philippines",1963,1,840,"PHL","Philippines",42
"Philippines",1964,1,840,"PHL","Philippines",42
"Philippines",1965,1,840,"PHL","Philippines",42
"Philippines",1966,1,840,"PHL","Philippines",42
"Philippines",1967,1,840,"PHL","Philippines",42
"Philippines",1968,1,840,"PHL","Philippines",42
"Philippines",1969,1,840,"PHL","Philippines",42
"Philippines",1970,1,840,"PHL","Philippines",42
"Philippines",1971,1,840,"PHL","Philippines",42
"Philippines",1972,0,840,"PHL","Philippines",42
"Philippines",1973,0,840,"PHL","Philippines",42
"Philippines",1974,0,840,"PHL","Philippines",42
"Philippines",1975,0,840,"PHL","Philippines",42
"Philippines",1976,0,840,"PHL","Philippines",42
"Philippines",1977,1,840,"PHL","Philippines",42
"Philippines",1978,1,840,"PHL","Philippines",42
"Philippines",1979,1,840,"PHL","Philippines",42
"Philippines",1980,1,840,"PHL","Philippines",42
"Philippines",1981,0,840,"PHL","Philippines",42
"Philippines",1982,0,840,"PHL","Philippines",42
"Philippines",1983,0,840,"PHL","Philippines",42
"Philippines",1984,0,840,"PHL","Philippines",42
"Philippines",1985,0,840,"PHL","Philippines",42
"Philippines",1986,1,840,"PHL","Philippines",42
"Philippines",1987,1,840,"PHL","Philippines",42
"Philippines",1988,2,840,"PHL","Philippines",42
"Philippines",1989,2,840,"PHL","Philippines",42
"Philippines",1990,2,840,"PHL","Philippines",42
"Philippines",1991,2,840,"PHL","Philippines",42
"Philippines",1992,2,840,"PHL","Philippines",42
"Philippines",1993,2,840,"PHL","Philippines",42
"Philippines",1994,2,840,"PHL","Philippines",42
"Philippines",1995,2,840,"PHL","Philippines",42
"Philippines",1996,2,840,"PHL","Philippines",42
"Philippines",1997,2,840,"PHL","Philippines",42
"Philippines",1998,2,840,"PHL","Philippines",42
"Philippines",1999,2,840,"PHL","Philippines",42
"Philippines",2000,2,840,"PHL","Philippines",42
"Philippines",2001,2,840,"PHL","Philippines",42
"Philippines",2002,2,840,"PHL","Philippines",42
"Philippines",2003,2,840,"PHL","Philippines",42
"Philippines",2004,1,840,"PHL","Philippines",42
"Philippines",2005,1,840,"PHL","Philippines",42
"Philippines",2006,1,840,"PHL","Philippines",42
"Philippines",2007,1,840,"PHL","Philippines",42
"Philippines",2008,1,840,"PHL","Philippines",42
"Philippines",2009,1,840,"PHL","Philippines",42
"Philippines",2010,2,840,"PHL","Philippines",42
"Philippines",2011,2,840,"PHL","Philippines",42
"Philippines",2012,2,840,"PHL","Philippines",42
"Philippines",2013,2,840,"PHL","Philippines",42
"Philippines",2014,2,840,"PHL","Philippines",42
"Philippines",2015,2,840,"PHL","Philippines",42
"Philippines",2016,1,840,"PHL","Philippines",42
"Philippines",2017,1,840,"PHL","Philippines",42
"Philippines",2018,1,840,"PHL","Philippines",42
"Philippines",2019,1,840,"PHL","Philippines",42
"Philippines",2020,1,840,"PHL","Philippines",42
"Philippines",2021,1,840,"PHL","Philippines",42
"Philippines",2022,1,840,"PHL","Philippines",42
"Philippines",2023,1,840,"PHL","Philippines",42
"Philippines",2024,1,840,"PHL","Philippines",42
"Philippines",2025,1,840,"PHL","Philippines",42
"Poland",1789,NA,290,"POL","Poland",43
"Poland",1790,NA,290,"POL","Poland",43
"Poland",1791,NA,290,"POL","Poland",43
"Poland",1792,NA,290,"POL","Poland",43
"Poland",1793,NA,290,"POL","Poland",43
"Poland",1794,NA,290,"POL","Poland",43
"Poland",1795,NA,290,"POL","Poland",43
"Poland",1807,NA,290,"POL","Poland",43
"Poland",1808,NA,290,"POL","Poland",43
"Poland",1809,NA,290,"POL","Poland",43
"Poland",1810,NA,290,"POL","Poland",43
"Poland",1811,NA,290,"POL","Poland",43
"Poland",1812,NA,290,"POL","Poland",43
"Poland",1813,NA,290,"POL","Poland",43
"Poland",1814,NA,290,"POL","Poland",43
"Poland",1815,NA,290,"POL","Poland",43
"Poland",1816,NA,290,"POL","Poland",43
"Poland",1817,NA,290,"POL","Poland",43
"Poland",1818,NA,290,"POL","Poland",43
"Poland",1819,NA,290,"POL","Poland",43
"Poland",1820,NA,290,"POL","Poland",43
"Poland",1821,NA,290,"POL","Poland",43
"Poland",1822,NA,290,"POL","Poland",43
"Poland",1823,NA,290,"POL","Poland",43
"Poland",1824,NA,290,"POL","Poland",43
"Poland",1825,NA,290,"POL","Poland",43
"Poland",1826,NA,290,"POL","Poland",43
"Poland",1827,NA,290,"POL","Poland",43
"Poland",1828,NA,290,"POL","Poland",43
"Poland",1829,NA,290,"POL","Poland",43
"Poland",1830,NA,290,"POL","Poland",43
"Poland",1831,NA,290,"POL","Poland",43
"Poland",1832,NA,290,"POL","Poland",43
"Poland",1833,NA,290,"POL","Poland",43
"Poland",1834,NA,290,"POL","Poland",43
"Poland",1835,NA,290,"POL","Poland",43
"Poland",1836,NA,290,"POL","Poland",43
"Poland",1837,NA,290,"POL","Poland",43
"Poland",1838,NA,290,"POL","Poland",43
"Poland",1839,NA,290,"POL","Poland",43
"Poland",1840,NA,290,"POL","Poland",43
"Poland",1841,NA,290,"POL","Poland",43
"Poland",1842,NA,290,"POL","Poland",43
"Poland",1843,NA,290,"POL","Poland",43
"Poland",1844,NA,290,"POL","Poland",43
"Poland",1845,NA,290,"POL","Poland",43
"Poland",1846,NA,290,"POL","Poland",43
"Poland",1847,NA,290,"POL","Poland",43
"Poland",1848,NA,290,"POL","Poland",43
"Poland",1849,NA,290,"POL","Poland",43
"Poland",1850,NA,290,"POL","Poland",43
"Poland",1851,NA,290,"POL","Poland",43
"Poland",1852,NA,290,"POL","Poland",43
"Poland",1853,NA,290,"POL","Poland",43
"Poland",1854,NA,290,"POL","Poland",43
"Poland",1855,NA,290,"POL","Poland",43
"Poland",1856,NA,290,"POL","Poland",43
"Poland",1857,NA,290,"POL","Poland",43
"Poland",1858,NA,290,"POL","Poland",43
"Poland",1859,NA,290,"POL","Poland",43
"Poland",1860,NA,290,"POL","Poland",43
"Poland",1861,NA,290,"POL","Poland",43
"Poland",1862,NA,290,"POL","Poland",43
"Poland",1863,NA,290,"POL","Poland",43
"Poland",1864,NA,290,"POL","Poland",43
"Poland",1865,NA,290,"POL","Poland",43
"Poland",1866,NA,290,"POL","Poland",43
"Poland",1867,NA,290,"POL","Poland",43
"Poland",1918,0,290,"POL","Poland",43
"Poland",1919,1,290,"POL","Poland",43
"Poland",1920,2,290,"POL","Poland",43
"Poland",1921,2,290,"POL","Poland",43
"Poland",1922,2,290,"POL","Poland",43
"Poland",1923,2,290,"POL","Poland",43
"Poland",1924,2,290,"POL","Poland",43
"Poland",1925,2,290,"POL","Poland",43
"Poland",1926,0,290,"POL","Poland",43
"Poland",1927,0,290,"POL","Poland",43
"Poland",1928,0,290,"POL","Poland",43
"Poland",1929,0,290,"POL","Poland",43
"Poland",1930,0,290,"POL","Poland",43
"Poland",1931,0,290,"POL","Poland",43
"Poland",1932,0,290,"POL","Poland",43
"Poland",1933,0,290,"POL","Poland",43
"Poland",1934,0,290,"POL","Poland",43
"Poland",1935,1,290,"POL","Poland",43
"Poland",1936,1,290,"POL","Poland",43
"Poland",1937,1,290,"POL","Poland",43
"Poland",1938,1,290,"POL","Poland",43
"Poland",1944,0,290,"POL","Poland",43
"Poland",1945,0,290,"POL","Poland",43
"Poland",1946,0,290,"POL","Poland",43
"Poland",1947,1,290,"POL","Poland",43
"Poland",1948,1,290,"POL","Poland",43
"Poland",1949,1,290,"POL","Poland",43
"Poland",1950,1,290,"POL","Poland",43
"Poland",1951,1,290,"POL","Poland",43
"Poland",1952,0,290,"POL","Poland",43
"Poland",1953,0,290,"POL","Poland",43
"Poland",1954,0,290,"POL","Poland",43
"Poland",1955,0,290,"POL","Poland",43
"Poland",1956,0,290,"POL","Poland",43
"Poland",1957,1,290,"POL","Poland",43
"Poland",1958,1,290,"POL","Poland",43
"Poland",1959,1,290,"POL","Poland",43
"Poland",1960,1,290,"POL","Poland",43
"Poland",1961,0,290,"POL","Poland",43
"Poland",1962,0,290,"POL","Poland",43
"Poland",1963,0,290,"POL","Poland",43
"Poland",1964,0,290,"POL","Poland",43
"Poland",1965,0,290,"POL","Poland",43
"Poland",1966,0,290,"POL","Poland",43
"Poland",1967,0,290,"POL","Poland",43
"Poland",1968,0,290,"POL","Poland",43
"Poland",1969,0,290,"POL","Poland",43
"Poland",1970,0,290,"POL","Poland",43
"Poland",1971,0,290,"POL","Poland",43
"Poland",1972,0,290,"POL","Poland",43
"Poland",1973,0,290,"POL","Poland",43
"Poland",1974,0,290,"POL","Poland",43
"Poland",1975,0,290,"POL","Poland",43
"Poland",1976,0,290,"POL","Poland",43
"Poland",1977,0,290,"POL","Poland",43
"Poland",1978,0,290,"POL","Poland",43
"Poland",1979,0,290,"POL","Poland",43
"Poland",1980,0,290,"POL","Poland",43
"Poland",1981,0,290,"POL","Poland",43
"Poland",1982,0,290,"POL","Poland",43
"Poland",1983,0,290,"POL","Poland",43
"Poland",1984,0,290,"POL","Poland",43
"Poland",1985,0,290,"POL","Poland",43
"Poland",1986,0,290,"POL","Poland",43
"Poland",1987,0,290,"POL","Poland",43
"Poland",1988,0,290,"POL","Poland",43
"Poland",1989,1,290,"POL","Poland",43
"Poland",1990,2,290,"POL","Poland",43
"Poland",1991,2,290,"POL","Poland",43
"Poland",1992,2,290,"POL","Poland",43
"Poland",1993,3,290,"POL","Poland",43
"Poland",1994,3,290,"POL","Poland",43
"Poland",1995,3,290,"POL","Poland",43
"Poland",1996,3,290,"POL","Poland",43
"Poland",1997,3,290,"POL","Poland",43
"Poland",1998,3,290,"POL","Poland",43
"Poland",1999,3,290,"POL","Poland",43
"Poland",2000,3,290,"POL","Poland",43
"Poland",2001,3,290,"POL","Poland",43
"Poland",2002,3,290,"POL","Poland",43
"Poland",2003,3,290,"POL","Poland",43
"Poland",2004,3,290,"POL","Poland",43
"Poland",2005,3,290,"POL","Poland",43
"Poland",2006,3,290,"POL","Poland",43
"Poland",2007,3,290,"POL","Poland",43
"Poland",2008,3,290,"POL","Poland",43
"Poland",2009,3,290,"POL","Poland",43
"Poland",2010,3,290,"POL","Poland",43
"Poland",2011,3,290,"POL","Poland",43
"Poland",2012,3,290,"POL","Poland",43
"Poland",2013,3,290,"POL","Poland",43
"Poland",2014,3,290,"POL","Poland",43
"Poland",2015,3,290,"POL","Poland",43
"Poland",2016,2,290,"POL","Poland",43
"Poland",2017,2,290,"POL","Poland",43
"Poland",2018,2,290,"POL","Poland",43
"Poland",2019,2,290,"POL","Poland",43
"Poland",2020,2,290,"POL","Poland",43
"Poland",2021,2,290,"POL","Poland",43
"Poland",2022,2,290,"POL","Poland",43
"Poland",2023,2,290,"POL","Poland",43
"Poland",2024,2,290,"POL","Poland",43
"Poland",2025,2,290,"POL","Poland",43
"Portugal",1789,NA,235,"PRT","Portugal",44
"Portugal",1790,NA,235,"PRT","Portugal",44
"Portugal",1791,NA,235,"PRT","Portugal",44
"Portugal",1792,NA,235,"PRT","Portugal",44
"Portugal",1793,NA,235,"PRT","Portugal",44
"Portugal",1794,NA,235,"PRT","Portugal",44
"Portugal",1795,NA,235,"PRT","Portugal",44
"Portugal",1796,NA,235,"PRT","Portugal",44
"Portugal",1797,NA,235,"PRT","Portugal",44
"Portugal",1798,NA,235,"PRT","Portugal",44
"Portugal",1799,NA,235,"PRT","Portugal",44
"Portugal",1800,NA,235,"PRT","Portugal",44
"Portugal",1801,NA,235,"PRT","Portugal",44
"Portugal",1802,NA,235,"PRT","Portugal",44
"Portugal",1803,NA,235,"PRT","Portugal",44
"Portugal",1804,NA,235,"PRT","Portugal",44
"Portugal",1805,NA,235,"PRT","Portugal",44
"Portugal",1806,NA,235,"PRT","Portugal",44
"Portugal",1807,NA,235,"PRT","Portugal",44
"Portugal",1808,NA,235,"PRT","Portugal",44
"Portugal",1809,NA,235,"PRT","Portugal",44
"Portugal",1810,NA,235,"PRT","Portugal",44
"Portugal",1811,NA,235,"PRT","Portugal",44
"Portugal",1812,NA,235,"PRT","Portugal",44
"Portugal",1813,NA,235,"PRT","Portugal",44
"Portugal",1814,NA,235,"PRT","Portugal",44
"Portugal",1815,NA,235,"PRT","Portugal",44
"Portugal",1816,NA,235,"PRT","Portugal",44
"Portugal",1817,NA,235,"PRT","Portugal",44
"Portugal",1818,NA,235,"PRT","Portugal",44
"Portugal",1819,NA,235,"PRT","Portugal",44
"Portugal",1820,NA,235,"PRT","Portugal",44
"Portugal",1821,NA,235,"PRT","Portugal",44
"Portugal",1822,NA,235,"PRT","Portugal",44
"Portugal",1823,NA,235,"PRT","Portugal",44
"Portugal",1824,NA,235,"PRT","Portugal",44
"Portugal",1825,NA,235,"PRT","Portugal",44
"Portugal",1826,NA,235,"PRT","Portugal",44
"Portugal",1827,NA,235,"PRT","Portugal",44
"Portugal",1828,NA,235,"PRT","Portugal",44
"Portugal",1829,NA,235,"PRT","Portugal",44
"Portugal",1830,NA,235,"PRT","Portugal",44
"Portugal",1831,NA,235,"PRT","Portugal",44
"Portugal",1832,NA,235,"PRT","Portugal",44
"Portugal",1833,NA,235,"PRT","Portugal",44
"Portugal",1834,NA,235,"PRT","Portugal",44
"Portugal",1835,NA,235,"PRT","Portugal",44
"Portugal",1836,NA,235,"PRT","Portugal",44
"Portugal",1837,NA,235,"PRT","Portugal",44
"Portugal",1838,NA,235,"PRT","Portugal",44
"Portugal",1839,NA,235,"PRT","Portugal",44
"Portugal",1840,NA,235,"PRT","Portugal",44
"Portugal",1841,NA,235,"PRT","Portugal",44
"Portugal",1842,NA,235,"PRT","Portugal",44
"Portugal",1843,NA,235,"PRT","Portugal",44
"Portugal",1844,NA,235,"PRT","Portugal",44
"Portugal",1845,NA,235,"PRT","Portugal",44
"Portugal",1846,NA,235,"PRT","Portugal",44
"Portugal",1847,NA,235,"PRT","Portugal",44
"Portugal",1848,NA,235,"PRT","Portugal",44
"Portugal",1849,NA,235,"PRT","Portugal",44
"Portugal",1850,NA,235,"PRT","Portugal",44
"Portugal",1851,NA,235,"PRT","Portugal",44
"Portugal",1852,NA,235,"PRT","Portugal",44
"Portugal",1853,NA,235,"PRT","Portugal",44
"Portugal",1854,NA,235,"PRT","Portugal",44
"Portugal",1855,NA,235,"PRT","Portugal",44
"Portugal",1856,NA,235,"PRT","Portugal",44
"Portugal",1857,NA,235,"PRT","Portugal",44
"Portugal",1858,NA,235,"PRT","Portugal",44
"Portugal",1859,NA,235,"PRT","Portugal",44
"Portugal",1860,NA,235,"PRT","Portugal",44
"Portugal",1861,NA,235,"PRT","Portugal",44
"Portugal",1862,NA,235,"PRT","Portugal",44
"Portugal",1863,NA,235,"PRT","Portugal",44
"Portugal",1864,NA,235,"PRT","Portugal",44
"Portugal",1865,NA,235,"PRT","Portugal",44
"Portugal",1866,NA,235,"PRT","Portugal",44
"Portugal",1867,NA,235,"PRT","Portugal",44
"Portugal",1868,NA,235,"PRT","Portugal",44
"Portugal",1869,NA,235,"PRT","Portugal",44
"Portugal",1870,NA,235,"PRT","Portugal",44
"Portugal",1871,NA,235,"PRT","Portugal",44
"Portugal",1872,NA,235,"PRT","Portugal",44
"Portugal",1873,NA,235,"PRT","Portugal",44
"Portugal",1874,NA,235,"PRT","Portugal",44
"Portugal",1875,NA,235,"PRT","Portugal",44
"Portugal",1876,NA,235,"PRT","Portugal",44
"Portugal",1877,NA,235,"PRT","Portugal",44
"Portugal",1878,NA,235,"PRT","Portugal",44
"Portugal",1879,NA,235,"PRT","Portugal",44
"Portugal",1880,NA,235,"PRT","Portugal",44
"Portugal",1881,NA,235,"PRT","Portugal",44
"Portugal",1882,NA,235,"PRT","Portugal",44
"Portugal",1883,NA,235,"PRT","Portugal",44
"Portugal",1884,NA,235,"PRT","Portugal",44
"Portugal",1885,NA,235,"PRT","Portugal",44
"Portugal",1886,NA,235,"PRT","Portugal",44
"Portugal",1887,NA,235,"PRT","Portugal",44
"Portugal",1888,NA,235,"PRT","Portugal",44
"Portugal",1889,NA,235,"PRT","Portugal",44
"Portugal",1890,NA,235,"PRT","Portugal",44
"Portugal",1891,NA,235,"PRT","Portugal",44
"Portugal",1892,NA,235,"PRT","Portugal",44
"Portugal",1893,NA,235,"PRT","Portugal",44
"Portugal",1894,NA,235,"PRT","Portugal",44
"Portugal",1895,NA,235,"PRT","Portugal",44
"Portugal",1896,NA,235,"PRT","Portugal",44
"Portugal",1897,NA,235,"PRT","Portugal",44
"Portugal",1898,NA,235,"PRT","Portugal",44
"Portugal",1899,NA,235,"PRT","Portugal",44
"Portugal",1900,0,235,"PRT","Portugal",44
"Portugal",1901,0,235,"PRT","Portugal",44
"Portugal",1902,0,235,"PRT","Portugal",44
"Portugal",1903,0,235,"PRT","Portugal",44
"Portugal",1904,0,235,"PRT","Portugal",44
"Portugal",1905,0,235,"PRT","Portugal",44
"Portugal",1906,0,235,"PRT","Portugal",44
"Portugal",1907,0,235,"PRT","Portugal",44
"Portugal",1908,0,235,"PRT","Portugal",44
"Portugal",1909,0,235,"PRT","Portugal",44
"Portugal",1910,0,235,"PRT","Portugal",44
"Portugal",1911,1,235,"PRT","Portugal",44
"Portugal",1912,1,235,"PRT","Portugal",44
"Portugal",1913,1,235,"PRT","Portugal",44
"Portugal",1914,1,235,"PRT","Portugal",44
"Portugal",1915,1,235,"PRT","Portugal",44
"Portugal",1916,1,235,"PRT","Portugal",44
"Portugal",1917,0,235,"PRT","Portugal",44
"Portugal",1918,1,235,"PRT","Portugal",44
"Portugal",1919,1,235,"PRT","Portugal",44
"Portugal",1920,1,235,"PRT","Portugal",44
"Portugal",1921,1,235,"PRT","Portugal",44
"Portugal",1922,1,235,"PRT","Portugal",44
"Portugal",1923,1,235,"PRT","Portugal",44
"Portugal",1924,1,235,"PRT","Portugal",44
"Portugal",1925,1,235,"PRT","Portugal",44
"Portugal",1926,0,235,"PRT","Portugal",44
"Portugal",1927,0,235,"PRT","Portugal",44
"Portugal",1928,0,235,"PRT","Portugal",44
"Portugal",1929,0,235,"PRT","Portugal",44
"Portugal",1930,0,235,"PRT","Portugal",44
"Portugal",1931,0,235,"PRT","Portugal",44
"Portugal",1932,0,235,"PRT","Portugal",44
"Portugal",1933,0,235,"PRT","Portugal",44
"Portugal",1934,0,235,"PRT","Portugal",44
"Portugal",1935,0,235,"PRT","Portugal",44
"Portugal",1936,0,235,"PRT","Portugal",44
"Portugal",1937,0,235,"PRT","Portugal",44
"Portugal",1938,0,235,"PRT","Portugal",44
"Portugal",1939,0,235,"PRT","Portugal",44
"Portugal",1940,0,235,"PRT","Portugal",44
"Portugal",1941,0,235,"PRT","Portugal",44
"Portugal",1942,0,235,"PRT","Portugal",44
"Portugal",1943,0,235,"PRT","Portugal",44
"Portugal",1944,0,235,"PRT","Portugal",44
"Portugal",1945,0,235,"PRT","Portugal",44
"Portugal",1946,0,235,"PRT","Portugal",44
"Portugal",1947,0,235,"PRT","Portugal",44
"Portugal",1948,0,235,"PRT","Portugal",44
"Portugal",1949,1,235,"PRT","Portugal",44
"Portugal",1950,1,235,"PRT","Portugal",44
"Portugal",1951,0,235,"PRT","Portugal",44
"Portugal",1952,0,235,"PRT","Portugal",44
"Portugal",1953,0,235,"PRT","Portugal",44
"Portugal",1954,0,235,"PRT","Portugal",44
"Portugal",1955,0,235,"PRT","Portugal",44
"Portugal",1956,0,235,"PRT","Portugal",44
"Portugal",1957,0,235,"PRT","Portugal",44
"Portugal",1958,1,235,"PRT","Portugal",44
"Portugal",1959,1,235,"PRT","Portugal",44
"Portugal",1960,1,235,"PRT","Portugal",44
"Portugal",1961,0,235,"PRT","Portugal",44
"Portugal",1962,0,235,"PRT","Portugal",44
"Portugal",1963,0,235,"PRT","Portugal",44
"Portugal",1964,0,235,"PRT","Portugal",44
"Portugal",1965,0,235,"PRT","Portugal",44
"Portugal",1966,0,235,"PRT","Portugal",44
"Portugal",1967,0,235,"PRT","Portugal",44
"Portugal",1968,0,235,"PRT","Portugal",44
"Portugal",1969,0,235,"PRT","Portugal",44
"Portugal",1970,0,235,"PRT","Portugal",44
"Portugal",1971,0,235,"PRT","Portugal",44
"Portugal",1972,0,235,"PRT","Portugal",44
"Portugal",1973,0,235,"PRT","Portugal",44
"Portugal",1974,0,235,"PRT","Portugal",44
"Portugal",1975,0,235,"PRT","Portugal",44
"Portugal",1976,2,235,"PRT","Portugal",44
"Portugal",1977,3,235,"PRT","Portugal",44
"Portugal",1978,3,235,"PRT","Portugal",44
"Portugal",1979,3,235,"PRT","Portugal",44
"Portugal",1980,3,235,"PRT","Portugal",44
"Portugal",1981,3,235,"PRT","Portugal",44
"Portugal",1982,3,235,"PRT","Portugal",44
"Portugal",1983,3,235,"PRT","Portugal",44
"Portugal",1984,3,235,"PRT","Portugal",44
"Portugal",1985,3,235,"PRT","Portugal",44
"Portugal",1986,3,235,"PRT","Portugal",44
"Portugal",1987,3,235,"PRT","Portugal",44
"Portugal",1988,3,235,"PRT","Portugal",44
"Portugal",1989,3,235,"PRT","Portugal",44
"Portugal",1990,3,235,"PRT","Portugal",44
"Portugal",1991,3,235,"PRT","Portugal",44
"Portugal",1992,3,235,"PRT","Portugal",44
"Portugal",1993,3,235,"PRT","Portugal",44
"Portugal",1994,3,235,"PRT","Portugal",44
"Portugal",1995,3,235,"PRT","Portugal",44
"Portugal",1996,3,235,"PRT","Portugal",44
"Portugal",1997,3,235,"PRT","Portugal",44
"Portugal",1998,3,235,"PRT","Portugal",44
"Portugal",1999,3,235,"PRT","Portugal",44
"Portugal",2000,3,235,"PRT","Portugal",44
"Portugal",2001,3,235,"PRT","Portugal",44
"Portugal",2002,3,235,"PRT","Portugal",44
"Portugal",2003,3,235,"PRT","Portugal",44
"Portugal",2004,3,235,"PRT","Portugal",44
"Portugal",2005,3,235,"PRT","Portugal",44
"Portugal",2006,3,235,"PRT","Portugal",44
"Portugal",2007,3,235,"PRT","Portugal",44
"Portugal",2008,3,235,"PRT","Portugal",44
"Portugal",2009,3,235,"PRT","Portugal",44
"Portugal",2010,3,235,"PRT","Portugal",44
"Portugal",2011,3,235,"PRT","Portugal",44
"Portugal",2012,3,235,"PRT","Portugal",44
"Portugal",2013,3,235,"PRT","Portugal",44
"Portugal",2014,3,235,"PRT","Portugal",44
"Portugal",2015,3,235,"PRT","Portugal",44
"Portugal",2016,3,235,"PRT","Portugal",44
"Portugal",2017,3,235,"PRT","Portugal",44
"Portugal",2018,3,235,"PRT","Portugal",44
"Portugal",2019,3,235,"PRT","Portugal",44
"Portugal",2020,3,235,"PRT","Portugal",44
"Portugal",2021,3,235,"PRT","Portugal",44
"Portugal",2022,3,235,"PRT","Portugal",44
"Portugal",2023,2,235,"PRT","Portugal",44
"Portugal",2024,2,235,"PRT","Portugal",44
"Portugal",2025,2,235,"PRT","Portugal",44
"Romania",1789,NA,360,"ROU","Romania",45
"Romania",1790,NA,360,"ROU","Romania",45
"Romania",1791,NA,360,"ROU","Romania",45
"Romania",1792,NA,360,"ROU","Romania",45
"Romania",1793,NA,360,"ROU","Romania",45
"Romania",1794,NA,360,"ROU","Romania",45
"Romania",1795,NA,360,"ROU","Romania",45
"Romania",1796,NA,360,"ROU","Romania",45
"Romania",1797,NA,360,"ROU","Romania",45
"Romania",1798,NA,360,"ROU","Romania",45
"Romania",1799,NA,360,"ROU","Romania",45
"Romania",1800,NA,360,"ROU","Romania",45
"Romania",1801,NA,360,"ROU","Romania",45
"Romania",1802,NA,360,"ROU","Romania",45
"Romania",1803,NA,360,"ROU","Romania",45
"Romania",1804,NA,360,"ROU","Romania",45
"Romania",1805,NA,360,"ROU","Romania",45
"Romania",1806,NA,360,"ROU","Romania",45
"Romania",1807,NA,360,"ROU","Romania",45
"Romania",1808,NA,360,"ROU","Romania",45
"Romania",1809,NA,360,"ROU","Romania",45
"Romania",1810,NA,360,"ROU","Romania",45
"Romania",1811,NA,360,"ROU","Romania",45
"Romania",1812,NA,360,"ROU","Romania",45
"Romania",1813,NA,360,"ROU","Romania",45
"Romania",1814,NA,360,"ROU","Romania",45
"Romania",1815,NA,360,"ROU","Romania",45
"Romania",1816,NA,360,"ROU","Romania",45
"Romania",1817,NA,360,"ROU","Romania",45
"Romania",1818,NA,360,"ROU","Romania",45
"Romania",1819,NA,360,"ROU","Romania",45
"Romania",1820,NA,360,"ROU","Romania",45
"Romania",1821,NA,360,"ROU","Romania",45
"Romania",1822,NA,360,"ROU","Romania",45
"Romania",1823,NA,360,"ROU","Romania",45
"Romania",1824,NA,360,"ROU","Romania",45
"Romania",1825,NA,360,"ROU","Romania",45
"Romania",1826,NA,360,"ROU","Romania",45
"Romania",1827,NA,360,"ROU","Romania",45
"Romania",1828,NA,360,"ROU","Romania",45
"Romania",1829,NA,360,"ROU","Romania",45
"Romania",1830,NA,360,"ROU","Romania",45
"Romania",1831,NA,360,"ROU","Romania",45
"Romania",1832,NA,360,"ROU","Romania",45
"Romania",1833,NA,360,"ROU","Romania",45
"Romania",1834,NA,360,"ROU","Romania",45
"Romania",1835,NA,360,"ROU","Romania",45
"Romania",1836,NA,360,"ROU","Romania",45
"Romania",1837,NA,360,"ROU","Romania",45
"Romania",1838,NA,360,"ROU","Romania",45
"Romania",1839,NA,360,"ROU","Romania",45
"Romania",1840,NA,360,"ROU","Romania",45
"Romania",1841,NA,360,"ROU","Romania",45
"Romania",1842,NA,360,"ROU","Romania",45
"Romania",1843,NA,360,"ROU","Romania",45
"Romania",1844,NA,360,"ROU","Romania",45
"Romania",1845,NA,360,"ROU","Romania",45
"Romania",1846,NA,360,"ROU","Romania",45
"Romania",1847,NA,360,"ROU","Romania",45
"Romania",1848,NA,360,"ROU","Romania",45
"Romania",1849,NA,360,"ROU","Romania",45
"Romania",1850,NA,360,"ROU","Romania",45
"Romania",1851,NA,360,"ROU","Romania",45
"Romania",1852,NA,360,"ROU","Romania",45
"Romania",1853,NA,360,"ROU","Romania",45
"Romania",1854,NA,360,"ROU","Romania",45
"Romania",1855,NA,360,"ROU","Romania",45
"Romania",1856,NA,360,"ROU","Romania",45
"Romania",1857,NA,360,"ROU","Romania",45
"Romania",1858,NA,360,"ROU","Romania",45
"Romania",1859,NA,360,"ROU","Romania",45
"Romania",1860,NA,360,"ROU","Romania",45
"Romania",1861,NA,360,"ROU","Romania",45
"Romania",1862,NA,360,"ROU","Romania",45
"Romania",1863,NA,360,"ROU","Romania",45
"Romania",1864,NA,360,"ROU","Romania",45
"Romania",1865,NA,360,"ROU","Romania",45
"Romania",1866,NA,360,"ROU","Romania",45
"Romania",1867,NA,360,"ROU","Romania",45
"Romania",1868,NA,360,"ROU","Romania",45
"Romania",1869,NA,360,"ROU","Romania",45
"Romania",1870,NA,360,"ROU","Romania",45
"Romania",1871,NA,360,"ROU","Romania",45
"Romania",1872,NA,360,"ROU","Romania",45
"Romania",1873,NA,360,"ROU","Romania",45
"Romania",1874,NA,360,"ROU","Romania",45
"Romania",1875,NA,360,"ROU","Romania",45
"Romania",1876,NA,360,"ROU","Romania",45
"Romania",1877,NA,360,"ROU","Romania",45
"Romania",1878,NA,360,"ROU","Romania",45
"Romania",1879,NA,360,"ROU","Romania",45
"Romania",1880,NA,360,"ROU","Romania",45
"Romania",1881,NA,360,"ROU","Romania",45
"Romania",1882,NA,360,"ROU","Romania",45
"Romania",1883,NA,360,"ROU","Romania",45
"Romania",1884,NA,360,"ROU","Romania",45
"Romania",1885,NA,360,"ROU","Romania",45
"Romania",1886,NA,360,"ROU","Romania",45
"Romania",1887,NA,360,"ROU","Romania",45
"Romania",1888,NA,360,"ROU","Romania",45
"Romania",1889,NA,360,"ROU","Romania",45
"Romania",1890,NA,360,"ROU","Romania",45
"Romania",1891,NA,360,"ROU","Romania",45
"Romania",1892,NA,360,"ROU","Romania",45
"Romania",1893,NA,360,"ROU","Romania",45
"Romania",1894,NA,360,"ROU","Romania",45
"Romania",1895,NA,360,"ROU","Romania",45
"Romania",1896,NA,360,"ROU","Romania",45
"Romania",1897,NA,360,"ROU","Romania",45
"Romania",1898,NA,360,"ROU","Romania",45
"Romania",1899,NA,360,"ROU","Romania",45
"Romania",1900,0,360,"ROU","Romania",45
"Romania",1901,0,360,"ROU","Romania",45
"Romania",1902,0,360,"ROU","Romania",45
"Romania",1903,0,360,"ROU","Romania",45
"Romania",1904,0,360,"ROU","Romania",45
"Romania",1905,0,360,"ROU","Romania",45
"Romania",1906,0,360,"ROU","Romania",45
"Romania",1907,0,360,"ROU","Romania",45
"Romania",1908,0,360,"ROU","Romania",45
"Romania",1909,0,360,"ROU","Romania",45
"Romania",1910,0,360,"ROU","Romania",45
"Romania",1911,0,360,"ROU","Romania",45
"Romania",1912,0,360,"ROU","Romania",45
"Romania",1913,0,360,"ROU","Romania",45
"Romania",1914,0,360,"ROU","Romania",45
"Romania",1915,0,360,"ROU","Romania",45
"Romania",1916,0,360,"ROU","Romania",45
"Romania",1917,0,360,"ROU","Romania",45
"Romania",1918,0,360,"ROU","Romania",45
"Romania",1919,0,360,"ROU","Romania",45
"Romania",1920,0,360,"ROU","Romania",45
"Romania",1921,0,360,"ROU","Romania",45
"Romania",1922,0,360,"ROU","Romania",45
"Romania",1923,0,360,"ROU","Romania",45
"Romania",1924,0,360,"ROU","Romania",45
"Romania",1925,0,360,"ROU","Romania",45
"Romania",1926,0,360,"ROU","Romania",45
"Romania",1927,0,360,"ROU","Romania",45
"Romania",1928,0,360,"ROU","Romania",45
"Romania",1929,0,360,"ROU","Romania",45
"Romania",1930,0,360,"ROU","Romania",45
"Romania",1931,0,360,"ROU","Romania",45
"Romania",1932,0,360,"ROU","Romania",45
"Romania",1933,0,360,"ROU","Romania",45
"Romania",1934,0,360,"ROU","Romania",45
"Romania",1935,0,360,"ROU","Romania",45
"Romania",1936,0,360,"ROU","Romania",45
"Romania",1937,0,360,"ROU","Romania",45
"Romania",1938,0,360,"ROU","Romania",45
"Romania",1939,0,360,"ROU","Romania",45
"Romania",1940,0,360,"ROU","Romania",45
"Romania",1941,0,360,"ROU","Romania",45
"Romania",1942,0,360,"ROU","Romania",45
"Romania",1943,0,360,"ROU","Romania",45
"Romania",1944,0,360,"ROU","Romania",45
"Romania",1945,0,360,"ROU","Romania",45
"Romania",1946,0,360,"ROU","Romania",45
"Romania",1947,0,360,"ROU","Romania",45
"Romania",1948,0,360,"ROU","Romania",45
"Romania",1949,0,360,"ROU","Romania",45
"Romania",1950,0,360,"ROU","Romania",45
"Romania",1951,0,360,"ROU","Romania",45
"Romania",1952,0,360,"ROU","Romania",45
"Romania",1953,0,360,"ROU","Romania",45
"Romania",1954,0,360,"ROU","Romania",45
"Romania",1955,0,360,"ROU","Romania",45
"Romania",1956,0,360,"ROU","Romania",45
"Romania",1957,0,360,"ROU","Romania",45
"Romania",1958,0,360,"ROU","Romania",45
"Romania",1959,0,360,"ROU","Romania",45
"Romania",1960,0,360,"ROU","Romania",45
"Romania",1961,0,360,"ROU","Romania",45
"Romania",1962,0,360,"ROU","Romania",45
"Romania",1963,0,360,"ROU","Romania",45
"Romania",1964,0,360,"ROU","Romania",45
"Romania",1965,0,360,"ROU","Romania",45
"Romania",1966,0,360,"ROU","Romania",45
"Romania",1967,0,360,"ROU","Romania",45
"Romania",1968,0,360,"ROU","Romania",45
"Romania",1969,0,360,"ROU","Romania",45
"Romania",1970,0,360,"ROU","Romania",45
"Romania",1971,0,360,"ROU","Romania",45
"Romania",1972,0,360,"ROU","Romania",45
"Romania",1973,0,360,"ROU","Romania",45
"Romania",1974,0,360,"ROU","Romania",45
"Romania",1975,0,360,"ROU","Romania",45
"Romania",1976,0,360,"ROU","Romania",45
"Romania",1977,0,360,"ROU","Romania",45
"Romania",1978,0,360,"ROU","Romania",45
"Romania",1979,0,360,"ROU","Romania",45
"Romania",1980,0,360,"ROU","Romania",45
"Romania",1981,0,360,"ROU","Romania",45
"Romania",1982,0,360,"ROU","Romania",45
"Romania",1983,0,360,"ROU","Romania",45
"Romania",1984,0,360,"ROU","Romania",45
"Romania",1985,0,360,"ROU","Romania",45
"Romania",1986,0,360,"ROU","Romania",45
"Romania",1987,0,360,"ROU","Romania",45
"Romania",1988,0,360,"ROU","Romania",45
"Romania",1989,0,360,"ROU","Romania",45
"Romania",1990,2,360,"ROU","Romania",45
"Romania",1991,2,360,"ROU","Romania",45
"Romania",1992,2,360,"ROU","Romania",45
"Romania",1993,2,360,"ROU","Romania",45
"Romania",1994,2,360,"ROU","Romania",45
"Romania",1995,2,360,"ROU","Romania",45
"Romania",1996,2,360,"ROU","Romania",45
"Romania",1997,2,360,"ROU","Romania",45
"Romania",1998,2,360,"ROU","Romania",45
"Romania",1999,2,360,"ROU","Romania",45
"Romania",2000,2,360,"ROU","Romania",45
"Romania",2001,2,360,"ROU","Romania",45
"Romania",2002,2,360,"ROU","Romania",45
"Romania",2003,2,360,"ROU","Romania",45
"Romania",2004,2,360,"ROU","Romania",45
"Romania",2005,2,360,"ROU","Romania",45
"Romania",2006,2,360,"ROU","Romania",45
"Romania",2007,2,360,"ROU","Romania",45
"Romania",2008,2,360,"ROU","Romania",45
"Romania",2009,2,360,"ROU","Romania",45
"Romania",2010,2,360,"ROU","Romania",45
"Romania",2011,2,360,"ROU","Romania",45
"Romania",2012,2,360,"ROU","Romania",45
"Romania",2013,2,360,"ROU","Romania",45
"Romania",2014,2,360,"ROU","Romania",45
"Romania",2015,2,360,"ROU","Romania",45
"Romania",2016,2,360,"ROU","Romania",45
"Romania",2017,2,360,"ROU","Romania",45
"Romania",2018,2,360,"ROU","Romania",45
"Romania",2019,2,360,"ROU","Romania",45
"Romania",2020,2,360,"ROU","Romania",45
"Romania",2021,2,360,"ROU","Romania",45
"Romania",2022,2,360,"ROU","Romania",45
"Romania",2023,2,360,"ROU","Romania",45
"Romania",2024,2,360,"ROU","Romania",45
"Romania",2025,2,360,"ROU","Romania",45
"Russia",1789,NA,365,"RUS","Russia",46
"Russia",1790,NA,365,"RUS","Russia",46
"Russia",1791,NA,365,"RUS","Russia",46
"Russia",1792,NA,365,"RUS","Russia",46
"Russia",1793,NA,365,"RUS","Russia",46
"Russia",1794,NA,365,"RUS","Russia",46
"Russia",1795,NA,365,"RUS","Russia",46
"Russia",1796,NA,365,"RUS","Russia",46
"Russia",1797,NA,365,"RUS","Russia",46
"Russia",1798,NA,365,"RUS","Russia",46
"Russia",1799,NA,365,"RUS","Russia",46
"Russia",1800,NA,365,"RUS","Russia",46
"Russia",1801,NA,365,"RUS","Russia",46
"Russia",1802,NA,365,"RUS","Russia",46
"Russia",1803,NA,365,"RUS","Russia",46
"Russia",1804,NA,365,"RUS","Russia",46
"Russia",1805,NA,365,"RUS","Russia",46
"Russia",1806,NA,365,"RUS","Russia",46
"Russia",1807,NA,365,"RUS","Russia",46
"Russia",1808,NA,365,"RUS","Russia",46
"Russia",1809,NA,365,"RUS","Russia",46
"Russia",1810,NA,365,"RUS","Russia",46
"Russia",1811,NA,365,"RUS","Russia",46
"Russia",1812,NA,365,"RUS","Russia",46
"Russia",1813,NA,365,"RUS","Russia",46
"Russia",1814,NA,365,"RUS","Russia",46
"Russia",1815,NA,365,"RUS","Russia",46
"Russia",1816,NA,365,"RUS","Russia",46
"Russia",1817,NA,365,"RUS","Russia",46
"Russia",1818,NA,365,"RUS","Russia",46
"Russia",1819,NA,365,"RUS","Russia",46
"Russia",1820,NA,365,"RUS","Russia",46
"Russia",1821,NA,365,"RUS","Russia",46
"Russia",1822,NA,365,"RUS","Russia",46
"Russia",1823,NA,365,"RUS","Russia",46
"Russia",1824,NA,365,"RUS","Russia",46
"Russia",1825,NA,365,"RUS","Russia",46
"Russia",1826,NA,365,"RUS","Russia",46
"Russia",1827,NA,365,"RUS","Russia",46
"Russia",1828,NA,365,"RUS","Russia",46
"Russia",1829,NA,365,"RUS","Russia",46
"Russia",1830,NA,365,"RUS","Russia",46
"Russia",1831,NA,365,"RUS","Russia",46
"Russia",1832,NA,365,"RUS","Russia",46
"Russia",1833,NA,365,"RUS","Russia",46
"Russia",1834,NA,365,"RUS","Russia",46
"Russia",1835,NA,365,"RUS","Russia",46
"Russia",1836,NA,365,"RUS","Russia",46
"Russia",1837,NA,365,"RUS","Russia",46
"Russia",1838,NA,365,"RUS","Russia",46
"Russia",1839,NA,365,"RUS","Russia",46
"Russia",1840,NA,365,"RUS","Russia",46
"Russia",1841,NA,365,"RUS","Russia",46
"Russia",1842,NA,365,"RUS","Russia",46
"Russia",1843,NA,365,"RUS","Russia",46
"Russia",1844,NA,365,"RUS","Russia",46
"Russia",1845,NA,365,"RUS","Russia",46
"Russia",1846,NA,365,"RUS","Russia",46
"Russia",1847,NA,365,"RUS","Russia",46
"Russia",1848,NA,365,"RUS","Russia",46
"Russia",1849,NA,365,"RUS","Russia",46
"Russia",1850,NA,365,"RUS","Russia",46
"Russia",1851,NA,365,"RUS","Russia",46
"Russia",1852,NA,365,"RUS","Russia",46
"Russia",1853,NA,365,"RUS","Russia",46
"Russia",1854,NA,365,"RUS","Russia",46
"Russia",1855,NA,365,"RUS","Russia",46
"Russia",1856,NA,365,"RUS","Russia",46
"Russia",1857,NA,365,"RUS","Russia",46
"Russia",1858,NA,365,"RUS","Russia",46
"Russia",1859,NA,365,"RUS","Russia",46
"Russia",1860,NA,365,"RUS","Russia",46
"Russia",1861,NA,365,"RUS","Russia",46
"Russia",1862,NA,365,"RUS","Russia",46
"Russia",1863,NA,365,"RUS","Russia",46
"Russia",1864,NA,365,"RUS","Russia",46
"Russia",1865,NA,365,"RUS","Russia",46
"Russia",1866,NA,365,"RUS","Russia",46
"Russia",1867,NA,365,"RUS","Russia",46
"Russia",1868,NA,365,"RUS","Russia",46
"Russia",1869,NA,365,"RUS","Russia",46
"Russia",1870,NA,365,"RUS","Russia",46
"Russia",1871,NA,365,"RUS","Russia",46
"Russia",1872,NA,365,"RUS","Russia",46
"Russia",1873,NA,365,"RUS","Russia",46
"Russia",1874,NA,365,"RUS","Russia",46
"Russia",1875,NA,365,"RUS","Russia",46
"Russia",1876,NA,365,"RUS","Russia",46
"Russia",1877,NA,365,"RUS","Russia",46
"Russia",1878,NA,365,"RUS","Russia",46
"Russia",1879,NA,365,"RUS","Russia",46
"Russia",1880,NA,365,"RUS","Russia",46
"Russia",1881,NA,365,"RUS","Russia",46
"Russia",1882,NA,365,"RUS","Russia",46
"Russia",1883,NA,365,"RUS","Russia",46
"Russia",1884,NA,365,"RUS","Russia",46
"Russia",1885,NA,365,"RUS","Russia",46
"Russia",1886,NA,365,"RUS","Russia",46
"Russia",1887,NA,365,"RUS","Russia",46
"Russia",1888,NA,365,"RUS","Russia",46
"Russia",1889,NA,365,"RUS","Russia",46
"Russia",1890,NA,365,"RUS","Russia",46
"Russia",1891,NA,365,"RUS","Russia",46
"Russia",1892,NA,365,"RUS","Russia",46
"Russia",1893,NA,365,"RUS","Russia",46
"Russia",1894,NA,365,"RUS","Russia",46
"Russia",1895,NA,365,"RUS","Russia",46
"Russia",1896,NA,365,"RUS","Russia",46
"Russia",1897,NA,365,"RUS","Russia",46
"Russia",1898,NA,365,"RUS","Russia",46
"Russia",1899,NA,365,"RUS","Russia",46
"Russia",1900,0,365,"RUS","Russia",46
"Russia",1901,0,365,"RUS","Russia",46
"Russia",1902,0,365,"RUS","Russia",46
"Russia",1903,0,365,"RUS","Russia",46
"Russia",1904,0,365,"RUS","Russia",46
"Russia",1905,0,365,"RUS","Russia",46
"Russia",1906,0,365,"RUS","Russia",46
"Russia",1907,0,365,"RUS","Russia",46
"Russia",1908,0,365,"RUS","Russia",46
"Russia",1909,0,365,"RUS","Russia",46
"Russia",1910,0,365,"RUS","Russia",46
"Russia",1911,0,365,"RUS","Russia",46
"Russia",1912,0,365,"RUS","Russia",46
"Russia",1913,0,365,"RUS","Russia",46
"Russia",1914,0,365,"RUS","Russia",46
"Russia",1915,0,365,"RUS","Russia",46
"Russia",1916,0,365,"RUS","Russia",46
"Russia",1917,1,365,"RUS","Russia",46
"Russia",1918,0,365,"RUS","Russia",46
"Russia",1919,0,365,"RUS","Russia",46
"Russia",1920,0,365,"RUS","Russia",46
"Russia",1921,0,365,"RUS","Russia",46
"Russia",1922,0,365,"RUS","Russia",46
"Russia",1923,0,365,"RUS","Russia",46
"Russia",1924,0,365,"RUS","Russia",46
"Russia",1925,0,365,"RUS","Russia",46
"Russia",1926,0,365,"RUS","Russia",46
"Russia",1927,0,365,"RUS","Russia",46
"Russia",1928,0,365,"RUS","Russia",46
"Russia",1929,0,365,"RUS","Russia",46
"Russia",1930,0,365,"RUS","Russia",46
"Russia",1931,0,365,"RUS","Russia",46
"Russia",1932,0,365,"RUS","Russia",46
"Russia",1933,0,365,"RUS","Russia",46
"Russia",1934,0,365,"RUS","Russia",46
"Russia",1935,0,365,"RUS","Russia",46
"Russia",1936,0,365,"RUS","Russia",46
"Russia",1937,0,365,"RUS","Russia",46
"Russia",1938,0,365,"RUS","Russia",46
"Russia",1939,0,365,"RUS","Russia",46
"Russia",1940,0,365,"RUS","Russia",46
"Russia",1941,0,365,"RUS","Russia",46
"Russia",1942,0,365,"RUS","Russia",46
"Russia",1943,0,365,"RUS","Russia",46
"Russia",1944,0,365,"RUS","Russia",46
"Russia",1945,0,365,"RUS","Russia",46
"Russia",1946,0,365,"RUS","Russia",46
"Russia",1947,0,365,"RUS","Russia",46
"Russia",1948,0,365,"RUS","Russia",46
"Russia",1949,0,365,"RUS","Russia",46
"Russia",1950,0,365,"RUS","Russia",46
"Russia",1951,0,365,"RUS","Russia",46
"Russia",1952,0,365,"RUS","Russia",46
"Russia",1953,0,365,"RUS","Russia",46
"Russia",1954,0,365,"RUS","Russia",46
"Russia",1955,0,365,"RUS","Russia",46
"Russia",1956,0,365,"RUS","Russia",46
"Russia",1957,0,365,"RUS","Russia",46
"Russia",1958,0,365,"RUS","Russia",46
"Russia",1959,0,365,"RUS","Russia",46
"Russia",1960,0,365,"RUS","Russia",46
"Russia",1961,0,365,"RUS","Russia",46
"Russia",1962,0,365,"RUS","Russia",46
"Russia",1963,0,365,"RUS","Russia",46
"Russia",1964,0,365,"RUS","Russia",46
"Russia",1965,0,365,"RUS","Russia",46
"Russia",1966,0,365,"RUS","Russia",46
"Russia",1967,0,365,"RUS","Russia",46
"Russia",1968,0,365,"RUS","Russia",46
"Russia",1969,0,365,"RUS","Russia",46
"Russia",1970,0,365,"RUS","Russia",46
"Russia",1971,0,365,"RUS","Russia",46
"Russia",1972,0,365,"RUS","Russia",46
"Russia",1973,0,365,"RUS","Russia",46
"Russia",1974,0,365,"RUS","Russia",46
"Russia",1975,0,365,"RUS","Russia",46
"Russia",1976,0,365,"RUS","Russia",46
"Russia",1977,0,365,"RUS","Russia",46
"Russia",1978,0,365,"RUS","Russia",46
"Russia",1979,0,365,"RUS","Russia",46
"Russia",1980,0,365,"RUS","Russia",46
"Russia",1981,0,365,"RUS","Russia",46
"Russia",1982,0,365,"RUS","Russia",46
"Russia",1983,0,365,"RUS","Russia",46
"Russia",1984,0,365,"RUS","Russia",46
"Russia",1985,0,365,"RUS","Russia",46
"Russia",1986,0,365,"RUS","Russia",46
"Russia",1987,0,365,"RUS","Russia",46
"Russia",1988,0,365,"RUS","Russia",46
"Russia",1989,0,365,"RUS","Russia",46
"Russia",1990,0,365,"RUS","Russia",46
"Russia",1991,1,365,"RUS","Russia",46
"Russia",1992,1,365,"RUS","Russia",46
"Russia",1993,1,365,"RUS","Russia",46
"Russia",1994,1,365,"RUS","Russia",46
"Russia",1995,1,365,"RUS","Russia",46
"Russia",1996,1,365,"RUS","Russia",46
"Russia",1997,1,365,"RUS","Russia",46
"Russia",1998,1,365,"RUS","Russia",46
"Russia",1999,1,365,"RUS","Russia",46
"Russia",2000,1,365,"RUS","Russia",46
"Russia",2001,1,365,"RUS","Russia",46
"Russia",2002,1,365,"RUS","Russia",46
"Russia",2003,1,365,"RUS","Russia",46
"Russia",2004,1,365,"RUS","Russia",46
"Russia",2005,1,365,"RUS","Russia",46
"Russia",2006,1,365,"RUS","Russia",46
"Russia",2007,1,365,"RUS","Russia",46
"Russia",2008,1,365,"RUS","Russia",46
"Russia",2009,1,365,"RUS","Russia",46
"Russia",2010,1,365,"RUS","Russia",46
"Russia",2011,1,365,"RUS","Russia",46
"Russia",2012,1,365,"RUS","Russia",46
"Russia",2013,1,365,"RUS","Russia",46
"Russia",2014,1,365,"RUS","Russia",46
"Russia",2015,1,365,"RUS","Russia",46
"Russia",2016,1,365,"RUS","Russia",46
"Russia",2017,1,365,"RUS","Russia",46
"Russia",2018,1,365,"RUS","Russia",46
"Russia",2019,1,365,"RUS","Russia",46
"Russia",2020,1,365,"RUS","Russia",46
"Russia",2021,1,365,"RUS","Russia",46
"Russia",2022,1,365,"RUS","Russia",46
"Russia",2023,1,365,"RUS","Russia",46
"Russia",2024,1,365,"RUS","Russia",46
"Russia",2025,1,365,"RUS","Russia",46
"Slovakia",1939,NA,317,"SVK","Slovakia",47
"Slovakia",1940,NA,317,"SVK","Slovakia",47
"Slovakia",1941,NA,317,"SVK","Slovakia",47
"Slovakia",1942,NA,317,"SVK","Slovakia",47
"Slovakia",1943,NA,317,"SVK","Slovakia",47
"Slovakia",1944,NA,317,"SVK","Slovakia",47
"Slovakia",1993,0,317,"SVK","Slovakia",47
"Slovakia",1994,2,317,"SVK","Slovakia",47
"Slovakia",1995,2,317,"SVK","Slovakia",47
"Slovakia",1996,2,317,"SVK","Slovakia",47
"Slovakia",1997,2,317,"SVK","Slovakia",47
"Slovakia",1998,2,317,"SVK","Slovakia",47
"Slovakia",1999,3,317,"SVK","Slovakia",47
"Slovakia",2000,3,317,"SVK","Slovakia",47
"Slovakia",2001,3,317,"SVK","Slovakia",47
"Slovakia",2002,3,317,"SVK","Slovakia",47
"Slovakia",2003,3,317,"SVK","Slovakia",47
"Slovakia",2004,3,317,"SVK","Slovakia",47
"Slovakia",2005,3,317,"SVK","Slovakia",47
"Slovakia",2006,3,317,"SVK","Slovakia",47
"Slovakia",2007,3,317,"SVK","Slovakia",47
"Slovakia",2008,3,317,"SVK","Slovakia",47
"Slovakia",2009,3,317,"SVK","Slovakia",47
"Slovakia",2010,3,317,"SVK","Slovakia",47
"Slovakia",2011,3,317,"SVK","Slovakia",47
"Slovakia",2012,3,317,"SVK","Slovakia",47
"Slovakia",2013,3,317,"SVK","Slovakia",47
"Slovakia",2014,3,317,"SVK","Slovakia",47
"Slovakia",2015,3,317,"SVK","Slovakia",47
"Slovakia",2016,3,317,"SVK","Slovakia",47
"Slovakia",2017,3,317,"SVK","Slovakia",47
"Slovakia",2018,3,317,"SVK","Slovakia",47
"Slovakia",2019,2,317,"SVK","Slovakia",47
"Slovakia",2020,3,317,"SVK","Slovakia",47
"Slovakia",2021,3,317,"SVK","Slovakia",47
"Slovakia",2022,3,317,"SVK","Slovakia",47
"Slovakia",2023,2,317,"SVK","Slovakia",47
"Slovakia",2024,2,317,"SVK","Slovakia",47
"Slovakia",2025,2,317,"SVK","Slovakia",47
"Slovenia",1989,0,349,"SVN","Slovenia",48
"Slovenia",1990,2,349,"SVN","Slovenia",48
"Slovenia",1991,3,349,"SVN","Slovenia",48
"Slovenia",1992,3,349,"SVN","Slovenia",48
"Slovenia",1993,3,349,"SVN","Slovenia",48
"Slovenia",1994,3,349,"SVN","Slovenia",48
"Slovenia",1995,3,349,"SVN","Slovenia",48
"Slovenia",1996,3,349,"SVN","Slovenia",48
"Slovenia",1997,3,349,"SVN","Slovenia",48
"Slovenia",1998,3,349,"SVN","Slovenia",48
"Slovenia",1999,3,349,"SVN","Slovenia",48
"Slovenia",2000,3,349,"SVN","Slovenia",48
"Slovenia",2001,3,349,"SVN","Slovenia",48
"Slovenia",2002,3,349,"SVN","Slovenia",48
"Slovenia",2003,3,349,"SVN","Slovenia",48
"Slovenia",2004,3,349,"SVN","Slovenia",48
"Slovenia",2005,3,349,"SVN","Slovenia",48
"Slovenia",2006,3,349,"SVN","Slovenia",48
"Slovenia",2007,3,349,"SVN","Slovenia",48
"Slovenia",2008,3,349,"SVN","Slovenia",48
"Slovenia",2009,3,349,"SVN","Slovenia",48
"Slovenia",2010,3,349,"SVN","Slovenia",48
"Slovenia",2011,3,349,"SVN","Slovenia",48
"Slovenia",2012,3,349,"SVN","Slovenia",48
"Slovenia",2013,3,349,"SVN","Slovenia",48
"Slovenia",2014,3,349,"SVN","Slovenia",48
"Slovenia",2015,3,349,"SVN","Slovenia",48
"Slovenia",2016,3,349,"SVN","Slovenia",48
"Slovenia",2017,3,349,"SVN","Slovenia",48
"Slovenia",2018,3,349,"SVN","Slovenia",48
"Slovenia",2019,3,349,"SVN","Slovenia",48
"Slovenia",2020,3,349,"SVN","Slovenia",48
"Slovenia",2021,2,349,"SVN","Slovenia",48
"Slovenia",2022,3,349,"SVN","Slovenia",48
"Slovenia",2023,2,349,"SVN","Slovenia",48
"Slovenia",2024,2,349,"SVN","Slovenia",48
"Slovenia",2025,2,349,"SVN","Slovenia",48
"South Africa",1900,0,560,"ZAF","South Africa",49
"South Africa",1901,0,560,"ZAF","South Africa",49
"South Africa",1902,0,560,"ZAF","South Africa",49
"South Africa",1903,0,560,"ZAF","South Africa",49
"South Africa",1904,0,560,"ZAF","South Africa",49
"South Africa",1905,0,560,"ZAF","South Africa",49
"South Africa",1906,0,560,"ZAF","South Africa",49
"South Africa",1907,0,560,"ZAF","South Africa",49
"South Africa",1908,0,560,"ZAF","South Africa",49
"South Africa",1909,0,560,"ZAF","South Africa",49
"South Africa",1910,1,560,"ZAF","South Africa",49
"South Africa",1911,1,560,"ZAF","South Africa",49
"South Africa",1912,1,560,"ZAF","South Africa",49
"South Africa",1913,1,560,"ZAF","South Africa",49
"South Africa",1914,1,560,"ZAF","South Africa",49
"South Africa",1915,1,560,"ZAF","South Africa",49
"South Africa",1916,1,560,"ZAF","South Africa",49
"South Africa",1917,1,560,"ZAF","South Africa",49
"South Africa",1918,1,560,"ZAF","South Africa",49
"South Africa",1919,1,560,"ZAF","South Africa",49
"South Africa",1920,1,560,"ZAF","South Africa",49
"South Africa",1921,1,560,"ZAF","South Africa",49
"South Africa",1922,1,560,"ZAF","South Africa",49
"South Africa",1923,1,560,"ZAF","South Africa",49
"South Africa",1924,1,560,"ZAF","South Africa",49
"South Africa",1925,1,560,"ZAF","South Africa",49
"South Africa",1926,1,560,"ZAF","South Africa",49
"South Africa",1927,1,560,"ZAF","South Africa",49
"South Africa",1928,1,560,"ZAF","South Africa",49
"South Africa",1929,1,560,"ZAF","South Africa",49
"South Africa",1930,1,560,"ZAF","South Africa",49
"South Africa",1931,1,560,"ZAF","South Africa",49
"South Africa",1932,1,560,"ZAF","South Africa",49
"South Africa",1933,1,560,"ZAF","South Africa",49
"South Africa",1934,1,560,"ZAF","South Africa",49
"South Africa",1935,1,560,"ZAF","South Africa",49
"South Africa",1936,1,560,"ZAF","South Africa",49
"South Africa",1937,1,560,"ZAF","South Africa",49
"South Africa",1938,1,560,"ZAF","South Africa",49
"South Africa",1939,1,560,"ZAF","South Africa",49
"South Africa",1940,1,560,"ZAF","South Africa",49
"South Africa",1941,1,560,"ZAF","South Africa",49
"South Africa",1942,1,560,"ZAF","South Africa",49
"South Africa",1943,1,560,"ZAF","South Africa",49
"South Africa",1944,1,560,"ZAF","South Africa",49
"South Africa",1945,1,560,"ZAF","South Africa",49
"South Africa",1946,1,560,"ZAF","South Africa",49
"South Africa",1947,1,560,"ZAF","South Africa",49
"South Africa",1948,1,560,"ZAF","South Africa",49
"South Africa",1949,1,560,"ZAF","South Africa",49
"South Africa",1950,1,560,"ZAF","South Africa",49
"South Africa",1951,1,560,"ZAF","South Africa",49
"South Africa",1952,1,560,"ZAF","South Africa",49
"South Africa",1953,1,560,"ZAF","South Africa",49
"South Africa",1954,1,560,"ZAF","South Africa",49
"South Africa",1955,1,560,"ZAF","South Africa",49
"South Africa",1956,1,560,"ZAF","South Africa",49
"South Africa",1957,1,560,"ZAF","South Africa",49
"South Africa",1958,1,560,"ZAF","South Africa",49
"South Africa",1959,1,560,"ZAF","South Africa",49
"South Africa",1960,1,560,"ZAF","South Africa",49
"South Africa",1961,1,560,"ZAF","South Africa",49
"South Africa",1962,1,560,"ZAF","South Africa",49
"South Africa",1963,1,560,"ZAF","South Africa",49
"South Africa",1964,1,560,"ZAF","South Africa",49
"South Africa",1965,1,560,"ZAF","South Africa",49
"South Africa",1966,1,560,"ZAF","South Africa",49
"South Africa",1967,1,560,"ZAF","South Africa",49
"South Africa",1968,1,560,"ZAF","South Africa",49
"South Africa",1969,1,560,"ZAF","South Africa",49
"South Africa",1970,1,560,"ZAF","South Africa",49
"South Africa",1971,1,560,"ZAF","South Africa",49
"South Africa",1972,1,560,"ZAF","South Africa",49
"South Africa",1973,1,560,"ZAF","South Africa",49
"South Africa",1974,1,560,"ZAF","South Africa",49
"South Africa",1975,1,560,"ZAF","South Africa",49
"South Africa",1976,1,560,"ZAF","South Africa",49
"South Africa",1977,1,560,"ZAF","South Africa",49
"South Africa",1978,1,560,"ZAF","South Africa",49
"South Africa",1979,1,560,"ZAF","South Africa",49
"South Africa",1980,1,560,"ZAF","South Africa",49
"South Africa",1981,1,560,"ZAF","South Africa",49
"South Africa",1982,1,560,"ZAF","South Africa",49
"South Africa",1983,1,560,"ZAF","South Africa",49
"South Africa",1984,0,560,"ZAF","South Africa",49
"South Africa",1985,0,560,"ZAF","South Africa",49
"South Africa",1986,0,560,"ZAF","South Africa",49
"South Africa",1987,0,560,"ZAF","South Africa",49
"South Africa",1988,0,560,"ZAF","South Africa",49
"South Africa",1989,0,560,"ZAF","South Africa",49
"South Africa",1990,0,560,"ZAF","South Africa",49
"South Africa",1991,0,560,"ZAF","South Africa",49
"South Africa",1992,0,560,"ZAF","South Africa",49
"South Africa",1993,0,560,"ZAF","South Africa",49
"South Africa",1994,1,560,"ZAF","South Africa",49
"South Africa",1995,2,560,"ZAF","South Africa",49
"South Africa",1996,3,560,"ZAF","South Africa",49
"South Africa",1997,3,560,"ZAF","South Africa",49
"South Africa",1998,3,560,"ZAF","South Africa",49
"South Africa",1999,3,560,"ZAF","South Africa",49
"South Africa",2000,3,560,"ZAF","South Africa",49
"South Africa",2001,3,560,"ZAF","South Africa",49
"South Africa",2002,3,560,"ZAF","South Africa",49
"South Africa",2003,3,560,"ZAF","South Africa",49
"South Africa",2004,3,560,"ZAF","South Africa",49
"South Africa",2005,3,560,"ZAF","South Africa",49
"South Africa",2006,3,560,"ZAF","South Africa",49
"South Africa",2007,3,560,"ZAF","South Africa",49
"South Africa",2008,3,560,"ZAF","South Africa",49
"South Africa",2009,3,560,"ZAF","South Africa",49
"South Africa",2010,3,560,"ZAF","South Africa",49
"South Africa",2011,3,560,"ZAF","South Africa",49
"South Africa",2012,3,560,"ZAF","South Africa",49
"South Africa",2013,2,560,"ZAF","South Africa",49
"South Africa",2014,2,560,"ZAF","South Africa",49
"South Africa",2015,2,560,"ZAF","South Africa",49
"South Africa",2016,2,560,"ZAF","South Africa",49
"South Africa",2017,2,560,"ZAF","South Africa",49
"South Africa",2018,2,560,"ZAF","South Africa",49
"South Africa",2019,2,560,"ZAF","South Africa",49
"South Africa",2020,2,560,"ZAF","South Africa",49
"South Africa",2021,2,560,"ZAF","South Africa",49
"South Africa",2022,2,560,"ZAF","South Africa",49
"South Africa",2023,2,560,"ZAF","South Africa",49
"South Africa",2024,2,560,"ZAF","South Africa",49
"South Africa",2025,2,560,"ZAF","South Africa",49
"South Korea",1906,0,732,"KOR","South Korea",50
"South Korea",1907,0,732,"KOR","South Korea",50
"South Korea",1908,0,732,"KOR","South Korea",50
"South Korea",1909,0,732,"KOR","South Korea",50
"South Korea",1910,0,732,"KOR","South Korea",50
"South Korea",1911,0,732,"KOR","South Korea",50
"South Korea",1912,0,732,"KOR","South Korea",50
"South Korea",1913,0,732,"KOR","South Korea",50
"South Korea",1914,0,732,"KOR","South Korea",50
"South Korea",1915,0,732,"KOR","South Korea",50
"South Korea",1916,0,732,"KOR","South Korea",50
"South Korea",1917,0,732,"KOR","South Korea",50
"South Korea",1918,0,732,"KOR","South Korea",50
"South Korea",1919,0,732,"KOR","South Korea",50
"South Korea",1920,0,732,"KOR","South Korea",50
"South Korea",1921,0,732,"KOR","South Korea",50
"South Korea",1922,0,732,"KOR","South Korea",50
"South Korea",1923,0,732,"KOR","South Korea",50
"South Korea",1924,0,732,"KOR","South Korea",50
"South Korea",1925,0,732,"KOR","South Korea",50
"South Korea",1926,0,732,"KOR","South Korea",50
"South Korea",1927,0,732,"KOR","South Korea",50
"South Korea",1928,0,732,"KOR","South Korea",50
"South Korea",1929,0,732,"KOR","South Korea",50
"South Korea",1930,0,732,"KOR","South Korea",50
"South Korea",1931,0,732,"KOR","South Korea",50
"South Korea",1932,0,732,"KOR","South Korea",50
"South Korea",1933,0,732,"KOR","South Korea",50
"South Korea",1934,0,732,"KOR","South Korea",50
"South Korea",1935,0,732,"KOR","South Korea",50
"South Korea",1936,0,732,"KOR","South Korea",50
"South Korea",1937,0,732,"KOR","South Korea",50
"South Korea",1938,0,732,"KOR","South Korea",50
"South Korea",1939,0,732,"KOR","South Korea",50
"South Korea",1940,0,732,"KOR","South Korea",50
"South Korea",1941,0,732,"KOR","South Korea",50
"South Korea",1942,0,732,"KOR","South Korea",50
"South Korea",1943,0,732,"KOR","South Korea",50
"South Korea",1944,0,732,"KOR","South Korea",50
"South Korea",1945,0,732,"KOR","South Korea",50
"South Korea",1946,0,732,"KOR","South Korea",50
"South Korea",1947,0,732,"KOR","South Korea",50
"South Korea",1948,1,732,"KOR","South Korea",50
"South Korea",1949,1,732,"KOR","South Korea",50
"South Korea",1950,1,732,"KOR","South Korea",50
"South Korea",1951,1,732,"KOR","South Korea",50
"South Korea",1952,1,732,"KOR","South Korea",50
"South Korea",1953,1,732,"KOR","South Korea",50
"South Korea",1954,1,732,"KOR","South Korea",50
"South Korea",1955,1,732,"KOR","South Korea",50
"South Korea",1956,1,732,"KOR","South Korea",50
"South Korea",1957,1,732,"KOR","South Korea",50
"South Korea",1958,1,732,"KOR","South Korea",50
"South Korea",1959,1,732,"KOR","South Korea",50
"South Korea",1960,1,732,"KOR","South Korea",50
"South Korea",1961,1,732,"KOR","South Korea",50
"South Korea",1962,1,732,"KOR","South Korea",50
"South Korea",1963,1,732,"KOR","South Korea",50
"South Korea",1964,1,732,"KOR","South Korea",50
"South Korea",1965,1,732,"KOR","South Korea",50
"South Korea",1966,1,732,"KOR","South Korea",50
"South Korea",1967,1,732,"KOR","South Korea",50
"South Korea",1968,1,732,"KOR","South Korea",50
"South Korea",1969,1,732,"KOR","South Korea",50
"South Korea",1970,1,732,"KOR","South Korea",50
"South Korea",1971,1,732,"KOR","South Korea",50
"South Korea",1972,1,732,"KOR","South Korea",50
"South Korea",1973,1,732,"KOR","South Korea",50
"South Korea",1974,1,732,"KOR","South Korea",50
"South Korea",1975,1,732,"KOR","South Korea",50
"South Korea",1976,1,732,"KOR","South Korea",50
"South Korea",1977,1,732,"KOR","South Korea",50
"South Korea",1978,1,732,"KOR","South Korea",50
"South Korea",1979,1,732,"KOR","South Korea",50
"South Korea",1980,1,732,"KOR","South Korea",50
"South Korea",1981,1,732,"KOR","South Korea",50
"South Korea",1982,1,732,"KOR","South Korea",50
"South Korea",1983,1,732,"KOR","South Korea",50
"South Korea",1984,1,732,"KOR","South Korea",50
"South Korea",1985,1,732,"KOR","South Korea",50
"South Korea",1986,1,732,"KOR","South Korea",50
"South Korea",1987,1,732,"KOR","South Korea",50
"South Korea",1988,2,732,"KOR","South Korea",50
"South Korea",1989,2,732,"KOR","South Korea",50
"South Korea",1990,2,732,"KOR","South Korea",50
"South Korea",1991,2,732,"KOR","South Korea",50
"South Korea",1992,2,732,"KOR","South Korea",50
"South Korea",1993,3,732,"KOR","South Korea",50
"South Korea",1994,3,732,"KOR","South Korea",50
"South Korea",1995,3,732,"KOR","South Korea",50
"South Korea",1996,3,732,"KOR","South Korea",50
"South Korea",1997,3,732,"KOR","South Korea",50
"South Korea",1998,3,732,"KOR","South Korea",50
"South Korea",1999,3,732,"KOR","South Korea",50
"South Korea",2000,3,732,"KOR","South Korea",50
"South Korea",2001,3,732,"KOR","South Korea",50
"South Korea",2002,3,732,"KOR","South Korea",50
"South Korea",2003,3,732,"KOR","South Korea",50
"South Korea",2004,3,732,"KOR","South Korea",50
"South Korea",2005,3,732,"KOR","South Korea",50
"South Korea",2006,3,732,"KOR","South Korea",50
"South Korea",2007,3,732,"KOR","South Korea",50
"South Korea",2008,3,732,"KOR","South Korea",50
"South Korea",2009,3,732,"KOR","South Korea",50
"South Korea",2010,3,732,"KOR","South Korea",50
"South Korea",2011,3,732,"KOR","South Korea",50
"South Korea",2012,3,732,"KOR","South Korea",50
"South Korea",2013,3,732,"KOR","South Korea",50
"South Korea",2014,3,732,"KOR","South Korea",50
"South Korea",2015,3,732,"KOR","South Korea",50
"South Korea",2016,3,732,"KOR","South Korea",50
"South Korea",2017,3,732,"KOR","South Korea",50
"South Korea",2018,3,732,"KOR","South Korea",50
"South Korea",2019,3,732,"KOR","South Korea",50
"South Korea",2020,3,732,"KOR","South Korea",50
"South Korea",2021,3,732,"KOR","South Korea",50
"South Korea",2022,3,732,"KOR","South Korea",50
"South Korea",2023,3,732,"KOR","South Korea",50
"South Korea",2024,2,732,"KOR","South Korea",50
"South Korea",2025,3,732,"KOR","South Korea",50
"Spain",1789,NA,230,"ESP","Spain",51
"Spain",1790,NA,230,"ESP","Spain",51
"Spain",1791,NA,230,"ESP","Spain",51
"Spain",1792,NA,230,"ESP","Spain",51
"Spain",1793,NA,230,"ESP","Spain",51
"Spain",1794,NA,230,"ESP","Spain",51
"Spain",1795,NA,230,"ESP","Spain",51
"Spain",1796,NA,230,"ESP","Spain",51
"Spain",1797,NA,230,"ESP","Spain",51
"Spain",1798,NA,230,"ESP","Spain",51
"Spain",1799,NA,230,"ESP","Spain",51
"Spain",1800,NA,230,"ESP","Spain",51
"Spain",1801,NA,230,"ESP","Spain",51
"Spain",1802,NA,230,"ESP","Spain",51
"Spain",1803,NA,230,"ESP","Spain",51
"Spain",1804,NA,230,"ESP","Spain",51
"Spain",1805,NA,230,"ESP","Spain",51
"Spain",1806,NA,230,"ESP","Spain",51
"Spain",1807,NA,230,"ESP","Spain",51
"Spain",1808,NA,230,"ESP","Spain",51
"Spain",1809,NA,230,"ESP","Spain",51
"Spain",1810,NA,230,"ESP","Spain",51
"Spain",1811,NA,230,"ESP","Spain",51
"Spain",1812,NA,230,"ESP","Spain",51
"Spain",1813,NA,230,"ESP","Spain",51
"Spain",1814,NA,230,"ESP","Spain",51
"Spain",1815,NA,230,"ESP","Spain",51
"Spain",1816,NA,230,"ESP","Spain",51
"Spain",1817,NA,230,"ESP","Spain",51
"Spain",1818,NA,230,"ESP","Spain",51
"Spain",1819,NA,230,"ESP","Spain",51
"Spain",1820,NA,230,"ESP","Spain",51
"Spain",1821,NA,230,"ESP","Spain",51
"Spain",1822,NA,230,"ESP","Spain",51
"Spain",1823,NA,230,"ESP","Spain",51
"Spain",1824,NA,230,"ESP","Spain",51
"Spain",1825,NA,230,"ESP","Spain",51
"Spain",1826,NA,230,"ESP","Spain",51
"Spain",1827,NA,230,"ESP","Spain",51
"Spain",1828,NA,230,"ESP","Spain",51
"Spain",1829,NA,230,"ESP","Spain",51
"Spain",1830,NA,230,"ESP","Spain",51
"Spain",1831,NA,230,"ESP","Spain",51
"Spain",1832,NA,230,"ESP","Spain",51
"Spain",1833,NA,230,"ESP","Spain",51
"Spain",1834,NA,230,"ESP","Spain",51
"Spain",1835,NA,230,"ESP","Spain",51
"Spain",1836,NA,230,"ESP","Spain",51
"Spain",1837,NA,230,"ESP","Spain",51
"Spain",1838,NA,230,"ESP","Spain",51
"Spain",1839,NA,230,"ESP","Spain",51
"Spain",1840,NA,230,"ESP","Spain",51
"Spain",1841,NA,230,"ESP","Spain",51
"Spain",1842,NA,230,"ESP","Spain",51
"Spain",1843,NA,230,"ESP","Spain",51
"Spain",1844,NA,230,"ESP","Spain",51
"Spain",1845,NA,230,"ESP","Spain",51
"Spain",1846,NA,230,"ESP","Spain",51
"Spain",1847,NA,230,"ESP","Spain",51
"Spain",1848,NA,230,"ESP","Spain",51
"Spain",1849,NA,230,"ESP","Spain",51
"Spain",1850,NA,230,"ESP","Spain",51
"Spain",1851,NA,230,"ESP","Spain",51
"Spain",1852,NA,230,"ESP","Spain",51
"Spain",1853,NA,230,"ESP","Spain",51
"Spain",1854,NA,230,"ESP","Spain",51
"Spain",1855,NA,230,"ESP","Spain",51
"Spain",1856,NA,230,"ESP","Spain",51
"Spain",1857,NA,230,"ESP","Spain",51
"Spain",1858,NA,230,"ESP","Spain",51
"Spain",1859,NA,230,"ESP","Spain",51
"Spain",1860,NA,230,"ESP","Spain",51
"Spain",1861,NA,230,"ESP","Spain",51
"Spain",1862,NA,230,"ESP","Spain",51
"Spain",1863,NA,230,"ESP","Spain",51
"Spain",1864,NA,230,"ESP","Spain",51
"Spain",1865,NA,230,"ESP","Spain",51
"Spain",1866,NA,230,"ESP","Spain",51
"Spain",1867,NA,230,"ESP","Spain",51
"Spain",1868,NA,230,"ESP","Spain",51
"Spain",1869,NA,230,"ESP","Spain",51
"Spain",1870,NA,230,"ESP","Spain",51
"Spain",1871,NA,230,"ESP","Spain",51
"Spain",1872,NA,230,"ESP","Spain",51
"Spain",1873,NA,230,"ESP","Spain",51
"Spain",1874,NA,230,"ESP","Spain",51
"Spain",1875,NA,230,"ESP","Spain",51
"Spain",1876,NA,230,"ESP","Spain",51
"Spain",1877,NA,230,"ESP","Spain",51
"Spain",1878,NA,230,"ESP","Spain",51
"Spain",1879,NA,230,"ESP","Spain",51
"Spain",1880,NA,230,"ESP","Spain",51
"Spain",1881,NA,230,"ESP","Spain",51
"Spain",1882,NA,230,"ESP","Spain",51
"Spain",1883,NA,230,"ESP","Spain",51
"Spain",1884,NA,230,"ESP","Spain",51
"Spain",1885,NA,230,"ESP","Spain",51
"Spain",1886,NA,230,"ESP","Spain",51
"Spain",1887,NA,230,"ESP","Spain",51
"Spain",1888,NA,230,"ESP","Spain",51
"Spain",1889,NA,230,"ESP","Spain",51
"Spain",1890,NA,230,"ESP","Spain",51
"Spain",1891,NA,230,"ESP","Spain",51
"Spain",1892,NA,230,"ESP","Spain",51
"Spain",1893,NA,230,"ESP","Spain",51
"Spain",1894,NA,230,"ESP","Spain",51
"Spain",1895,NA,230,"ESP","Spain",51
"Spain",1896,NA,230,"ESP","Spain",51
"Spain",1897,NA,230,"ESP","Spain",51
"Spain",1898,NA,230,"ESP","Spain",51
"Spain",1899,NA,230,"ESP","Spain",51
"Spain",1900,0,230,"ESP","Spain",51
"Spain",1901,0,230,"ESP","Spain",51
"Spain",1902,0,230,"ESP","Spain",51
"Spain",1903,0,230,"ESP","Spain",51
"Spain",1904,0,230,"ESP","Spain",51
"Spain",1905,0,230,"ESP","Spain",51
"Spain",1906,0,230,"ESP","Spain",51
"Spain",1907,0,230,"ESP","Spain",51
"Spain",1908,0,230,"ESP","Spain",51
"Spain",1909,0,230,"ESP","Spain",51
"Spain",1910,0,230,"ESP","Spain",51
"Spain",1911,0,230,"ESP","Spain",51
"Spain",1912,0,230,"ESP","Spain",51
"Spain",1913,0,230,"ESP","Spain",51
"Spain",1914,0,230,"ESP","Spain",51
"Spain",1915,0,230,"ESP","Spain",51
"Spain",1916,0,230,"ESP","Spain",51
"Spain",1917,0,230,"ESP","Spain",51
"Spain",1918,0,230,"ESP","Spain",51
"Spain",1919,0,230,"ESP","Spain",51
"Spain",1920,0,230,"ESP","Spain",51
"Spain",1921,0,230,"ESP","Spain",51
"Spain",1922,0,230,"ESP","Spain",51
"Spain",1923,0,230,"ESP","Spain",51
"Spain",1924,0,230,"ESP","Spain",51
"Spain",1925,0,230,"ESP","Spain",51
"Spain",1926,0,230,"ESP","Spain",51
"Spain",1927,0,230,"ESP","Spain",51
"Spain",1928,0,230,"ESP","Spain",51
"Spain",1929,0,230,"ESP","Spain",51
"Spain",1930,0,230,"ESP","Spain",51
"Spain",1931,1,230,"ESP","Spain",51
"Spain",1932,2,230,"ESP","Spain",51
"Spain",1933,2,230,"ESP","Spain",51
"Spain",1934,2,230,"ESP","Spain",51
"Spain",1935,2,230,"ESP","Spain",51
"Spain",1936,1,230,"ESP","Spain",51
"Spain",1937,1,230,"ESP","Spain",51
"Spain",1938,1,230,"ESP","Spain",51
"Spain",1939,0,230,"ESP","Spain",51
"Spain",1940,0,230,"ESP","Spain",51
"Spain",1941,0,230,"ESP","Spain",51
"Spain",1942,0,230,"ESP","Spain",51
"Spain",1943,0,230,"ESP","Spain",51
"Spain",1944,0,230,"ESP","Spain",51
"Spain",1945,0,230,"ESP","Spain",51
"Spain",1946,0,230,"ESP","Spain",51
"Spain",1947,0,230,"ESP","Spain",51
"Spain",1948,0,230,"ESP","Spain",51
"Spain",1949,0,230,"ESP","Spain",51
"Spain",1950,0,230,"ESP","Spain",51
"Spain",1951,0,230,"ESP","Spain",51
"Spain",1952,0,230,"ESP","Spain",51
"Spain",1953,0,230,"ESP","Spain",51
"Spain",1954,0,230,"ESP","Spain",51
"Spain",1955,0,230,"ESP","Spain",51
"Spain",1956,0,230,"ESP","Spain",51
"Spain",1957,0,230,"ESP","Spain",51
"Spain",1958,0,230,"ESP","Spain",51
"Spain",1959,0,230,"ESP","Spain",51
"Spain",1960,0,230,"ESP","Spain",51
"Spain",1961,0,230,"ESP","Spain",51
"Spain",1962,0,230,"ESP","Spain",51
"Spain",1963,0,230,"ESP","Spain",51
"Spain",1964,0,230,"ESP","Spain",51
"Spain",1965,0,230,"ESP","Spain",51
"Spain",1966,0,230,"ESP","Spain",51
"Spain",1967,0,230,"ESP","Spain",51
"Spain",1968,0,230,"ESP","Spain",51
"Spain",1969,0,230,"ESP","Spain",51
"Spain",1970,0,230,"ESP","Spain",51
"Spain",1971,0,230,"ESP","Spain",51
"Spain",1972,0,230,"ESP","Spain",51
"Spain",1973,0,230,"ESP","Spain",51
"Spain",1974,0,230,"ESP","Spain",51
"Spain",1975,1,230,"ESP","Spain",51
"Spain",1976,1,230,"ESP","Spain",51
"Spain",1977,1,230,"ESP","Spain",51
"Spain",1978,2,230,"ESP","Spain",51
"Spain",1979,2,230,"ESP","Spain",51
"Spain",1980,2,230,"ESP","Spain",51
"Spain",1981,2,230,"ESP","Spain",51
"Spain",1982,2,230,"ESP","Spain",51
"Spain",1983,3,230,"ESP","Spain",51
"Spain",1984,3,230,"ESP","Spain",51
"Spain",1985,3,230,"ESP","Spain",51
"Spain",1986,3,230,"ESP","Spain",51
"Spain",1987,3,230,"ESP","Spain",51
"Spain",1988,3,230,"ESP","Spain",51
"Spain",1989,3,230,"ESP","Spain",51
"Spain",1990,3,230,"ESP","Spain",51
"Spain",1991,3,230,"ESP","Spain",51
"Spain",1992,3,230,"ESP","Spain",51
"Spain",1993,3,230,"ESP","Spain",51
"Spain",1994,3,230,"ESP","Spain",51
"Spain",1995,3,230,"ESP","Spain",51
"Spain",1996,3,230,"ESP","Spain",51
"Spain",1997,3,230,"ESP","Spain",51
"Spain",1998,3,230,"ESP","Spain",51
"Spain",1999,3,230,"ESP","Spain",51
"Spain",2000,3,230,"ESP","Spain",51
"Spain",2001,3,230,"ESP","Spain",51
"Spain",2002,3,230,"ESP","Spain",51
"Spain",2003,3,230,"ESP","Spain",51
"Spain",2004,3,230,"ESP","Spain",51
"Spain",2005,3,230,"ESP","Spain",51
"Spain",2006,3,230,"ESP","Spain",51
"Spain",2007,3,230,"ESP","Spain",51
"Spain",2008,3,230,"ESP","Spain",51
"Spain",2009,3,230,"ESP","Spain",51
"Spain",2010,3,230,"ESP","Spain",51
"Spain",2011,3,230,"ESP","Spain",51
"Spain",2012,3,230,"ESP","Spain",51
"Spain",2013,3,230,"ESP","Spain",51
"Spain",2014,3,230,"ESP","Spain",51
"Spain",2015,3,230,"ESP","Spain",51
"Spain",2016,3,230,"ESP","Spain",51
"Spain",2017,3,230,"ESP","Spain",51
"Spain",2018,3,230,"ESP","Spain",51
"Spain",2019,3,230,"ESP","Spain",51
"Spain",2020,3,230,"ESP","Spain",51
"Spain",2021,3,230,"ESP","Spain",51
"Spain",2022,3,230,"ESP","Spain",51
"Spain",2023,3,230,"ESP","Spain",51
"Spain",2024,3,230,"ESP","Spain",51
"Spain",2025,3,230,"ESP","Spain",51
"Sweden",1789,NA,380,"SWE","Sweden",52
"Sweden",1790,NA,380,"SWE","Sweden",52
"Sweden",1791,NA,380,"SWE","Sweden",52
"Sweden",1792,NA,380,"SWE","Sweden",52
"Sweden",1793,NA,380,"SWE","Sweden",52
"Sweden",1794,NA,380,"SWE","Sweden",52
"Sweden",1795,NA,380,"SWE","Sweden",52
"Sweden",1796,NA,380,"SWE","Sweden",52
"Sweden",1797,NA,380,"SWE","Sweden",52
"Sweden",1798,NA,380,"SWE","Sweden",52
"Sweden",1799,NA,380,"SWE","Sweden",52
"Sweden",1800,NA,380,"SWE","Sweden",52
"Sweden",1801,NA,380,"SWE","Sweden",52
"Sweden",1802,NA,380,"SWE","Sweden",52
"Sweden",1803,NA,380,"SWE","Sweden",52
"Sweden",1804,NA,380,"SWE","Sweden",52
"Sweden",1805,NA,380,"SWE","Sweden",52
"Sweden",1806,NA,380,"SWE","Sweden",52
"Sweden",1807,NA,380,"SWE","Sweden",52
"Sweden",1808,NA,380,"SWE","Sweden",52
"Sweden",1809,NA,380,"SWE","Sweden",52
"Sweden",1810,NA,380,"SWE","Sweden",52
"Sweden",1811,NA,380,"SWE","Sweden",52
"Sweden",1812,NA,380,"SWE","Sweden",52
"Sweden",1813,NA,380,"SWE","Sweden",52
"Sweden",1814,NA,380,"SWE","Sweden",52
"Sweden",1815,NA,380,"SWE","Sweden",52
"Sweden",1816,NA,380,"SWE","Sweden",52
"Sweden",1817,NA,380,"SWE","Sweden",52
"Sweden",1818,NA,380,"SWE","Sweden",52
"Sweden",1819,NA,380,"SWE","Sweden",52
"Sweden",1820,NA,380,"SWE","Sweden",52
"Sweden",1821,NA,380,"SWE","Sweden",52
"Sweden",1822,NA,380,"SWE","Sweden",52
"Sweden",1823,NA,380,"SWE","Sweden",52
"Sweden",1824,NA,380,"SWE","Sweden",52
"Sweden",1825,NA,380,"SWE","Sweden",52
"Sweden",1826,NA,380,"SWE","Sweden",52
"Sweden",1827,NA,380,"SWE","Sweden",52
"Sweden",1828,NA,380,"SWE","Sweden",52
"Sweden",1829,NA,380,"SWE","Sweden",52
"Sweden",1830,NA,380,"SWE","Sweden",52
"Sweden",1831,NA,380,"SWE","Sweden",52
"Sweden",1832,NA,380,"SWE","Sweden",52
"Sweden",1833,NA,380,"SWE","Sweden",52
"Sweden",1834,NA,380,"SWE","Sweden",52
"Sweden",1835,NA,380,"SWE","Sweden",52
"Sweden",1836,NA,380,"SWE","Sweden",52
"Sweden",1837,NA,380,"SWE","Sweden",52
"Sweden",1838,NA,380,"SWE","Sweden",52
"Sweden",1839,NA,380,"SWE","Sweden",52
"Sweden",1840,NA,380,"SWE","Sweden",52
"Sweden",1841,NA,380,"SWE","Sweden",52
"Sweden",1842,NA,380,"SWE","Sweden",52
"Sweden",1843,NA,380,"SWE","Sweden",52
"Sweden",1844,NA,380,"SWE","Sweden",52
"Sweden",1845,NA,380,"SWE","Sweden",52
"Sweden",1846,NA,380,"SWE","Sweden",52
"Sweden",1847,NA,380,"SWE","Sweden",52
"Sweden",1848,NA,380,"SWE","Sweden",52
"Sweden",1849,NA,380,"SWE","Sweden",52
"Sweden",1850,NA,380,"SWE","Sweden",52
"Sweden",1851,NA,380,"SWE","Sweden",52
"Sweden",1852,NA,380,"SWE","Sweden",52
"Sweden",1853,NA,380,"SWE","Sweden",52
"Sweden",1854,NA,380,"SWE","Sweden",52
"Sweden",1855,NA,380,"SWE","Sweden",52
"Sweden",1856,NA,380,"SWE","Sweden",52
"Sweden",1857,NA,380,"SWE","Sweden",52
"Sweden",1858,NA,380,"SWE","Sweden",52
"Sweden",1859,NA,380,"SWE","Sweden",52
"Sweden",1860,NA,380,"SWE","Sweden",52
"Sweden",1861,NA,380,"SWE","Sweden",52
"Sweden",1862,NA,380,"SWE","Sweden",52
"Sweden",1863,NA,380,"SWE","Sweden",52
"Sweden",1864,NA,380,"SWE","Sweden",52
"Sweden",1865,NA,380,"SWE","Sweden",52
"Sweden",1866,NA,380,"SWE","Sweden",52
"Sweden",1867,NA,380,"SWE","Sweden",52
"Sweden",1868,NA,380,"SWE","Sweden",52
"Sweden",1869,NA,380,"SWE","Sweden",52
"Sweden",1870,NA,380,"SWE","Sweden",52
"Sweden",1871,NA,380,"SWE","Sweden",52
"Sweden",1872,NA,380,"SWE","Sweden",52
"Sweden",1873,NA,380,"SWE","Sweden",52
"Sweden",1874,NA,380,"SWE","Sweden",52
"Sweden",1875,NA,380,"SWE","Sweden",52
"Sweden",1876,NA,380,"SWE","Sweden",52
"Sweden",1877,NA,380,"SWE","Sweden",52
"Sweden",1878,NA,380,"SWE","Sweden",52
"Sweden",1879,NA,380,"SWE","Sweden",52
"Sweden",1880,NA,380,"SWE","Sweden",52
"Sweden",1881,NA,380,"SWE","Sweden",52
"Sweden",1882,NA,380,"SWE","Sweden",52
"Sweden",1883,NA,380,"SWE","Sweden",52
"Sweden",1884,NA,380,"SWE","Sweden",52
"Sweden",1885,NA,380,"SWE","Sweden",52
"Sweden",1886,NA,380,"SWE","Sweden",52
"Sweden",1887,NA,380,"SWE","Sweden",52
"Sweden",1888,NA,380,"SWE","Sweden",52
"Sweden",1889,NA,380,"SWE","Sweden",52
"Sweden",1890,NA,380,"SWE","Sweden",52
"Sweden",1891,NA,380,"SWE","Sweden",52
"Sweden",1892,NA,380,"SWE","Sweden",52
"Sweden",1893,NA,380,"SWE","Sweden",52
"Sweden",1894,NA,380,"SWE","Sweden",52
"Sweden",1895,NA,380,"SWE","Sweden",52
"Sweden",1896,NA,380,"SWE","Sweden",52
"Sweden",1897,NA,380,"SWE","Sweden",52
"Sweden",1898,NA,380,"SWE","Sweden",52
"Sweden",1899,NA,380,"SWE","Sweden",52
"Sweden",1900,0,380,"SWE","Sweden",52
"Sweden",1901,0,380,"SWE","Sweden",52
"Sweden",1902,0,380,"SWE","Sweden",52
"Sweden",1903,0,380,"SWE","Sweden",52
"Sweden",1904,0,380,"SWE","Sweden",52
"Sweden",1905,0,380,"SWE","Sweden",52
"Sweden",1906,0,380,"SWE","Sweden",52
"Sweden",1907,0,380,"SWE","Sweden",52
"Sweden",1908,0,380,"SWE","Sweden",52
"Sweden",1909,0,380,"SWE","Sweden",52
"Sweden",1910,0,380,"SWE","Sweden",52
"Sweden",1911,0,380,"SWE","Sweden",52
"Sweden",1912,0,380,"SWE","Sweden",52
"Sweden",1913,0,380,"SWE","Sweden",52
"Sweden",1914,0,380,"SWE","Sweden",52
"Sweden",1915,0,380,"SWE","Sweden",52
"Sweden",1916,0,380,"SWE","Sweden",52
"Sweden",1917,1,380,"SWE","Sweden",52
"Sweden",1918,1,380,"SWE","Sweden",52
"Sweden",1919,1,380,"SWE","Sweden",52
"Sweden",1920,1,380,"SWE","Sweden",52
"Sweden",1921,1,380,"SWE","Sweden",52
"Sweden",1922,3,380,"SWE","Sweden",52
"Sweden",1923,3,380,"SWE","Sweden",52
"Sweden",1924,3,380,"SWE","Sweden",52
"Sweden",1925,3,380,"SWE","Sweden",52
"Sweden",1926,3,380,"SWE","Sweden",52
"Sweden",1927,3,380,"SWE","Sweden",52
"Sweden",1928,3,380,"SWE","Sweden",52
"Sweden",1929,3,380,"SWE","Sweden",52
"Sweden",1930,3,380,"SWE","Sweden",52
"Sweden",1931,3,380,"SWE","Sweden",52
"Sweden",1932,3,380,"SWE","Sweden",52
"Sweden",1933,3,380,"SWE","Sweden",52
"Sweden",1934,3,380,"SWE","Sweden",52
"Sweden",1935,3,380,"SWE","Sweden",52
"Sweden",1936,3,380,"SWE","Sweden",52
"Sweden",1937,3,380,"SWE","Sweden",52
"Sweden",1938,3,380,"SWE","Sweden",52
"Sweden",1939,3,380,"SWE","Sweden",52
"Sweden",1940,3,380,"SWE","Sweden",52
"Sweden",1941,3,380,"SWE","Sweden",52
"Sweden",1942,3,380,"SWE","Sweden",52
"Sweden",1943,3,380,"SWE","Sweden",52
"Sweden",1944,3,380,"SWE","Sweden",52
"Sweden",1945,3,380,"SWE","Sweden",52
"Sweden",1946,3,380,"SWE","Sweden",52
"Sweden",1947,3,380,"SWE","Sweden",52
"Sweden",1948,3,380,"SWE","Sweden",52
"Sweden",1949,3,380,"SWE","Sweden",52
"Sweden",1950,3,380,"SWE","Sweden",52
"Sweden",1951,3,380,"SWE","Sweden",52
"Sweden",1952,3,380,"SWE","Sweden",52
"Sweden",1953,3,380,"SWE","Sweden",52
"Sweden",1954,3,380,"SWE","Sweden",52
"Sweden",1955,3,380,"SWE","Sweden",52
"Sweden",1956,3,380,"SWE","Sweden",52
"Sweden",1957,3,380,"SWE","Sweden",52
"Sweden",1958,3,380,"SWE","Sweden",52
"Sweden",1959,3,380,"SWE","Sweden",52
"Sweden",1960,3,380,"SWE","Sweden",52
"Sweden",1961,3,380,"SWE","Sweden",52
"Sweden",1962,3,380,"SWE","Sweden",52
"Sweden",1963,3,380,"SWE","Sweden",52
"Sweden",1964,3,380,"SWE","Sweden",52
"Sweden",1965,3,380,"SWE","Sweden",52
"Sweden",1966,3,380,"SWE","Sweden",52
"Sweden",1967,3,380,"SWE","Sweden",52
"Sweden",1968,3,380,"SWE","Sweden",52
"Sweden",1969,3,380,"SWE","Sweden",52
"Sweden",1970,3,380,"SWE","Sweden",52
"Sweden",1971,3,380,"SWE","Sweden",52
"Sweden",1972,3,380,"SWE","Sweden",52
"Sweden",1973,3,380,"SWE","Sweden",52
"Sweden",1974,3,380,"SWE","Sweden",52
"Sweden",1975,3,380,"SWE","Sweden",52
"Sweden",1976,3,380,"SWE","Sweden",52
"Sweden",1977,3,380,"SWE","Sweden",52
"Sweden",1978,3,380,"SWE","Sweden",52
"Sweden",1979,3,380,"SWE","Sweden",52
"Sweden",1980,3,380,"SWE","Sweden",52
"Sweden",1981,3,380,"SWE","Sweden",52
"Sweden",1982,3,380,"SWE","Sweden",52
"Sweden",1983,3,380,"SWE","Sweden",52
"Sweden",1984,3,380,"SWE","Sweden",52
"Sweden",1985,3,380,"SWE","Sweden",52
"Sweden",1986,3,380,"SWE","Sweden",52
"Sweden",1987,3,380,"SWE","Sweden",52
"Sweden",1988,3,380,"SWE","Sweden",52
"Sweden",1989,3,380,"SWE","Sweden",52
"Sweden",1990,3,380,"SWE","Sweden",52
"Sweden",1991,3,380,"SWE","Sweden",52
"Sweden",1992,3,380,"SWE","Sweden",52
"Sweden",1993,3,380,"SWE","Sweden",52
"Sweden",1994,3,380,"SWE","Sweden",52
"Sweden",1995,3,380,"SWE","Sweden",52
"Sweden",1996,3,380,"SWE","Sweden",52
"Sweden",1997,3,380,"SWE","Sweden",52
"Sweden",1998,3,380,"SWE","Sweden",52
"Sweden",1999,3,380,"SWE","Sweden",52
"Sweden",2000,3,380,"SWE","Sweden",52
"Sweden",2001,3,380,"SWE","Sweden",52
"Sweden",2002,3,380,"SWE","Sweden",52
"Sweden",2003,3,380,"SWE","Sweden",52
"Sweden",2004,3,380,"SWE","Sweden",52
"Sweden",2005,3,380,"SWE","Sweden",52
"Sweden",2006,3,380,"SWE","Sweden",52
"Sweden",2007,3,380,"SWE","Sweden",52
"Sweden",2008,3,380,"SWE","Sweden",52
"Sweden",2009,3,380,"SWE","Sweden",52
"Sweden",2010,3,380,"SWE","Sweden",52
"Sweden",2011,3,380,"SWE","Sweden",52
"Sweden",2012,3,380,"SWE","Sweden",52
"Sweden",2013,3,380,"SWE","Sweden",52
"Sweden",2014,3,380,"SWE","Sweden",52
"Sweden",2015,3,380,"SWE","Sweden",52
"Sweden",2016,3,380,"SWE","Sweden",52
"Sweden",2017,3,380,"SWE","Sweden",52
"Sweden",2018,3,380,"SWE","Sweden",52
"Sweden",2019,3,380,"SWE","Sweden",52
"Sweden",2020,3,380,"SWE","Sweden",52
"Sweden",2021,3,380,"SWE","Sweden",52
"Sweden",2022,3,380,"SWE","Sweden",52
"Sweden",2023,3,380,"SWE","Sweden",52
"Sweden",2024,3,380,"SWE","Sweden",52
"Sweden",2025,3,380,"SWE","Sweden",52
"Switzerland",1798,NA,225,"CHE","Switzerland",53
"Switzerland",1799,NA,225,"CHE","Switzerland",53
"Switzerland",1800,NA,225,"CHE","Switzerland",53
"Switzerland",1801,NA,225,"CHE","Switzerland",53
"Switzerland",1802,NA,225,"CHE","Switzerland",53
"Switzerland",1803,NA,225,"CHE","Switzerland",53
"Switzerland",1804,NA,225,"CHE","Switzerland",53
"Switzerland",1805,NA,225,"CHE","Switzerland",53
"Switzerland",1806,NA,225,"CHE","Switzerland",53
"Switzerland",1807,NA,225,"CHE","Switzerland",53
"Switzerland",1808,NA,225,"CHE","Switzerland",53
"Switzerland",1809,NA,225,"CHE","Switzerland",53
"Switzerland",1810,NA,225,"CHE","Switzerland",53
"Switzerland",1811,NA,225,"CHE","Switzerland",53
"Switzerland",1812,NA,225,"CHE","Switzerland",53
"Switzerland",1813,NA,225,"CHE","Switzerland",53
"Switzerland",1814,NA,225,"CHE","Switzerland",53
"Switzerland",1815,NA,225,"CHE","Switzerland",53
"Switzerland",1816,NA,225,"CHE","Switzerland",53
"Switzerland",1817,NA,225,"CHE","Switzerland",53
"Switzerland",1818,NA,225,"CHE","Switzerland",53
"Switzerland",1819,NA,225,"CHE","Switzerland",53
"Switzerland",1820,NA,225,"CHE","Switzerland",53
"Switzerland",1821,NA,225,"CHE","Switzerland",53
"Switzerland",1822,NA,225,"CHE","Switzerland",53
"Switzerland",1823,NA,225,"CHE","Switzerland",53
"Switzerland",1824,NA,225,"CHE","Switzerland",53
"Switzerland",1825,NA,225,"CHE","Switzerland",53
"Switzerland",1826,NA,225,"CHE","Switzerland",53
"Switzerland",1827,NA,225,"CHE","Switzerland",53
"Switzerland",1828,NA,225,"CHE","Switzerland",53
"Switzerland",1829,NA,225,"CHE","Switzerland",53
"Switzerland",1830,NA,225,"CHE","Switzerland",53
"Switzerland",1831,NA,225,"CHE","Switzerland",53
"Switzerland",1832,NA,225,"CHE","Switzerland",53
"Switzerland",1833,NA,225,"CHE","Switzerland",53
"Switzerland",1834,NA,225,"CHE","Switzerland",53
"Switzerland",1835,NA,225,"CHE","Switzerland",53
"Switzerland",1836,NA,225,"CHE","Switzerland",53
"Switzerland",1837,NA,225,"CHE","Switzerland",53
"Switzerland",1838,NA,225,"CHE","Switzerland",53
"Switzerland",1839,NA,225,"CHE","Switzerland",53
"Switzerland",1840,NA,225,"CHE","Switzerland",53
"Switzerland",1841,NA,225,"CHE","Switzerland",53
"Switzerland",1842,NA,225,"CHE","Switzerland",53
"Switzerland",1843,NA,225,"CHE","Switzerland",53
"Switzerland",1844,NA,225,"CHE","Switzerland",53
"Switzerland",1845,NA,225,"CHE","Switzerland",53
"Switzerland",1846,NA,225,"CHE","Switzerland",53
"Switzerland",1847,NA,225,"CHE","Switzerland",53
"Switzerland",1848,NA,225,"CHE","Switzerland",53
"Switzerland",1849,NA,225,"CHE","Switzerland",53
"Switzerland",1850,NA,225,"CHE","Switzerland",53
"Switzerland",1851,NA,225,"CHE","Switzerland",53
"Switzerland",1852,NA,225,"CHE","Switzerland",53
"Switzerland",1853,NA,225,"CHE","Switzerland",53
"Switzerland",1854,NA,225,"CHE","Switzerland",53
"Switzerland",1855,NA,225,"CHE","Switzerland",53
"Switzerland",1856,NA,225,"CHE","Switzerland",53
"Switzerland",1857,NA,225,"CHE","Switzerland",53
"Switzerland",1858,NA,225,"CHE","Switzerland",53
"Switzerland",1859,NA,225,"CHE","Switzerland",53
"Switzerland",1860,NA,225,"CHE","Switzerland",53
"Switzerland",1861,NA,225,"CHE","Switzerland",53
"Switzerland",1862,NA,225,"CHE","Switzerland",53
"Switzerland",1863,NA,225,"CHE","Switzerland",53
"Switzerland",1864,NA,225,"CHE","Switzerland",53
"Switzerland",1865,NA,225,"CHE","Switzerland",53
"Switzerland",1866,NA,225,"CHE","Switzerland",53
"Switzerland",1867,NA,225,"CHE","Switzerland",53
"Switzerland",1868,NA,225,"CHE","Switzerland",53
"Switzerland",1869,NA,225,"CHE","Switzerland",53
"Switzerland",1870,NA,225,"CHE","Switzerland",53
"Switzerland",1871,NA,225,"CHE","Switzerland",53
"Switzerland",1872,NA,225,"CHE","Switzerland",53
"Switzerland",1873,NA,225,"CHE","Switzerland",53
"Switzerland",1874,NA,225,"CHE","Switzerland",53
"Switzerland",1875,NA,225,"CHE","Switzerland",53
"Switzerland",1876,NA,225,"CHE","Switzerland",53
"Switzerland",1877,NA,225,"CHE","Switzerland",53
"Switzerland",1878,NA,225,"CHE","Switzerland",53
"Switzerland",1879,NA,225,"CHE","Switzerland",53
"Switzerland",1880,NA,225,"CHE","Switzerland",53
"Switzerland",1881,NA,225,"CHE","Switzerland",53
"Switzerland",1882,NA,225,"CHE","Switzerland",53
"Switzerland",1883,NA,225,"CHE","Switzerland",53
"Switzerland",1884,NA,225,"CHE","Switzerland",53
"Switzerland",1885,NA,225,"CHE","Switzerland",53
"Switzerland",1886,NA,225,"CHE","Switzerland",53
"Switzerland",1887,NA,225,"CHE","Switzerland",53
"Switzerland",1888,NA,225,"CHE","Switzerland",53
"Switzerland",1889,NA,225,"CHE","Switzerland",53
"Switzerland",1890,NA,225,"CHE","Switzerland",53
"Switzerland",1891,NA,225,"CHE","Switzerland",53
"Switzerland",1892,NA,225,"CHE","Switzerland",53
"Switzerland",1893,NA,225,"CHE","Switzerland",53
"Switzerland",1894,NA,225,"CHE","Switzerland",53
"Switzerland",1895,NA,225,"CHE","Switzerland",53
"Switzerland",1896,NA,225,"CHE","Switzerland",53
"Switzerland",1897,NA,225,"CHE","Switzerland",53
"Switzerland",1898,NA,225,"CHE","Switzerland",53
"Switzerland",1899,NA,225,"CHE","Switzerland",53
"Switzerland",1900,3,225,"CHE","Switzerland",53
"Switzerland",1901,3,225,"CHE","Switzerland",53
"Switzerland",1902,3,225,"CHE","Switzerland",53
"Switzerland",1903,3,225,"CHE","Switzerland",53
"Switzerland",1904,3,225,"CHE","Switzerland",53
"Switzerland",1905,3,225,"CHE","Switzerland",53
"Switzerland",1906,3,225,"CHE","Switzerland",53
"Switzerland",1907,3,225,"CHE","Switzerland",53
"Switzerland",1908,3,225,"CHE","Switzerland",53
"Switzerland",1909,3,225,"CHE","Switzerland",53
"Switzerland",1910,3,225,"CHE","Switzerland",53
"Switzerland",1911,3,225,"CHE","Switzerland",53
"Switzerland",1912,3,225,"CHE","Switzerland",53
"Switzerland",1913,3,225,"CHE","Switzerland",53
"Switzerland",1914,3,225,"CHE","Switzerland",53
"Switzerland",1915,3,225,"CHE","Switzerland",53
"Switzerland",1916,3,225,"CHE","Switzerland",53
"Switzerland",1917,3,225,"CHE","Switzerland",53
"Switzerland",1918,3,225,"CHE","Switzerland",53
"Switzerland",1919,3,225,"CHE","Switzerland",53
"Switzerland",1920,3,225,"CHE","Switzerland",53
"Switzerland",1921,3,225,"CHE","Switzerland",53
"Switzerland",1922,3,225,"CHE","Switzerland",53
"Switzerland",1923,3,225,"CHE","Switzerland",53
"Switzerland",1924,3,225,"CHE","Switzerland",53
"Switzerland",1925,3,225,"CHE","Switzerland",53
"Switzerland",1926,3,225,"CHE","Switzerland",53
"Switzerland",1927,3,225,"CHE","Switzerland",53
"Switzerland",1928,3,225,"CHE","Switzerland",53
"Switzerland",1929,3,225,"CHE","Switzerland",53
"Switzerland",1930,3,225,"CHE","Switzerland",53
"Switzerland",1931,3,225,"CHE","Switzerland",53
"Switzerland",1932,3,225,"CHE","Switzerland",53
"Switzerland",1933,3,225,"CHE","Switzerland",53
"Switzerland",1934,3,225,"CHE","Switzerland",53
"Switzerland",1935,3,225,"CHE","Switzerland",53
"Switzerland",1936,3,225,"CHE","Switzerland",53
"Switzerland",1937,3,225,"CHE","Switzerland",53
"Switzerland",1938,3,225,"CHE","Switzerland",53
"Switzerland",1939,3,225,"CHE","Switzerland",53
"Switzerland",1940,3,225,"CHE","Switzerland",53
"Switzerland",1941,3,225,"CHE","Switzerland",53
"Switzerland",1942,3,225,"CHE","Switzerland",53
"Switzerland",1943,3,225,"CHE","Switzerland",53
"Switzerland",1944,3,225,"CHE","Switzerland",53
"Switzerland",1945,3,225,"CHE","Switzerland",53
"Switzerland",1946,3,225,"CHE","Switzerland",53
"Switzerland",1947,3,225,"CHE","Switzerland",53
"Switzerland",1948,3,225,"CHE","Switzerland",53
"Switzerland",1949,3,225,"CHE","Switzerland",53
"Switzerland",1950,3,225,"CHE","Switzerland",53
"Switzerland",1951,3,225,"CHE","Switzerland",53
"Switzerland",1952,3,225,"CHE","Switzerland",53
"Switzerland",1953,3,225,"CHE","Switzerland",53
"Switzerland",1954,3,225,"CHE","Switzerland",53
"Switzerland",1955,3,225,"CHE","Switzerland",53
"Switzerland",1956,3,225,"CHE","Switzerland",53
"Switzerland",1957,3,225,"CHE","Switzerland",53
"Switzerland",1958,3,225,"CHE","Switzerland",53
"Switzerland",1959,3,225,"CHE","Switzerland",53
"Switzerland",1960,3,225,"CHE","Switzerland",53
"Switzerland",1961,3,225,"CHE","Switzerland",53
"Switzerland",1962,3,225,"CHE","Switzerland",53
"Switzerland",1963,3,225,"CHE","Switzerland",53
"Switzerland",1964,3,225,"CHE","Switzerland",53
"Switzerland",1965,3,225,"CHE","Switzerland",53
"Switzerland",1966,3,225,"CHE","Switzerland",53
"Switzerland",1967,3,225,"CHE","Switzerland",53
"Switzerland",1968,3,225,"CHE","Switzerland",53
"Switzerland",1969,3,225,"CHE","Switzerland",53
"Switzerland",1970,3,225,"CHE","Switzerland",53
"Switzerland",1971,3,225,"CHE","Switzerland",53
"Switzerland",1972,3,225,"CHE","Switzerland",53
"Switzerland",1973,3,225,"CHE","Switzerland",53
"Switzerland",1974,3,225,"CHE","Switzerland",53
"Switzerland",1975,3,225,"CHE","Switzerland",53
"Switzerland",1976,3,225,"CHE","Switzerland",53
"Switzerland",1977,3,225,"CHE","Switzerland",53
"Switzerland",1978,3,225,"CHE","Switzerland",53
"Switzerland",1979,3,225,"CHE","Switzerland",53
"Switzerland",1980,3,225,"CHE","Switzerland",53
"Switzerland",1981,3,225,"CHE","Switzerland",53
"Switzerland",1982,3,225,"CHE","Switzerland",53
"Switzerland",1983,3,225,"CHE","Switzerland",53
"Switzerland",1984,3,225,"CHE","Switzerland",53
"Switzerland",1985,3,225,"CHE","Switzerland",53
"Switzerland",1986,3,225,"CHE","Switzerland",53
"Switzerland",1987,3,225,"CHE","Switzerland",53
"Switzerland",1988,3,225,"CHE","Switzerland",53
"Switzerland",1989,3,225,"CHE","Switzerland",53
"Switzerland",1990,3,225,"CHE","Switzerland",53
"Switzerland",1991,3,225,"CHE","Switzerland",53
"Switzerland",1992,3,225,"CHE","Switzerland",53
"Switzerland",1993,3,225,"CHE","Switzerland",53
"Switzerland",1994,3,225,"CHE","Switzerland",53
"Switzerland",1995,3,225,"CHE","Switzerland",53
"Switzerland",1996,3,225,"CHE","Switzerland",53
"Switzerland",1997,3,225,"CHE","Switzerland",53
"Switzerland",1998,3,225,"CHE","Switzerland",53
"Switzerland",1999,3,225,"CHE","Switzerland",53
"Switzerland",2000,3,225,"CHE","Switzerland",53
"Switzerland",2001,3,225,"CHE","Switzerland",53
"Switzerland",2002,3,225,"CHE","Switzerland",53
"Switzerland",2003,3,225,"CHE","Switzerland",53
"Switzerland",2004,3,225,"CHE","Switzerland",53
"Switzerland",2005,3,225,"CHE","Switzerland",53
"Switzerland",2006,3,225,"CHE","Switzerland",53
"Switzerland",2007,3,225,"CHE","Switzerland",53
"Switzerland",2008,3,225,"CHE","Switzerland",53
"Switzerland",2009,3,225,"CHE","Switzerland",53
"Switzerland",2010,3,225,"CHE","Switzerland",53
"Switzerland",2011,3,225,"CHE","Switzerland",53
"Switzerland",2012,3,225,"CHE","Switzerland",53
"Switzerland",2013,3,225,"CHE","Switzerland",53
"Switzerland",2014,3,225,"CHE","Switzerland",53
"Switzerland",2015,3,225,"CHE","Switzerland",53
"Switzerland",2016,3,225,"CHE","Switzerland",53
"Switzerland",2017,3,225,"CHE","Switzerland",53
"Switzerland",2018,3,225,"CHE","Switzerland",53
"Switzerland",2019,3,225,"CHE","Switzerland",53
"Switzerland",2020,3,225,"CHE","Switzerland",53
"Switzerland",2021,3,225,"CHE","Switzerland",53
"Switzerland",2022,3,225,"CHE","Switzerland",53
"Switzerland",2023,3,225,"CHE","Switzerland",53
"Switzerland",2024,3,225,"CHE","Switzerland",53
"Switzerland",2025,3,225,"CHE","Switzerland",53
"Taiwan",1900,0,713,"TWN","Taiwan",54
"Taiwan",1901,0,713,"TWN","Taiwan",54
"Taiwan",1902,0,713,"TWN","Taiwan",54
"Taiwan",1903,0,713,"TWN","Taiwan",54
"Taiwan",1904,0,713,"TWN","Taiwan",54
"Taiwan",1905,0,713,"TWN","Taiwan",54
"Taiwan",1906,0,713,"TWN","Taiwan",54
"Taiwan",1907,0,713,"TWN","Taiwan",54
"Taiwan",1908,0,713,"TWN","Taiwan",54
"Taiwan",1909,0,713,"TWN","Taiwan",54
"Taiwan",1910,0,713,"TWN","Taiwan",54
"Taiwan",1911,0,713,"TWN","Taiwan",54
"Taiwan",1912,0,713,"TWN","Taiwan",54
"Taiwan",1913,0,713,"TWN","Taiwan",54
"Taiwan",1914,0,713,"TWN","Taiwan",54
"Taiwan",1915,0,713,"TWN","Taiwan",54
"Taiwan",1916,0,713,"TWN","Taiwan",54
"Taiwan",1917,0,713,"TWN","Taiwan",54
"Taiwan",1918,0,713,"TWN","Taiwan",54
"Taiwan",1919,0,713,"TWN","Taiwan",54
"Taiwan",1920,0,713,"TWN","Taiwan",54
"Taiwan",1921,0,713,"TWN","Taiwan",54
"Taiwan",1922,0,713,"TWN","Taiwan",54
"Taiwan",1923,0,713,"TWN","Taiwan",54
"Taiwan",1924,0,713,"TWN","Taiwan",54
"Taiwan",1925,0,713,"TWN","Taiwan",54
"Taiwan",1926,0,713,"TWN","Taiwan",54
"Taiwan",1927,0,713,"TWN","Taiwan",54
"Taiwan",1928,0,713,"TWN","Taiwan",54
"Taiwan",1929,0,713,"TWN","Taiwan",54
"Taiwan",1930,0,713,"TWN","Taiwan",54
"Taiwan",1931,0,713,"TWN","Taiwan",54
"Taiwan",1932,0,713,"TWN","Taiwan",54
"Taiwan",1933,0,713,"TWN","Taiwan",54
"Taiwan",1934,0,713,"TWN","Taiwan",54
"Taiwan",1935,0,713,"TWN","Taiwan",54
"Taiwan",1936,0,713,"TWN","Taiwan",54
"Taiwan",1937,0,713,"TWN","Taiwan",54
"Taiwan",1938,0,713,"TWN","Taiwan",54
"Taiwan",1939,0,713,"TWN","Taiwan",54
"Taiwan",1940,0,713,"TWN","Taiwan",54
"Taiwan",1941,0,713,"TWN","Taiwan",54
"Taiwan",1942,0,713,"TWN","Taiwan",54
"Taiwan",1943,0,713,"TWN","Taiwan",54
"Taiwan",1944,0,713,"TWN","Taiwan",54
"Taiwan",1945,0,713,"TWN","Taiwan",54
"Taiwan",1946,0,713,"TWN","Taiwan",54
"Taiwan",1947,0,713,"TWN","Taiwan",54
"Taiwan",1948,0,713,"TWN","Taiwan",54
"Taiwan",1949,0,713,"TWN","Taiwan",54
"Taiwan",1950,0,713,"TWN","Taiwan",54
"Taiwan",1951,0,713,"TWN","Taiwan",54
"Taiwan",1952,0,713,"TWN","Taiwan",54
"Taiwan",1953,0,713,"TWN","Taiwan",54
"Taiwan",1954,0,713,"TWN","Taiwan",54
"Taiwan",1955,0,713,"TWN","Taiwan",54
"Taiwan",1956,0,713,"TWN","Taiwan",54
"Taiwan",1957,0,713,"TWN","Taiwan",54
"Taiwan",1958,0,713,"TWN","Taiwan",54
"Taiwan",1959,0,713,"TWN","Taiwan",54
"Taiwan",1960,0,713,"TWN","Taiwan",54
"Taiwan",1961,0,713,"TWN","Taiwan",54
"Taiwan",1962,0,713,"TWN","Taiwan",54
"Taiwan",1963,0,713,"TWN","Taiwan",54
"Taiwan",1964,0,713,"TWN","Taiwan",54
"Taiwan",1965,0,713,"TWN","Taiwan",54
"Taiwan",1966,0,713,"TWN","Taiwan",54
"Taiwan",1967,0,713,"TWN","Taiwan",54
"Taiwan",1968,0,713,"TWN","Taiwan",54
"Taiwan",1969,0,713,"TWN","Taiwan",54
"Taiwan",1970,0,713,"TWN","Taiwan",54
"Taiwan",1971,0,713,"TWN","Taiwan",54
"Taiwan",1972,0,713,"TWN","Taiwan",54
"Taiwan",1973,0,713,"TWN","Taiwan",54
"Taiwan",1974,0,713,"TWN","Taiwan",54
"Taiwan",1975,0,713,"TWN","Taiwan",54
"Taiwan",1976,0,713,"TWN","Taiwan",54
"Taiwan",1977,0,713,"TWN","Taiwan",54
"Taiwan",1978,0,713,"TWN","Taiwan",54
"Taiwan",1979,0,713,"TWN","Taiwan",54
"Taiwan",1980,0,713,"TWN","Taiwan",54
"Taiwan",1981,0,713,"TWN","Taiwan",54
"Taiwan",1982,0,713,"TWN","Taiwan",54
"Taiwan",1983,0,713,"TWN","Taiwan",54
"Taiwan",1984,0,713,"TWN","Taiwan",54
"Taiwan",1985,0,713,"TWN","Taiwan",54
"Taiwan",1986,0,713,"TWN","Taiwan",54
"Taiwan",1987,0,713,"TWN","Taiwan",54
"Taiwan",1988,0,713,"TWN","Taiwan",54
"Taiwan",1989,0,713,"TWN","Taiwan",54
"Taiwan",1990,0,713,"TWN","Taiwan",54
"Taiwan",1991,0,713,"TWN","Taiwan",54
"Taiwan",1992,0,713,"TWN","Taiwan",54
"Taiwan",1993,0,713,"TWN","Taiwan",54
"Taiwan",1994,0,713,"TWN","Taiwan",54
"Taiwan",1995,0,713,"TWN","Taiwan",54
"Taiwan",1996,2,713,"TWN","Taiwan",54
"Taiwan",1997,2,713,"TWN","Taiwan",54
"Taiwan",1998,2,713,"TWN","Taiwan",54
"Taiwan",1999,2,713,"TWN","Taiwan",54
"Taiwan",2000,3,713,"TWN","Taiwan",54
"Taiwan",2001,3,713,"TWN","Taiwan",54
"Taiwan",2002,3,713,"TWN","Taiwan",54
"Taiwan",2003,3,713,"TWN","Taiwan",54
"Taiwan",2004,3,713,"TWN","Taiwan",54
"Taiwan",2005,3,713,"TWN","Taiwan",54
"Taiwan",2006,3,713,"TWN","Taiwan",54
"Taiwan",2007,3,713,"TWN","Taiwan",54
"Taiwan",2008,3,713,"TWN","Taiwan",54
"Taiwan",2009,3,713,"TWN","Taiwan",54
"Taiwan",2010,3,713,"TWN","Taiwan",54
"Taiwan",2011,3,713,"TWN","Taiwan",54
"Taiwan",2012,3,713,"TWN","Taiwan",54
"Taiwan",2013,3,713,"TWN","Taiwan",54
"Taiwan",2014,3,713,"TWN","Taiwan",54
"Taiwan",2015,3,713,"TWN","Taiwan",54
"Taiwan",2016,3,713,"TWN","Taiwan",54
"Taiwan",2017,3,713,"TWN","Taiwan",54
"Taiwan",2018,3,713,"TWN","Taiwan",54
"Taiwan",2019,3,713,"TWN","Taiwan",54
"Taiwan",2020,3,713,"TWN","Taiwan",54
"Taiwan",2021,3,713,"TWN","Taiwan",54
"Taiwan",2022,3,713,"TWN","Taiwan",54
"Taiwan",2023,3,713,"TWN","Taiwan",54
"Taiwan",2024,3,713,"TWN","Taiwan",54
"Taiwan",2025,3,713,"TWN","Taiwan",54
"Thailand",1789,NA,800,"THA","Thailand",55
"Thailand",1790,NA,800,"THA","Thailand",55
"Thailand",1791,NA,800,"THA","Thailand",55
"Thailand",1792,NA,800,"THA","Thailand",55
"Thailand",1793,NA,800,"THA","Thailand",55
"Thailand",1794,NA,800,"THA","Thailand",55
"Thailand",1795,NA,800,"THA","Thailand",55
"Thailand",1796,NA,800,"THA","Thailand",55
"Thailand",1797,NA,800,"THA","Thailand",55
"Thailand",1798,NA,800,"THA","Thailand",55
"Thailand",1799,NA,800,"THA","Thailand",55
"Thailand",1800,NA,800,"THA","Thailand",55
"Thailand",1801,NA,800,"THA","Thailand",55
"Thailand",1802,NA,800,"THA","Thailand",55
"Thailand",1803,NA,800,"THA","Thailand",55
"Thailand",1804,NA,800,"THA","Thailand",55
"Thailand",1805,NA,800,"THA","Thailand",55
"Thailand",1806,NA,800,"THA","Thailand",55
"Thailand",1807,NA,800,"THA","Thailand",55
"Thailand",1808,NA,800,"THA","Thailand",55
"Thailand",1809,NA,800,"THA","Thailand",55
"Thailand",1810,NA,800,"THA","Thailand",55
"Thailand",1811,NA,800,"THA","Thailand",55
"Thailand",1812,NA,800,"THA","Thailand",55
"Thailand",1813,NA,800,"THA","Thailand",55
"Thailand",1814,NA,800,"THA","Thailand",55
"Thailand",1815,NA,800,"THA","Thailand",55
"Thailand",1816,NA,800,"THA","Thailand",55
"Thailand",1817,NA,800,"THA","Thailand",55
"Thailand",1818,NA,800,"THA","Thailand",55
"Thailand",1819,NA,800,"THA","Thailand",55
"Thailand",1820,NA,800,"THA","Thailand",55
"Thailand",1821,NA,800,"THA","Thailand",55
"Thailand",1822,NA,800,"THA","Thailand",55
"Thailand",1823,NA,800,"THA","Thailand",55
"Thailand",1824,NA,800,"THA","Thailand",55
"Thailand",1825,NA,800,"THA","Thailand",55
"Thailand",1826,NA,800,"THA","Thailand",55
"Thailand",1827,NA,800,"THA","Thailand",55
"Thailand",1828,NA,800,"THA","Thailand",55
"Thailand",1829,NA,800,"THA","Thailand",55
"Thailand",1830,NA,800,"THA","Thailand",55
"Thailand",1831,NA,800,"THA","Thailand",55
"Thailand",1832,NA,800,"THA","Thailand",55
"Thailand",1833,NA,800,"THA","Thailand",55
"Thailand",1834,NA,800,"THA","Thailand",55
"Thailand",1835,NA,800,"THA","Thailand",55
"Thailand",1836,NA,800,"THA","Thailand",55
"Thailand",1837,NA,800,"THA","Thailand",55
"Thailand",1838,NA,800,"THA","Thailand",55
"Thailand",1839,NA,800,"THA","Thailand",55
"Thailand",1840,NA,800,"THA","Thailand",55
"Thailand",1841,NA,800,"THA","Thailand",55
"Thailand",1842,NA,800,"THA","Thailand",55
"Thailand",1843,NA,800,"THA","Thailand",55
"Thailand",1844,NA,800,"THA","Thailand",55
"Thailand",1845,NA,800,"THA","Thailand",55
"Thailand",1846,NA,800,"THA","Thailand",55
"Thailand",1847,NA,800,"THA","Thailand",55
"Thailand",1848,NA,800,"THA","Thailand",55
"Thailand",1849,NA,800,"THA","Thailand",55
"Thailand",1850,NA,800,"THA","Thailand",55
"Thailand",1851,NA,800,"THA","Thailand",55
"Thailand",1852,NA,800,"THA","Thailand",55
"Thailand",1853,NA,800,"THA","Thailand",55
"Thailand",1854,NA,800,"THA","Thailand",55
"Thailand",1855,NA,800,"THA","Thailand",55
"Thailand",1856,NA,800,"THA","Thailand",55
"Thailand",1857,NA,800,"THA","Thailand",55
"Thailand",1858,NA,800,"THA","Thailand",55
"Thailand",1859,NA,800,"THA","Thailand",55
"Thailand",1860,NA,800,"THA","Thailand",55
"Thailand",1861,NA,800,"THA","Thailand",55
"Thailand",1862,NA,800,"THA","Thailand",55
"Thailand",1863,NA,800,"THA","Thailand",55
"Thailand",1864,NA,800,"THA","Thailand",55
"Thailand",1865,NA,800,"THA","Thailand",55
"Thailand",1866,NA,800,"THA","Thailand",55
"Thailand",1867,NA,800,"THA","Thailand",55
"Thailand",1868,NA,800,"THA","Thailand",55
"Thailand",1869,NA,800,"THA","Thailand",55
"Thailand",1870,NA,800,"THA","Thailand",55
"Thailand",1871,NA,800,"THA","Thailand",55
"Thailand",1872,NA,800,"THA","Thailand",55
"Thailand",1873,NA,800,"THA","Thailand",55
"Thailand",1874,NA,800,"THA","Thailand",55
"Thailand",1875,NA,800,"THA","Thailand",55
"Thailand",1876,NA,800,"THA","Thailand",55
"Thailand",1877,NA,800,"THA","Thailand",55
"Thailand",1878,NA,800,"THA","Thailand",55
"Thailand",1879,NA,800,"THA","Thailand",55
"Thailand",1880,NA,800,"THA","Thailand",55
"Thailand",1881,NA,800,"THA","Thailand",55
"Thailand",1882,NA,800,"THA","Thailand",55
"Thailand",1883,NA,800,"THA","Thailand",55
"Thailand",1884,NA,800,"THA","Thailand",55
"Thailand",1885,NA,800,"THA","Thailand",55
"Thailand",1886,NA,800,"THA","Thailand",55
"Thailand",1887,NA,800,"THA","Thailand",55
"Thailand",1888,NA,800,"THA","Thailand",55
"Thailand",1889,NA,800,"THA","Thailand",55
"Thailand",1890,NA,800,"THA","Thailand",55
"Thailand",1891,NA,800,"THA","Thailand",55
"Thailand",1892,NA,800,"THA","Thailand",55
"Thailand",1893,NA,800,"THA","Thailand",55
"Thailand",1894,NA,800,"THA","Thailand",55
"Thailand",1895,NA,800,"THA","Thailand",55
"Thailand",1896,NA,800,"THA","Thailand",55
"Thailand",1897,NA,800,"THA","Thailand",55
"Thailand",1898,NA,800,"THA","Thailand",55
"Thailand",1899,NA,800,"THA","Thailand",55
"Thailand",1900,0,800,"THA","Thailand",55
"Thailand",1901,0,800,"THA","Thailand",55
"Thailand",1902,0,800,"THA","Thailand",55
"Thailand",1903,0,800,"THA","Thailand",55
"Thailand",1904,0,800,"THA","Thailand",55
"Thailand",1905,0,800,"THA","Thailand",55
"Thailand",1906,0,800,"THA","Thailand",55
"Thailand",1907,0,800,"THA","Thailand",55
"Thailand",1908,0,800,"THA","Thailand",55
"Thailand",1909,0,800,"THA","Thailand",55
"Thailand",1910,0,800,"THA","Thailand",55
"Thailand",1911,0,800,"THA","Thailand",55
"Thailand",1912,0,800,"THA","Thailand",55
"Thailand",1913,0,800,"THA","Thailand",55
"Thailand",1914,0,800,"THA","Thailand",55
"Thailand",1915,0,800,"THA","Thailand",55
"Thailand",1916,0,800,"THA","Thailand",55
"Thailand",1917,0,800,"THA","Thailand",55
"Thailand",1918,0,800,"THA","Thailand",55
"Thailand",1919,0,800,"THA","Thailand",55
"Thailand",1920,0,800,"THA","Thailand",55
"Thailand",1921,0,800,"THA","Thailand",55
"Thailand",1922,0,800,"THA","Thailand",55
"Thailand",1923,0,800,"THA","Thailand",55
"Thailand",1924,0,800,"THA","Thailand",55
"Thailand",1925,0,800,"THA","Thailand",55
"Thailand",1926,0,800,"THA","Thailand",55
"Thailand",1927,0,800,"THA","Thailand",55
"Thailand",1928,0,800,"THA","Thailand",55
"Thailand",1929,0,800,"THA","Thailand",55
"Thailand",1930,0,800,"THA","Thailand",55
"Thailand",1931,0,800,"THA","Thailand",55
"Thailand",1932,0,800,"THA","Thailand",55
"Thailand",1933,1,800,"THA","Thailand",55
"Thailand",1934,1,800,"THA","Thailand",55
"Thailand",1935,1,800,"THA","Thailand",55
"Thailand",1936,1,800,"THA","Thailand",55
"Thailand",1937,1,800,"THA","Thailand",55
"Thailand",1938,1,800,"THA","Thailand",55
"Thailand",1939,1,800,"THA","Thailand",55
"Thailand",1940,1,800,"THA","Thailand",55
"Thailand",1941,1,800,"THA","Thailand",55
"Thailand",1942,1,800,"THA","Thailand",55
"Thailand",1943,1,800,"THA","Thailand",55
"Thailand",1944,1,800,"THA","Thailand",55
"Thailand",1945,1,800,"THA","Thailand",55
"Thailand",1946,0,800,"THA","Thailand",55
"Thailand",1947,0,800,"THA","Thailand",55
"Thailand",1948,0,800,"THA","Thailand",55
"Thailand",1949,0,800,"THA","Thailand",55
"Thailand",1950,0,800,"THA","Thailand",55
"Thailand",1951,0,800,"THA","Thailand",55
"Thailand",1952,0,800,"THA","Thailand",55
"Thailand",1953,0,800,"THA","Thailand",55
"Thailand",1954,0,800,"THA","Thailand",55
"Thailand",1955,0,800,"THA","Thailand",55
"Thailand",1956,0,800,"THA","Thailand",55
"Thailand",1957,0,800,"THA","Thailand",55
"Thailand",1958,0,800,"THA","Thailand",55
"Thailand",1959,0,800,"THA","Thailand",55
"Thailand",1960,0,800,"THA","Thailand",55
"Thailand",1961,0,800,"THA","Thailand",55
"Thailand",1962,0,800,"THA","Thailand",55
"Thailand",1963,0,800,"THA","Thailand",55
"Thailand",1964,0,800,"THA","Thailand",55
"Thailand",1965,0,800,"THA","Thailand",55
"Thailand",1966,0,800,"THA","Thailand",55
"Thailand",1967,0,800,"THA","Thailand",55
"Thailand",1968,0,800,"THA","Thailand",55
"Thailand",1969,0,800,"THA","Thailand",55
"Thailand",1970,0,800,"THA","Thailand",55
"Thailand",1971,0,800,"THA","Thailand",55
"Thailand",1972,0,800,"THA","Thailand",55
"Thailand",1973,0,800,"THA","Thailand",55
"Thailand",1974,0,800,"THA","Thailand",55
"Thailand",1975,1,800,"THA","Thailand",55
"Thailand",1976,1,800,"THA","Thailand",55
"Thailand",1977,0,800,"THA","Thailand",55
"Thailand",1978,0,800,"THA","Thailand",55
"Thailand",1979,0,800,"THA","Thailand",55
"Thailand",1980,1,800,"THA","Thailand",55
"Thailand",1981,1,800,"THA","Thailand",55
"Thailand",1982,1,800,"THA","Thailand",55
"Thailand",1983,1,800,"THA","Thailand",55
"Thailand",1984,1,800,"THA","Thailand",55
"Thailand",1985,1,800,"THA","Thailand",55
"Thailand",1986,1,800,"THA","Thailand",55
"Thailand",1987,1,800,"THA","Thailand",55
"Thailand",1988,1,800,"THA","Thailand",55
"Thailand",1989,1,800,"THA","Thailand",55
"Thailand",1990,1,800,"THA","Thailand",55
"Thailand",1991,0,800,"THA","Thailand",55
"Thailand",1992,1,800,"THA","Thailand",55
"Thailand",1993,1,800,"THA","Thailand",55
"Thailand",1994,1,800,"THA","Thailand",55
"Thailand",1995,1,800,"THA","Thailand",55
"Thailand",1996,1,800,"THA","Thailand",55
"Thailand",1997,1,800,"THA","Thailand",55
"Thailand",1998,2,800,"THA","Thailand",55
"Thailand",1999,2,800,"THA","Thailand",55
"Thailand",2000,2,800,"THA","Thailand",55
"Thailand",2001,2,800,"THA","Thailand",55
"Thailand",2002,2,800,"THA","Thailand",55
"Thailand",2003,2,800,"THA","Thailand",55
"Thailand",2004,2,800,"THA","Thailand",55
"Thailand",2005,2,800,"THA","Thailand",55
"Thailand",2006,1,800,"THA","Thailand",55
"Thailand",2007,0,800,"THA","Thailand",55
"Thailand",2008,1,800,"THA","Thailand",55
"Thailand",2009,1,800,"THA","Thailand",55
"Thailand",2010,1,800,"THA","Thailand",55
"Thailand",2011,1,800,"THA","Thailand",55
"Thailand",2012,1,800,"THA","Thailand",55
"Thailand",2013,1,800,"THA","Thailand",55
"Thailand",2014,0,800,"THA","Thailand",55
"Thailand",2015,0,800,"THA","Thailand",55
"Thailand",2016,0,800,"THA","Thailand",55
"Thailand",2017,0,800,"THA","Thailand",55
"Thailand",2018,0,800,"THA","Thailand",55
"Thailand",2019,0,800,"THA","Thailand",55
"Thailand",2020,0,800,"THA","Thailand",55
"Thailand",2021,0,800,"THA","Thailand",55
"Thailand",2022,0,800,"THA","Thailand",55
"Thailand",2023,1,800,"THA","Thailand",55
"Thailand",2024,1,800,"THA","Thailand",55
"Thailand",2025,1,800,"THA","Thailand",55
"Türkiye",1789,NA,640,"TUR","Turkey",56
"Türkiye",1790,NA,640,"TUR","Turkey",56
"Türkiye",1791,NA,640,"TUR","Turkey",56
"Türkiye",1792,NA,640,"TUR","Turkey",56
"Türkiye",1793,NA,640,"TUR","Turkey",56
"Türkiye",1794,NA,640,"TUR","Turkey",56
"Türkiye",1795,NA,640,"TUR","Turkey",56
"Türkiye",1796,NA,640,"TUR","Turkey",56
"Türkiye",1797,NA,640,"TUR","Turkey",56
"Türkiye",1798,NA,640,"TUR","Turkey",56
"Türkiye",1799,NA,640,"TUR","Turkey",56
"Türkiye",1800,NA,640,"TUR","Turkey",56
"Türkiye",1801,NA,640,"TUR","Turkey",56
"Türkiye",1802,NA,640,"TUR","Turkey",56
"Türkiye",1803,NA,640,"TUR","Turkey",56
"Türkiye",1804,NA,640,"TUR","Turkey",56
"Türkiye",1805,NA,640,"TUR","Turkey",56
"Türkiye",1806,NA,640,"TUR","Turkey",56
"Türkiye",1807,NA,640,"TUR","Turkey",56
"Türkiye",1808,NA,640,"TUR","Turkey",56
"Türkiye",1809,NA,640,"TUR","Turkey",56
"Türkiye",1810,NA,640,"TUR","Turkey",56
"Türkiye",1811,NA,640,"TUR","Turkey",56
"Türkiye",1812,NA,640,"TUR","Turkey",56
"Türkiye",1813,NA,640,"TUR","Turkey",56
"Türkiye",1814,NA,640,"TUR","Turkey",56
"Türkiye",1815,NA,640,"TUR","Turkey",56
"Türkiye",1816,NA,640,"TUR","Turkey",56
"Türkiye",1817,NA,640,"TUR","Turkey",56
"Türkiye",1818,NA,640,"TUR","Turkey",56
"Türkiye",1819,NA,640,"TUR","Turkey",56
"Türkiye",1820,NA,640,"TUR","Turkey",56
"Türkiye",1821,NA,640,"TUR","Turkey",56
"Türkiye",1822,NA,640,"TUR","Turkey",56
"Türkiye",1823,NA,640,"TUR","Turkey",56
"Türkiye",1824,NA,640,"TUR","Turkey",56
"Türkiye",1825,NA,640,"TUR","Turkey",56
"Türkiye",1826,NA,640,"TUR","Turkey",56
"Türkiye",1827,NA,640,"TUR","Turkey",56
"Türkiye",1828,NA,640,"TUR","Turkey",56
"Türkiye",1829,NA,640,"TUR","Turkey",56
"Türkiye",1830,NA,640,"TUR","Turkey",56
"Türkiye",1831,NA,640,"TUR","Turkey",56
"Türkiye",1832,NA,640,"TUR","Turkey",56
"Türkiye",1833,NA,640,"TUR","Turkey",56
"Türkiye",1834,NA,640,"TUR","Turkey",56
"Türkiye",1835,NA,640,"TUR","Turkey",56
"Türkiye",1836,NA,640,"TUR","Turkey",56
"Türkiye",1837,NA,640,"TUR","Turkey",56
"Türkiye",1838,NA,640,"TUR","Turkey",56
"Türkiye",1839,NA,640,"TUR","Turkey",56
"Türkiye",1840,NA,640,"TUR","Turkey",56
"Türkiye",1841,NA,640,"TUR","Turkey",56
"Türkiye",1842,NA,640,"TUR","Turkey",56
"Türkiye",1843,NA,640,"TUR","Turkey",56
"Türkiye",1844,NA,640,"TUR","Turkey",56
"Türkiye",1845,NA,640,"TUR","Turkey",56
"Türkiye",1846,NA,640,"TUR","Turkey",56
"Türkiye",1847,NA,640,"TUR","Turkey",56
"Türkiye",1848,NA,640,"TUR","Turkey",56
"Türkiye",1849,NA,640,"TUR","Turkey",56
"Türkiye",1850,NA,640,"TUR","Turkey",56
"Türkiye",1851,NA,640,"TUR","Turkey",56
"Türkiye",1852,NA,640,"TUR","Turkey",56
"Türkiye",1853,NA,640,"TUR","Turkey",56
"Türkiye",1854,NA,640,"TUR","Turkey",56
"Türkiye",1855,NA,640,"TUR","Turkey",56
"Türkiye",1856,NA,640,"TUR","Turkey",56
"Türkiye",1857,NA,640,"TUR","Turkey",56
"Türkiye",1858,NA,640,"TUR","Turkey",56
"Türkiye",1859,NA,640,"TUR","Turkey",56
"Türkiye",1860,NA,640,"TUR","Turkey",56
"Türkiye",1861,NA,640,"TUR","Turkey",56
"Türkiye",1862,NA,640,"TUR","Turkey",56
"Türkiye",1863,NA,640,"TUR","Turkey",56
"Türkiye",1864,NA,640,"TUR","Turkey",56
"Türkiye",1865,NA,640,"TUR","Turkey",56
"Türkiye",1866,NA,640,"TUR","Turkey",56
"Türkiye",1867,NA,640,"TUR","Turkey",56
"Türkiye",1868,NA,640,"TUR","Turkey",56
"Türkiye",1869,NA,640,"TUR","Turkey",56
"Türkiye",1870,NA,640,"TUR","Turkey",56
"Türkiye",1871,NA,640,"TUR","Turkey",56
"Türkiye",1872,NA,640,"TUR","Turkey",56
"Türkiye",1873,NA,640,"TUR","Turkey",56
"Türkiye",1874,NA,640,"TUR","Turkey",56
"Türkiye",1875,NA,640,"TUR","Turkey",56
"Türkiye",1876,NA,640,"TUR","Turkey",56
"Türkiye",1877,NA,640,"TUR","Turkey",56
"Türkiye",1878,NA,640,"TUR","Turkey",56
"Türkiye",1879,NA,640,"TUR","Turkey",56
"Türkiye",1880,NA,640,"TUR","Turkey",56
"Türkiye",1881,NA,640,"TUR","Turkey",56
"Türkiye",1882,NA,640,"TUR","Turkey",56
"Türkiye",1883,NA,640,"TUR","Turkey",56
"Türkiye",1884,NA,640,"TUR","Turkey",56
"Türkiye",1885,NA,640,"TUR","Turkey",56
"Türkiye",1886,NA,640,"TUR","Turkey",56
"Türkiye",1887,NA,640,"TUR","Turkey",56
"Türkiye",1888,NA,640,"TUR","Turkey",56
"Türkiye",1889,NA,640,"TUR","Turkey",56
"Türkiye",1890,NA,640,"TUR","Turkey",56
"Türkiye",1891,NA,640,"TUR","Turkey",56
"Türkiye",1892,NA,640,"TUR","Turkey",56
"Türkiye",1893,NA,640,"TUR","Turkey",56
"Türkiye",1894,NA,640,"TUR","Turkey",56
"Türkiye",1895,NA,640,"TUR","Turkey",56
"Türkiye",1896,NA,640,"TUR","Turkey",56
"Türkiye",1897,NA,640,"TUR","Turkey",56
"Türkiye",1898,NA,640,"TUR","Turkey",56
"Türkiye",1899,NA,640,"TUR","Turkey",56
"Türkiye",1900,0,640,"TUR","Turkey",56
"Türkiye",1901,0,640,"TUR","Turkey",56
"Türkiye",1902,0,640,"TUR","Turkey",56
"Türkiye",1903,0,640,"TUR","Turkey",56
"Türkiye",1904,0,640,"TUR","Turkey",56
"Türkiye",1905,0,640,"TUR","Turkey",56
"Türkiye",1906,0,640,"TUR","Turkey",56
"Türkiye",1907,0,640,"TUR","Turkey",56
"Türkiye",1908,0,640,"TUR","Turkey",56
"Türkiye",1909,0,640,"TUR","Turkey",56
"Türkiye",1910,0,640,"TUR","Turkey",56
"Türkiye",1911,0,640,"TUR","Turkey",56
"Türkiye",1912,0,640,"TUR","Turkey",56
"Türkiye",1913,0,640,"TUR","Turkey",56
"Türkiye",1914,0,640,"TUR","Turkey",56
"Türkiye",1915,0,640,"TUR","Turkey",56
"Türkiye",1916,0,640,"TUR","Turkey",56
"Türkiye",1917,0,640,"TUR","Turkey",56
"Türkiye",1918,0,640,"TUR","Turkey",56
"Türkiye",1919,0,640,"TUR","Turkey",56
"Türkiye",1920,0,640,"TUR","Turkey",56
"Türkiye",1921,0,640,"TUR","Turkey",56
"Türkiye",1922,1,640,"TUR","Turkey",56
"Türkiye",1923,0,640,"TUR","Turkey",56
"Türkiye",1924,0,640,"TUR","Turkey",56
"Türkiye",1925,0,640,"TUR","Turkey",56
"Türkiye",1926,0,640,"TUR","Turkey",56
"Türkiye",1927,0,640,"TUR","Turkey",56
"Türkiye",1928,0,640,"TUR","Turkey",56
"Türkiye",1929,0,640,"TUR","Turkey",56
"Türkiye",1930,0,640,"TUR","Turkey",56
"Türkiye",1931,0,640,"TUR","Turkey",56
"Türkiye",1932,0,640,"TUR","Turkey",56
"Türkiye",1933,0,640,"TUR","Turkey",56
"Türkiye",1934,0,640,"TUR","Turkey",56
"Türkiye",1935,0,640,"TUR","Turkey",56
"Türkiye",1936,0,640,"TUR","Turkey",56
"Türkiye",1937,0,640,"TUR","Turkey",56
"Türkiye",1938,0,640,"TUR","Turkey",56
"Türkiye",1939,0,640,"TUR","Turkey",56
"Türkiye",1940,0,640,"TUR","Turkey",56
"Türkiye",1941,0,640,"TUR","Turkey",56
"Türkiye",1942,0,640,"TUR","Turkey",56
"Türkiye",1943,0,640,"TUR","Turkey",56
"Türkiye",1944,0,640,"TUR","Turkey",56
"Türkiye",1945,0,640,"TUR","Turkey",56
"Türkiye",1946,1,640,"TUR","Turkey",56
"Türkiye",1947,1,640,"TUR","Turkey",56
"Türkiye",1948,1,640,"TUR","Turkey",56
"Türkiye",1949,1,640,"TUR","Turkey",56
"Türkiye",1950,1,640,"TUR","Turkey",56
"Türkiye",1951,1,640,"TUR","Turkey",56
"Türkiye",1952,1,640,"TUR","Turkey",56
"Türkiye",1953,1,640,"TUR","Turkey",56
"Türkiye",1954,1,640,"TUR","Turkey",56
"Türkiye",1955,1,640,"TUR","Turkey",56
"Türkiye",1956,1,640,"TUR","Turkey",56
"Türkiye",1957,1,640,"TUR","Turkey",56
"Türkiye",1958,1,640,"TUR","Turkey",56
"Türkiye",1959,1,640,"TUR","Turkey",56
"Türkiye",1960,0,640,"TUR","Turkey",56
"Türkiye",1961,0,640,"TUR","Turkey",56
"Türkiye",1962,0,640,"TUR","Turkey",56
"Türkiye",1963,0,640,"TUR","Turkey",56
"Türkiye",1964,0,640,"TUR","Turkey",56
"Türkiye",1965,0,640,"TUR","Turkey",56
"Türkiye",1966,2,640,"TUR","Turkey",56
"Türkiye",1967,2,640,"TUR","Turkey",56
"Türkiye",1968,2,640,"TUR","Turkey",56
"Türkiye",1969,2,640,"TUR","Turkey",56
"Türkiye",1970,2,640,"TUR","Turkey",56
"Türkiye",1971,1,640,"TUR","Turkey",56
"Türkiye",1972,1,640,"TUR","Turkey",56
"Türkiye",1973,2,640,"TUR","Turkey",56
"Türkiye",1974,2,640,"TUR","Turkey",56
"Türkiye",1975,2,640,"TUR","Turkey",56
"Türkiye",1976,2,640,"TUR","Turkey",56
"Türkiye",1977,2,640,"TUR","Turkey",56
"Türkiye",1978,2,640,"TUR","Turkey",56
"Türkiye",1979,2,640,"TUR","Turkey",56
"Türkiye",1980,1,640,"TUR","Turkey",56
"Türkiye",1981,0,640,"TUR","Turkey",56
"Türkiye",1982,0,640,"TUR","Turkey",56
"Türkiye",1983,1,640,"TUR","Turkey",56
"Türkiye",1984,1,640,"TUR","Turkey",56
"Türkiye",1985,1,640,"TUR","Turkey",56
"Türkiye",1986,1,640,"TUR","Turkey",56
"Türkiye",1987,1,640,"TUR","Turkey",56
"Türkiye",1988,1,640,"TUR","Turkey",56
"Türkiye",1989,1,640,"TUR","Turkey",56
"Türkiye",1990,2,640,"TUR","Turkey",56
"Türkiye",1991,2,640,"TUR","Turkey",56
"Türkiye",1992,2,640,"TUR","Turkey",56
"Türkiye",1993,2,640,"TUR","Turkey",56
"Türkiye",1994,2,640,"TUR","Turkey",56
"Türkiye",1995,2,640,"TUR","Turkey",56
"Türkiye",1996,2,640,"TUR","Turkey",56
"Türkiye",1997,2,640,"TUR","Turkey",56
"Türkiye",1998,2,640,"TUR","Turkey",56
"Türkiye",1999,2,640,"TUR","Turkey",56
"Türkiye",2000,2,640,"TUR","Turkey",56
"Türkiye",2001,2,640,"TUR","Turkey",56
"Türkiye",2002,2,640,"TUR","Turkey",56
"Türkiye",2003,2,640,"TUR","Turkey",56
"Türkiye",2004,2,640,"TUR","Turkey",56
"Türkiye",2005,2,640,"TUR","Turkey",56
"Türkiye",2006,2,640,"TUR","Turkey",56
"Türkiye",2007,2,640,"TUR","Turkey",56
"Türkiye",2008,2,640,"TUR","Turkey",56
"Türkiye",2009,2,640,"TUR","Turkey",56
"Türkiye",2010,2,640,"TUR","Turkey",56
"Türkiye",2011,2,640,"TUR","Turkey",56
"Türkiye",2012,2,640,"TUR","Turkey",56
"Türkiye",2013,1,640,"TUR","Turkey",56
"Türkiye",2014,1,640,"TUR","Turkey",56
"Türkiye",2015,1,640,"TUR","Turkey",56
"Türkiye",2016,1,640,"TUR","Turkey",56
"Türkiye",2017,1,640,"TUR","Turkey",56
"Türkiye",2018,1,640,"TUR","Turkey",56
"Türkiye",2019,1,640,"TUR","Turkey",56
"Türkiye",2020,1,640,"TUR","Turkey",56
"Türkiye",2021,1,640,"TUR","Turkey",56
"Türkiye",2022,1,640,"TUR","Turkey",56
"Türkiye",2023,1,640,"TUR","Turkey",56
"Türkiye",2024,1,640,"TUR","Turkey",56
"Türkiye",2025,1,640,"TUR","Turkey",56
"United Kingdom",1789,NA,200,"GBR","United Kingdom",57
"United Kingdom",1790,NA,200,"GBR","United Kingdom",57
"United Kingdom",1791,NA,200,"GBR","United Kingdom",57
"United Kingdom",1792,NA,200,"GBR","United Kingdom",57
"United Kingdom",1793,NA,200,"GBR","United Kingdom",57
"United Kingdom",1794,NA,200,"GBR","United Kingdom",57
"United Kingdom",1795,NA,200,"GBR","United Kingdom",57
"United Kingdom",1796,NA,200,"GBR","United Kingdom",57
"United Kingdom",1797,NA,200,"GBR","United Kingdom",57
"United Kingdom",1798,NA,200,"GBR","United Kingdom",57
"United Kingdom",1799,NA,200,"GBR","United Kingdom",57
"United Kingdom",1800,NA,200,"GBR","United Kingdom",57
"United Kingdom",1801,NA,200,"GBR","United Kingdom",57
"United Kingdom",1802,NA,200,"GBR","United Kingdom",57
"United Kingdom",1803,NA,200,"GBR","United Kingdom",57
"United Kingdom",1804,NA,200,"GBR","United Kingdom",57
"United Kingdom",1805,NA,200,"GBR","United Kingdom",57
"United Kingdom",1806,NA,200,"GBR","United Kingdom",57
"United Kingdom",1807,NA,200,"GBR","United Kingdom",57
"United Kingdom",1808,NA,200,"GBR","United Kingdom",57
"United Kingdom",1809,NA,200,"GBR","United Kingdom",57
"United Kingdom",1810,NA,200,"GBR","United Kingdom",57
"United Kingdom",1811,NA,200,"GBR","United Kingdom",57
"United Kingdom",1812,NA,200,"GBR","United Kingdom",57
"United Kingdom",1813,NA,200,"GBR","United Kingdom",57
"United Kingdom",1814,NA,200,"GBR","United Kingdom",57
"United Kingdom",1815,NA,200,"GBR","United Kingdom",57
"United Kingdom",1816,NA,200,"GBR","United Kingdom",57
"United Kingdom",1817,NA,200,"GBR","United Kingdom",57
"United Kingdom",1818,NA,200,"GBR","United Kingdom",57
"United Kingdom",1819,NA,200,"GBR","United Kingdom",57
"United Kingdom",1820,NA,200,"GBR","United Kingdom",57
"United Kingdom",1821,NA,200,"GBR","United Kingdom",57
"United Kingdom",1822,NA,200,"GBR","United Kingdom",57
"United Kingdom",1823,NA,200,"GBR","United Kingdom",57
"United Kingdom",1824,NA,200,"GBR","United Kingdom",57
"United Kingdom",1825,NA,200,"GBR","United Kingdom",57
"United Kingdom",1826,NA,200,"GBR","United Kingdom",57
"United Kingdom",1827,NA,200,"GBR","United Kingdom",57
"United Kingdom",1828,NA,200,"GBR","United Kingdom",57
"United Kingdom",1829,NA,200,"GBR","United Kingdom",57
"United Kingdom",1830,NA,200,"GBR","United Kingdom",57
"United Kingdom",1831,NA,200,"GBR","United Kingdom",57
"United Kingdom",1832,NA,200,"GBR","United Kingdom",57
"United Kingdom",1833,NA,200,"GBR","United Kingdom",57
"United Kingdom",1834,NA,200,"GBR","United Kingdom",57
"United Kingdom",1835,NA,200,"GBR","United Kingdom",57
"United Kingdom",1836,NA,200,"GBR","United Kingdom",57
"United Kingdom",1837,NA,200,"GBR","United Kingdom",57
"United Kingdom",1838,NA,200,"GBR","United Kingdom",57
"United Kingdom",1839,NA,200,"GBR","United Kingdom",57
"United Kingdom",1840,NA,200,"GBR","United Kingdom",57
"United Kingdom",1841,NA,200,"GBR","United Kingdom",57
"United Kingdom",1842,NA,200,"GBR","United Kingdom",57
"United Kingdom",1843,NA,200,"GBR","United Kingdom",57
"United Kingdom",1844,NA,200,"GBR","United Kingdom",57
"United Kingdom",1845,NA,200,"GBR","United Kingdom",57
"United Kingdom",1846,NA,200,"GBR","United Kingdom",57
"United Kingdom",1847,NA,200,"GBR","United Kingdom",57
"United Kingdom",1848,NA,200,"GBR","United Kingdom",57
"United Kingdom",1849,NA,200,"GBR","United Kingdom",57
"United Kingdom",1850,NA,200,"GBR","United Kingdom",57
"United Kingdom",1851,NA,200,"GBR","United Kingdom",57
"United Kingdom",1852,NA,200,"GBR","United Kingdom",57
"United Kingdom",1853,NA,200,"GBR","United Kingdom",57
"United Kingdom",1854,NA,200,"GBR","United Kingdom",57
"United Kingdom",1855,NA,200,"GBR","United Kingdom",57
"United Kingdom",1856,NA,200,"GBR","United Kingdom",57
"United Kingdom",1857,NA,200,"GBR","United Kingdom",57
"United Kingdom",1858,NA,200,"GBR","United Kingdom",57
"United Kingdom",1859,NA,200,"GBR","United Kingdom",57
"United Kingdom",1860,NA,200,"GBR","United Kingdom",57
"United Kingdom",1861,NA,200,"GBR","United Kingdom",57
"United Kingdom",1862,NA,200,"GBR","United Kingdom",57
"United Kingdom",1863,NA,200,"GBR","United Kingdom",57
"United Kingdom",1864,NA,200,"GBR","United Kingdom",57
"United Kingdom",1865,NA,200,"GBR","United Kingdom",57
"United Kingdom",1866,NA,200,"GBR","United Kingdom",57
"United Kingdom",1867,NA,200,"GBR","United Kingdom",57
"United Kingdom",1868,NA,200,"GBR","United Kingdom",57
"United Kingdom",1869,NA,200,"GBR","United Kingdom",57
"United Kingdom",1870,NA,200,"GBR","United Kingdom",57
"United Kingdom",1871,NA,200,"GBR","United Kingdom",57
"United Kingdom",1872,NA,200,"GBR","United Kingdom",57
"United Kingdom",1873,NA,200,"GBR","United Kingdom",57
"United Kingdom",1874,NA,200,"GBR","United Kingdom",57
"United Kingdom",1875,NA,200,"GBR","United Kingdom",57
"United Kingdom",1876,NA,200,"GBR","United Kingdom",57
"United Kingdom",1877,NA,200,"GBR","United Kingdom",57
"United Kingdom",1878,NA,200,"GBR","United Kingdom",57
"United Kingdom",1879,NA,200,"GBR","United Kingdom",57
"United Kingdom",1880,NA,200,"GBR","United Kingdom",57
"United Kingdom",1881,NA,200,"GBR","United Kingdom",57
"United Kingdom",1882,NA,200,"GBR","United Kingdom",57
"United Kingdom",1883,NA,200,"GBR","United Kingdom",57
"United Kingdom",1884,NA,200,"GBR","United Kingdom",57
"United Kingdom",1885,NA,200,"GBR","United Kingdom",57
"United Kingdom",1886,NA,200,"GBR","United Kingdom",57
"United Kingdom",1887,NA,200,"GBR","United Kingdom",57
"United Kingdom",1888,NA,200,"GBR","United Kingdom",57
"United Kingdom",1889,NA,200,"GBR","United Kingdom",57
"United Kingdom",1890,NA,200,"GBR","United Kingdom",57
"United Kingdom",1891,NA,200,"GBR","United Kingdom",57
"United Kingdom",1892,NA,200,"GBR","United Kingdom",57
"United Kingdom",1893,NA,200,"GBR","United Kingdom",57
"United Kingdom",1894,NA,200,"GBR","United Kingdom",57
"United Kingdom",1895,NA,200,"GBR","United Kingdom",57
"United Kingdom",1896,NA,200,"GBR","United Kingdom",57
"United Kingdom",1897,NA,200,"GBR","United Kingdom",57
"United Kingdom",1898,NA,200,"GBR","United Kingdom",57
"United Kingdom",1899,NA,200,"GBR","United Kingdom",57
"United Kingdom",1900,1,200,"GBR","United Kingdom",57
"United Kingdom",1901,1,200,"GBR","United Kingdom",57
"United Kingdom",1902,1,200,"GBR","United Kingdom",57
"United Kingdom",1903,1,200,"GBR","United Kingdom",57
"United Kingdom",1904,1,200,"GBR","United Kingdom",57
"United Kingdom",1905,1,200,"GBR","United Kingdom",57
"United Kingdom",1906,1,200,"GBR","United Kingdom",57
"United Kingdom",1907,1,200,"GBR","United Kingdom",57
"United Kingdom",1908,1,200,"GBR","United Kingdom",57
"United Kingdom",1909,1,200,"GBR","United Kingdom",57
"United Kingdom",1910,1,200,"GBR","United Kingdom",57
"United Kingdom",1911,1,200,"GBR","United Kingdom",57
"United Kingdom",1912,1,200,"GBR","United Kingdom",57
"United Kingdom",1913,1,200,"GBR","United Kingdom",57
"United Kingdom",1914,1,200,"GBR","United Kingdom",57
"United Kingdom",1915,1,200,"GBR","United Kingdom",57
"United Kingdom",1916,1,200,"GBR","United Kingdom",57
"United Kingdom",1917,1,200,"GBR","United Kingdom",57
"United Kingdom",1918,1,200,"GBR","United Kingdom",57
"United Kingdom",1919,3,200,"GBR","United Kingdom",57
"United Kingdom",1920,3,200,"GBR","United Kingdom",57
"United Kingdom",1921,3,200,"GBR","United Kingdom",57
"United Kingdom",1922,3,200,"GBR","United Kingdom",57
"United Kingdom",1923,3,200,"GBR","United Kingdom",57
"United Kingdom",1924,3,200,"GBR","United Kingdom",57
"United Kingdom",1925,3,200,"GBR","United Kingdom",57
"United Kingdom",1926,3,200,"GBR","United Kingdom",57
"United Kingdom",1927,3,200,"GBR","United Kingdom",57
"United Kingdom",1928,3,200,"GBR","United Kingdom",57
"United Kingdom",1929,3,200,"GBR","United Kingdom",57
"United Kingdom",1930,3,200,"GBR","United Kingdom",57
"United Kingdom",1931,3,200,"GBR","United Kingdom",57
"United Kingdom",1932,3,200,"GBR","United Kingdom",57
"United Kingdom",1933,3,200,"GBR","United Kingdom",57
"United Kingdom",1934,3,200,"GBR","United Kingdom",57
"United Kingdom",1935,3,200,"GBR","United Kingdom",57
"United Kingdom",1936,3,200,"GBR","United Kingdom",57
"United Kingdom",1937,3,200,"GBR","United Kingdom",57
"United Kingdom",1938,3,200,"GBR","United Kingdom",57
"United Kingdom",1939,3,200,"GBR","United Kingdom",57
"United Kingdom",1940,3,200,"GBR","United Kingdom",57
"United Kingdom",1941,3,200,"GBR","United Kingdom",57
"United Kingdom",1942,3,200,"GBR","United Kingdom",57
"United Kingdom",1943,3,200,"GBR","United Kingdom",57
"United Kingdom",1944,3,200,"GBR","United Kingdom",57
"United Kingdom",1945,3,200,"GBR","United Kingdom",57
"United Kingdom",1946,3,200,"GBR","United Kingdom",57
"United Kingdom",1947,3,200,"GBR","United Kingdom",57
"United Kingdom",1948,3,200,"GBR","United Kingdom",57
"United Kingdom",1949,3,200,"GBR","United Kingdom",57
"United Kingdom",1950,3,200,"GBR","United Kingdom",57
"United Kingdom",1951,3,200,"GBR","United Kingdom",57
"United Kingdom",1952,3,200,"GBR","United Kingdom",57
"United Kingdom",1953,3,200,"GBR","United Kingdom",57
"United Kingdom",1954,3,200,"GBR","United Kingdom",57
"United Kingdom",1955,3,200,"GBR","United Kingdom",57
"United Kingdom",1956,3,200,"GBR","United Kingdom",57
"United Kingdom",1957,3,200,"GBR","United Kingdom",57
"United Kingdom",1958,3,200,"GBR","United Kingdom",57
"United Kingdom",1959,3,200,"GBR","United Kingdom",57
"United Kingdom",1960,3,200,"GBR","United Kingdom",57
"United Kingdom",1961,3,200,"GBR","United Kingdom",57
"United Kingdom",1962,3,200,"GBR","United Kingdom",57
"United Kingdom",1963,3,200,"GBR","United Kingdom",57
"United Kingdom",1964,3,200,"GBR","United Kingdom",57
"United Kingdom",1965,3,200,"GBR","United Kingdom",57
"United Kingdom",1966,3,200,"GBR","United Kingdom",57
"United Kingdom",1967,3,200,"GBR","United Kingdom",57
"United Kingdom",1968,3,200,"GBR","United Kingdom",57
"United Kingdom",1969,3,200,"GBR","United Kingdom",57
"United Kingdom",1970,3,200,"GBR","United Kingdom",57
"United Kingdom",1971,3,200,"GBR","United Kingdom",57
"United Kingdom",1972,3,200,"GBR","United Kingdom",57
"United Kingdom",1973,3,200,"GBR","United Kingdom",57
"United Kingdom",1974,3,200,"GBR","United Kingdom",57
"United Kingdom",1975,3,200,"GBR","United Kingdom",57
"United Kingdom",1976,3,200,"GBR","United Kingdom",57
"United Kingdom",1977,3,200,"GBR","United Kingdom",57
"United Kingdom",1978,3,200,"GBR","United Kingdom",57
"United Kingdom",1979,3,200,"GBR","United Kingdom",57
"United Kingdom",1980,3,200,"GBR","United Kingdom",57
"United Kingdom",1981,3,200,"GBR","United Kingdom",57
"United Kingdom",1982,3,200,"GBR","United Kingdom",57
"United Kingdom",1983,3,200,"GBR","United Kingdom",57
"United Kingdom",1984,3,200,"GBR","United Kingdom",57
"United Kingdom",1985,3,200,"GBR","United Kingdom",57
"United Kingdom",1986,3,200,"GBR","United Kingdom",57
"United Kingdom",1987,3,200,"GBR","United Kingdom",57
"United Kingdom",1988,3,200,"GBR","United Kingdom",57
"United Kingdom",1989,3,200,"GBR","United Kingdom",57
"United Kingdom",1990,3,200,"GBR","United Kingdom",57
"United Kingdom",1991,3,200,"GBR","United Kingdom",57
"United Kingdom",1992,3,200,"GBR","United Kingdom",57
"United Kingdom",1993,3,200,"GBR","United Kingdom",57
"United Kingdom",1994,3,200,"GBR","United Kingdom",57
"United Kingdom",1995,3,200,"GBR","United Kingdom",57
"United Kingdom",1996,3,200,"GBR","United Kingdom",57
"United Kingdom",1997,3,200,"GBR","United Kingdom",57
"United Kingdom",1998,3,200,"GBR","United Kingdom",57
"United Kingdom",1999,3,200,"GBR","United Kingdom",57
"United Kingdom",2000,3,200,"GBR","United Kingdom",57
"United Kingdom",2001,3,200,"GBR","United Kingdom",57
"United Kingdom",2002,3,200,"GBR","United Kingdom",57
"United Kingdom",2003,3,200,"GBR","United Kingdom",57
"United Kingdom",2004,3,200,"GBR","United Kingdom",57
"United Kingdom",2005,3,200,"GBR","United Kingdom",57
"United Kingdom",2006,3,200,"GBR","United Kingdom",57
"United Kingdom",2007,3,200,"GBR","United Kingdom",57
"United Kingdom",2008,3,200,"GBR","United Kingdom",57
"United Kingdom",2009,3,200,"GBR","United Kingdom",57
"United Kingdom",2010,3,200,"GBR","United Kingdom",57
"United Kingdom",2011,3,200,"GBR","United Kingdom",57
"United Kingdom",2012,3,200,"GBR","United Kingdom",57
"United Kingdom",2013,3,200,"GBR","United Kingdom",57
"United Kingdom",2014,3,200,"GBR","United Kingdom",57
"United Kingdom",2015,3,200,"GBR","United Kingdom",57
"United Kingdom",2016,3,200,"GBR","United Kingdom",57
"United Kingdom",2017,3,200,"GBR","United Kingdom",57
"United Kingdom",2018,3,200,"GBR","United Kingdom",57
"United Kingdom",2019,3,200,"GBR","United Kingdom",57
"United Kingdom",2020,3,200,"GBR","United Kingdom",57
"United Kingdom",2021,3,200,"GBR","United Kingdom",57
"United Kingdom",2022,3,200,"GBR","United Kingdom",57
"United Kingdom",2023,3,200,"GBR","United Kingdom",57
"United Kingdom",2024,2,200,"GBR","United Kingdom",57
"United Kingdom",2025,2,200,"GBR","United Kingdom",57
"United States of America",1789,NA,2,"USA","United States",58
"United States of America",1790,NA,2,"USA","United States",58
"United States of America",1791,NA,2,"USA","United States",58
"United States of America",1792,NA,2,"USA","United States",58
"United States of America",1793,NA,2,"USA","United States",58
"United States of America",1794,NA,2,"USA","United States",58
"United States of America",1795,NA,2,"USA","United States",58
"United States of America",1796,NA,2,"USA","United States",58
"United States of America",1797,NA,2,"USA","United States",58
"United States of America",1798,NA,2,"USA","United States",58
"United States of America",1799,NA,2,"USA","United States",58
"United States of America",1800,NA,2,"USA","United States",58
"United States of America",1801,NA,2,"USA","United States",58
"United States of America",1802,NA,2,"USA","United States",58
"United States of America",1803,NA,2,"USA","United States",58
"United States of America",1804,NA,2,"USA","United States",58
"United States of America",1805,NA,2,"USA","United States",58
"United States of America",1806,NA,2,"USA","United States",58
"United States of America",1807,NA,2,"USA","United States",58
"United States of America",1808,NA,2,"USA","United States",58
"United States of America",1809,NA,2,"USA","United States",58
"United States of America",1810,NA,2,"USA","United States",58
"United States of America",1811,NA,2,"USA","United States",58
"United States of America",1812,NA,2,"USA","United States",58
"United States of America",1813,NA,2,"USA","United States",58
"United States of America",1814,NA,2,"USA","United States",58
"United States of America",1815,NA,2,"USA","United States",58
"United States of America",1816,NA,2,"USA","United States",58
"United States of America",1817,NA,2,"USA","United States",58
"United States of America",1818,NA,2,"USA","United States",58
"United States of America",1819,NA,2,"USA","United States",58
"United States of America",1820,NA,2,"USA","United States",58
"United States of America",1821,NA,2,"USA","United States",58
"United States of America",1822,NA,2,"USA","United States",58
"United States of America",1823,NA,2,"USA","United States",58
"United States of America",1824,NA,2,"USA","United States",58
"United States of America",1825,NA,2,"USA","United States",58
"United States of America",1826,NA,2,"USA","United States",58
"United States of America",1827,NA,2,"USA","United States",58
"United States of America",1828,NA,2,"USA","United States",58
"United States of America",1829,NA,2,"USA","United States",58
"United States of America",1830,NA,2,"USA","United States",58
"United States of America",1831,NA,2,"USA","United States",58
"United States of America",1832,NA,2,"USA","United States",58
"United States of America",1833,NA,2,"USA","United States",58
"United States of America",1834,NA,2,"USA","United States",58
"United States of America",1835,NA,2,"USA","United States",58
"United States of America",1836,NA,2,"USA","United States",58
"United States of America",1837,NA,2,"USA","United States",58
"United States of America",1838,NA,2,"USA","United States",58
"United States of America",1839,NA,2,"USA","United States",58
"United States of America",1840,NA,2,"USA","United States",58
"United States of America",1841,NA,2,"USA","United States",58
"United States of America",1842,NA,2,"USA","United States",58
"United States of America",1843,NA,2,"USA","United States",58
"United States of America",1844,NA,2,"USA","United States",58
"United States of America",1845,NA,2,"USA","United States",58
"United States of America",1846,NA,2,"USA","United States",58
"United States of America",1847,NA,2,"USA","United States",58
"United States of America",1848,NA,2,"USA","United States",58
"United States of America",1849,NA,2,"USA","United States",58
"United States of America",1850,NA,2,"USA","United States",58
"United States of America",1851,NA,2,"USA","United States",58
"United States of America",1852,NA,2,"USA","United States",58
"United States of America",1853,NA,2,"USA","United States",58
"United States of America",1854,NA,2,"USA","United States",58
"United States of America",1855,NA,2,"USA","United States",58
"United States of America",1856,NA,2,"USA","United States",58
"United States of America",1857,NA,2,"USA","United States",58
"United States of America",1858,NA,2,"USA","United States",58
"United States of America",1859,NA,2,"USA","United States",58
"United States of America",1860,NA,2,"USA","United States",58
"United States of America",1861,NA,2,"USA","United States",58
"United States of America",1862,NA,2,"USA","United States",58
"United States of America",1863,NA,2,"USA","United States",58
"United States of America",1864,NA,2,"USA","United States",58
"United States of America",1865,NA,2,"USA","United States",58
"United States of America",1866,NA,2,"USA","United States",58
"United States of America",1867,NA,2,"USA","United States",58
"United States of America",1868,NA,2,"USA","United States",58
"United States of America",1869,NA,2,"USA","United States",58
"United States of America",1870,NA,2,"USA","United States",58
"United States of America",1871,NA,2,"USA","United States",58
"United States of America",1872,NA,2,"USA","United States",58
"United States of America",1873,NA,2,"USA","United States",58
"United States of America",1874,NA,2,"USA","United States",58
"United States of America",1875,NA,2,"USA","United States",58
"United States of America",1876,NA,2,"USA","United States",58
"United States of America",1877,NA,2,"USA","United States",58
"United States of America",1878,NA,2,"USA","United States",58
"United States of America",1879,NA,2,"USA","United States",58
"United States of America",1880,NA,2,"USA","United States",58
"United States of America",1881,NA,2,"USA","United States",58
"United States of America",1882,NA,2,"USA","United States",58
"United States of America",1883,NA,2,"USA","United States",58
"United States of America",1884,NA,2,"USA","United States",58
"United States of America",1885,NA,2,"USA","United States",58
"United States of America",1886,NA,2,"USA","United States",58
"United States of America",1887,NA,2,"USA","United States",58
"United States of America",1888,NA,2,"USA","United States",58
"United States of America",1889,NA,2,"USA","United States",58
"United States of America",1890,NA,2,"USA","United States",58
"United States of America",1891,NA,2,"USA","United States",58
"United States of America",1892,NA,2,"USA","United States",58
"United States of America",1893,NA,2,"USA","United States",58
"United States of America",1894,NA,2,"USA","United States",58
"United States of America",1895,NA,2,"USA","United States",58
"United States of America",1896,NA,2,"USA","United States",58
"United States of America",1897,NA,2,"USA","United States",58
"United States of America",1898,NA,2,"USA","United States",58
"United States of America",1899,NA,2,"USA","United States",58
"United States of America",1900,1,2,"USA","United States",58
"United States of America",1901,1,2,"USA","United States",58
"United States of America",1902,1,2,"USA","United States",58
"United States of America",1903,1,2,"USA","United States",58
"United States of America",1904,1,2,"USA","United States",58
"United States of America",1905,1,2,"USA","United States",58
"United States of America",1906,1,2,"USA","United States",58
"United States of America",1907,1,2,"USA","United States",58
"United States of America",1908,1,2,"USA","United States",58
"United States of America",1909,1,2,"USA","United States",58
"United States of America",1910,1,2,"USA","United States",58
"United States of America",1911,1,2,"USA","United States",58
"United States of America",1912,1,2,"USA","United States",58
"United States of America",1913,1,2,"USA","United States",58
"United States of America",1914,1,2,"USA","United States",58
"United States of America",1915,1,2,"USA","United States",58
"United States of America",1916,1,2,"USA","United States",58
"United States of America",1917,1,2,"USA","United States",58
"United States of America",1918,1,2,"USA","United States",58
"United States of America",1919,1,2,"USA","United States",58
"United States of America",1920,2,2,"USA","United States",58
"United States of America",1921,2,2,"USA","United States",58
"United States of America",1922,2,2,"USA","United States",58
"United States of America",1923,2,2,"USA","United States",58
"United States of America",1924,2,2,"USA","United States",58
"United States of America",1925,2,2,"USA","United States",58
"United States of America",1926,2,2,"USA","United States",58
"United States of America",1927,2,2,"USA","United States",58
"United States of America",1928,2,2,"USA","United States",58
"United States of America",1929,2,2,"USA","United States",58
"United States of America",1930,2,2,"USA","United States",58
"United States of America",1931,2,2,"USA","United States",58
"United States of America",1932,2,2,"USA","United States",58
"United States of America",1933,2,2,"USA","United States",58
"United States of America",1934,2,2,"USA","United States",58
"United States of America",1935,2,2,"USA","United States",58
"United States of America",1936,2,2,"USA","United States",58
"United States of America",1937,2,2,"USA","United States",58
"United States of America",1938,2,2,"USA","United States",58
"United States of America",1939,2,2,"USA","United States",58
"United States of America",1940,2,2,"USA","United States",58
"United States of America",1941,2,2,"USA","United States",58
"United States of America",1942,2,2,"USA","United States",58
"United States of America",1943,2,2,"USA","United States",58
"United States of America",1944,2,2,"USA","United States",58
"United States of America",1945,2,2,"USA","United States",58
"United States of America",1946,2,2,"USA","United States",58
"United States of America",1947,2,2,"USA","United States",58
"United States of America",1948,2,2,"USA","United States",58
"United States of America",1949,2,2,"USA","United States",58
"United States of America",1950,2,2,"USA","United States",58
"United States of America",1951,2,2,"USA","United States",58
"United States of America",1952,2,2,"USA","United States",58
"United States of America",1953,2,2,"USA","United States",58
"United States of America",1954,2,2,"USA","United States",58
"United States of America",1955,2,2,"USA","United States",58
"United States of America",1956,2,2,"USA","United States",58
"United States of America",1957,2,2,"USA","United States",58
"United States of America",1958,2,2,"USA","United States",58
"United States of America",1959,2,2,"USA","United States",58
"United States of America",1960,2,2,"USA","United States",58
"United States of America",1961,2,2,"USA","United States",58
"United States of America",1962,2,2,"USA","United States",58
"United States of America",1963,2,2,"USA","United States",58
"United States of America",1964,2,2,"USA","United States",58
"United States of America",1965,2,2,"USA","United States",58
"United States of America",1966,2,2,"USA","United States",58
"United States of America",1967,2,2,"USA","United States",58
"United States of America",1968,2,2,"USA","United States",58
"United States of America",1969,3,2,"USA","United States",58
"United States of America",1970,3,2,"USA","United States",58
"United States of America",1971,3,2,"USA","United States",58
"United States of America",1972,3,2,"USA","United States",58
"United States of America",1973,3,2,"USA","United States",58
"United States of America",1974,3,2,"USA","United States",58
"United States of America",1975,3,2,"USA","United States",58
"United States of America",1976,3,2,"USA","United States",58
"United States of America",1977,3,2,"USA","United States",58
"United States of America",1978,3,2,"USA","United States",58
"United States of America",1979,3,2,"USA","United States",58
"United States of America",1980,3,2,"USA","United States",58
"United States of America",1981,3,2,"USA","United States",58
"United States of America",1982,3,2,"USA","United States",58
"United States of America",1983,3,2,"USA","United States",58
"United States of America",1984,3,2,"USA","United States",58
"United States of America",1985,3,2,"USA","United States",58
"United States of America",1986,3,2,"USA","United States",58
"United States of America",1987,3,2,"USA","United States",58
"United States of America",1988,3,2,"USA","United States",58
"United States of America",1989,3,2,"USA","United States",58
"United States of America",1990,3,2,"USA","United States",58
"United States of America",1991,3,2,"USA","United States",58
"United States of America",1992,3,2,"USA","United States",58
"United States of America",1993,3,2,"USA","United States",58
"United States of America",1994,3,2,"USA","United States",58
"United States of America",1995,3,2,"USA","United States",58
"United States of America",1996,3,2,"USA","United States",58
"United States of America",1997,3,2,"USA","United States",58
"United States of America",1998,3,2,"USA","United States",58
"United States of America",1999,3,2,"USA","United States",58
"United States of America",2000,3,2,"USA","United States",58
"United States of America",2001,3,2,"USA","United States",58
"United States of America",2002,3,2,"USA","United States",58
"United States of America",2003,3,2,"USA","United States",58
"United States of America",2004,3,2,"USA","United States",58
"United States of America",2005,3,2,"USA","United States",58
"United States of America",2006,3,2,"USA","United States",58
"United States of America",2007,3,2,"USA","United States",58
"United States of America",2008,3,2,"USA","United States",58
"United States of America",2009,3,2,"USA","United States",58
"United States of America",2010,3,2,"USA","United States",58
"United States of America",2011,3,2,"USA","United States",58
"United States of America",2012,3,2,"USA","United States",58
"United States of America",2013,3,2,"USA","United States",58
"United States of America",2014,3,2,"USA","United States",58
"United States of America",2015,3,2,"USA","United States",58
"United States of America",2016,3,2,"USA","United States",58
"United States of America",2017,3,2,"USA","United States",58
"United States of America",2018,3,2,"USA","United States",58
"United States of America",2019,3,2,"USA","United States",58
"United States of America",2020,3,2,"USA","United States",58
"United States of America",2021,3,2,"USA","United States",58
"United States of America",2022,3,2,"USA","United States",58
"United States of America",2023,3,2,"USA","United States",58
"United States of America",2024,3,2,"USA","United States",58
"United States of America",2025,2,2,"USA","United States",58
"Uruguay",1825,NA,165,"URY","Uruguay",59
"Uruguay",1826,NA,165,"URY","Uruguay",59
"Uruguay",1827,NA,165,"URY","Uruguay",59
"Uruguay",1828,NA,165,"URY","Uruguay",59
"Uruguay",1829,NA,165,"URY","Uruguay",59
"Uruguay",1830,NA,165,"URY","Uruguay",59
"Uruguay",1831,NA,165,"URY","Uruguay",59
"Uruguay",1832,NA,165,"URY","Uruguay",59
"Uruguay",1833,NA,165,"URY","Uruguay",59
"Uruguay",1834,NA,165,"URY","Uruguay",59
"Uruguay",1835,NA,165,"URY","Uruguay",59
"Uruguay",1836,NA,165,"URY","Uruguay",59
"Uruguay",1837,NA,165,"URY","Uruguay",59
"Uruguay",1838,NA,165,"URY","Uruguay",59
"Uruguay",1839,NA,165,"URY","Uruguay",59
"Uruguay",1840,NA,165,"URY","Uruguay",59
"Uruguay",1841,NA,165,"URY","Uruguay",59
"Uruguay",1842,NA,165,"URY","Uruguay",59
"Uruguay",1843,NA,165,"URY","Uruguay",59
"Uruguay",1844,NA,165,"URY","Uruguay",59
"Uruguay",1845,NA,165,"URY","Uruguay",59
"Uruguay",1846,NA,165,"URY","Uruguay",59
"Uruguay",1847,NA,165,"URY","Uruguay",59
"Uruguay",1848,NA,165,"URY","Uruguay",59
"Uruguay",1849,NA,165,"URY","Uruguay",59
"Uruguay",1850,NA,165,"URY","Uruguay",59
"Uruguay",1851,NA,165,"URY","Uruguay",59
"Uruguay",1852,NA,165,"URY","Uruguay",59
"Uruguay",1853,NA,165,"URY","Uruguay",59
"Uruguay",1854,NA,165,"URY","Uruguay",59
"Uruguay",1855,NA,165,"URY","Uruguay",59
"Uruguay",1856,NA,165,"URY","Uruguay",59
"Uruguay",1857,NA,165,"URY","Uruguay",59
"Uruguay",1858,NA,165,"URY","Uruguay",59
"Uruguay",1859,NA,165,"URY","Uruguay",59
"Uruguay",1860,NA,165,"URY","Uruguay",59
"Uruguay",1861,NA,165,"URY","Uruguay",59
"Uruguay",1862,NA,165,"URY","Uruguay",59
"Uruguay",1863,NA,165,"URY","Uruguay",59
"Uruguay",1864,NA,165,"URY","Uruguay",59
"Uruguay",1865,NA,165,"URY","Uruguay",59
"Uruguay",1866,NA,165,"URY","Uruguay",59
"Uruguay",1867,NA,165,"URY","Uruguay",59
"Uruguay",1868,NA,165,"URY","Uruguay",59
"Uruguay",1869,NA,165,"URY","Uruguay",59
"Uruguay",1870,NA,165,"URY","Uruguay",59
"Uruguay",1871,NA,165,"URY","Uruguay",59
"Uruguay",1872,NA,165,"URY","Uruguay",59
"Uruguay",1873,NA,165,"URY","Uruguay",59
"Uruguay",1874,NA,165,"URY","Uruguay",59
"Uruguay",1875,NA,165,"URY","Uruguay",59
"Uruguay",1876,NA,165,"URY","Uruguay",59
"Uruguay",1877,NA,165,"URY","Uruguay",59
"Uruguay",1878,NA,165,"URY","Uruguay",59
"Uruguay",1879,NA,165,"URY","Uruguay",59
"Uruguay",1880,NA,165,"URY","Uruguay",59
"Uruguay",1881,NA,165,"URY","Uruguay",59
"Uruguay",1882,NA,165,"URY","Uruguay",59
"Uruguay",1883,NA,165,"URY","Uruguay",59
"Uruguay",1884,NA,165,"URY","Uruguay",59
"Uruguay",1885,NA,165,"URY","Uruguay",59
"Uruguay",1886,NA,165,"URY","Uruguay",59
"Uruguay",1887,NA,165,"URY","Uruguay",59
"Uruguay",1888,NA,165,"URY","Uruguay",59
"Uruguay",1889,NA,165,"URY","Uruguay",59
"Uruguay",1890,NA,165,"URY","Uruguay",59
"Uruguay",1891,NA,165,"URY","Uruguay",59
"Uruguay",1892,NA,165,"URY","Uruguay",59
"Uruguay",1893,NA,165,"URY","Uruguay",59
"Uruguay",1894,NA,165,"URY","Uruguay",59
"Uruguay",1895,NA,165,"URY","Uruguay",59
"Uruguay",1896,NA,165,"URY","Uruguay",59
"Uruguay",1897,NA,165,"URY","Uruguay",59
"Uruguay",1898,NA,165,"URY","Uruguay",59
"Uruguay",1899,NA,165,"URY","Uruguay",59
"Uruguay",1900,1,165,"URY","Uruguay",59
"Uruguay",1901,1,165,"URY","Uruguay",59
"Uruguay",1902,1,165,"URY","Uruguay",59
"Uruguay",1903,1,165,"URY","Uruguay",59
"Uruguay",1904,1,165,"URY","Uruguay",59
"Uruguay",1905,1,165,"URY","Uruguay",59
"Uruguay",1906,1,165,"URY","Uruguay",59
"Uruguay",1907,0,165,"URY","Uruguay",59
"Uruguay",1908,0,165,"URY","Uruguay",59
"Uruguay",1909,0,165,"URY","Uruguay",59
"Uruguay",1910,0,165,"URY","Uruguay",59
"Uruguay",1911,1,165,"URY","Uruguay",59
"Uruguay",1912,1,165,"URY","Uruguay",59
"Uruguay",1913,1,165,"URY","Uruguay",59
"Uruguay",1914,1,165,"URY","Uruguay",59
"Uruguay",1915,1,165,"URY","Uruguay",59
"Uruguay",1916,1,165,"URY","Uruguay",59
"Uruguay",1917,1,165,"URY","Uruguay",59
"Uruguay",1918,1,165,"URY","Uruguay",59
"Uruguay",1919,1,165,"URY","Uruguay",59
"Uruguay",1920,1,165,"URY","Uruguay",59
"Uruguay",1921,1,165,"URY","Uruguay",59
"Uruguay",1922,1,165,"URY","Uruguay",59
"Uruguay",1923,2,165,"URY","Uruguay",59
"Uruguay",1924,2,165,"URY","Uruguay",59
"Uruguay",1925,2,165,"URY","Uruguay",59
"Uruguay",1926,2,165,"URY","Uruguay",59
"Uruguay",1927,2,165,"URY","Uruguay",59
"Uruguay",1928,2,165,"URY","Uruguay",59
"Uruguay",1929,2,165,"URY","Uruguay",59
"Uruguay",1930,2,165,"URY","Uruguay",59
"Uruguay",1931,2,165,"URY","Uruguay",59
"Uruguay",1932,2,165,"URY","Uruguay",59
"Uruguay",1933,0,165,"URY","Uruguay",59
"Uruguay",1934,0,165,"URY","Uruguay",59
"Uruguay",1935,0,165,"URY","Uruguay",59
"Uruguay",1936,0,165,"URY","Uruguay",59
"Uruguay",1937,0,165,"URY","Uruguay",59
"Uruguay",1938,1,165,"URY","Uruguay",59
"Uruguay",1939,2,165,"URY","Uruguay",59
"Uruguay",1940,2,165,"URY","Uruguay",59
"Uruguay",1941,2,165,"URY","Uruguay",59
"Uruguay",1942,2,165,"URY","Uruguay",59
"Uruguay",1943,2,165,"URY","Uruguay",59
"Uruguay",1944,2,165,"URY","Uruguay",59
"Uruguay",1945,2,165,"URY","Uruguay",59
"Uruguay",1946,2,165,"URY","Uruguay",59
"Uruguay",1947,2,165,"URY","Uruguay",59
"Uruguay",1948,2,165,"URY","Uruguay",59
"Uruguay",1949,2,165,"URY","Uruguay",59
"Uruguay",1950,2,165,"URY","Uruguay",59
"Uruguay",1951,2,165,"URY","Uruguay",59
"Uruguay",1952,2,165,"URY","Uruguay",59
"Uruguay",1953,2,165,"URY","Uruguay",59
"Uruguay",1954,2,165,"URY","Uruguay",59
"Uruguay",1955,2,165,"URY","Uruguay",59
"Uruguay",1956,2,165,"URY","Uruguay",59
"Uruguay",1957,2,165,"URY","Uruguay",59
"Uruguay",1958,2,165,"URY","Uruguay",59
"Uruguay",1959,2,165,"URY","Uruguay",59
"Uruguay",1960,2,165,"URY","Uruguay",59
"Uruguay",1961,2,165,"URY","Uruguay",59
"Uruguay",1962,2,165,"URY","Uruguay",59
"Uruguay",1963,2,165,"URY","Uruguay",59
"Uruguay",1964,2,165,"URY","Uruguay",59
"Uruguay",1965,2,165,"URY","Uruguay",59
"Uruguay",1966,2,165,"URY","Uruguay",59
"Uruguay",1967,2,165,"URY","Uruguay",59
"Uruguay",1968,2,165,"URY","Uruguay",59
"Uruguay",1969,2,165,"URY","Uruguay",59
"Uruguay",1970,2,165,"URY","Uruguay",59
"Uruguay",1971,2,165,"URY","Uruguay",59
"Uruguay",1972,1,165,"URY","Uruguay",59
"Uruguay",1973,0,165,"URY","Uruguay",59
"Uruguay",1974,0,165,"URY","Uruguay",59
"Uruguay",1975,0,165,"URY","Uruguay",59
"Uruguay",1976,0,165,"URY","Uruguay",59
"Uruguay",1977,0,165,"URY","Uruguay",59
"Uruguay",1978,0,165,"URY","Uruguay",59
"Uruguay",1979,0,165,"URY","Uruguay",59
"Uruguay",1980,0,165,"URY","Uruguay",59
"Uruguay",1981,0,165,"URY","Uruguay",59
"Uruguay",1982,0,165,"URY","Uruguay",59
"Uruguay",1983,0,165,"URY","Uruguay",59
"Uruguay",1984,1,165,"URY","Uruguay",59
"Uruguay",1985,3,165,"URY","Uruguay",59
"Uruguay",1986,3,165,"URY","Uruguay",59
"Uruguay",1987,3,165,"URY","Uruguay",59
"Uruguay",1988,3,165,"URY","Uruguay",59
"Uruguay",1989,3,165,"URY","Uruguay",59
"Uruguay",1990,3,165,"URY","Uruguay",59
"Uruguay",1991,3,165,"URY","Uruguay",59
"Uruguay",1992,3,165,"URY","Uruguay",59
"Uruguay",1993,3,165,"URY","Uruguay",59
"Uruguay",1994,3,165,"URY","Uruguay",59
"Uruguay",1995,3,165,"URY","Uruguay",59
"Uruguay",1996,3,165,"URY","Uruguay",59
"Uruguay",1997,3,165,"URY","Uruguay",59
"Uruguay",1998,3,165,"URY","Uruguay",59
"Uruguay",1999,3,165,"URY","Uruguay",59
"Uruguay",2000,3,165,"URY","Uruguay",59
"Uruguay",2001,3,165,"URY","Uruguay",59
"Uruguay",2002,3,165,"URY","Uruguay",59
"Uruguay",2003,3,165,"URY","Uruguay",59
"Uruguay",2004,3,165,"URY","Uruguay",59
"Uruguay",2005,3,165,"URY","Uruguay",59
"Uruguay",2006,3,165,"URY","Uruguay",59
"Uruguay",2007,3,165,"URY","Uruguay",59
"Uruguay",2008,3,165,"URY","Uruguay",59
"Uruguay",2009,3,165,"URY","Uruguay",59
"Uruguay",2010,3,165,"URY","Uruguay",59
"Uruguay",2011,3,165,"URY","Uruguay",59
"Uruguay",2012,3,165,"URY","Uruguay",59
"Uruguay",2013,3,165,"URY","Uruguay",59
"Uruguay",2014,3,165,"URY","Uruguay",59
"Uruguay",2015,3,165,"URY","Uruguay",59
"Uruguay",2016,3,165,"URY","Uruguay",59
"Uruguay",2017,3,165,"URY","Uruguay",59
"Uruguay",2018,3,165,"URY","Uruguay",59
"Uruguay",2019,3,165,"URY","Uruguay",59
"Uruguay",2020,3,165,"URY","Uruguay",59
"Uruguay",2021,3,165,"URY","Uruguay",59
"Uruguay",2022,3,165,"URY","Uruguay",59
"Uruguay",2023,3,165,"URY","Uruguay",59
"Uruguay",2024,3,165,"URY","Uruguay",59
"Uruguay",2025,3,165,"URY","Uruguay",59
"Venezuela",1789,NA,101,"VEN","Venezuela",60
"Venezuela",1790,NA,101,"VEN","Venezuela",60
"Venezuela",1791,NA,101,"VEN","Venezuela",60
"Venezuela",1792,NA,101,"VEN","Venezuela",60
"Venezuela",1793,NA,101,"VEN","Venezuela",60
"Venezuela",1794,NA,101,"VEN","Venezuela",60
"Venezuela",1795,NA,101,"VEN","Venezuela",60
"Venezuela",1796,NA,101,"VEN","Venezuela",60
"Venezuela",1797,NA,101,"VEN","Venezuela",60
"Venezuela",1798,NA,101,"VEN","Venezuela",60
"Venezuela",1799,NA,101,"VEN","Venezuela",60
"Venezuela",1800,NA,101,"VEN","Venezuela",60
"Venezuela",1801,NA,101,"VEN","Venezuela",60
"Venezuela",1802,NA,101,"VEN","Venezuela",60
"Venezuela",1803,NA,101,"VEN","Venezuela",60
"Venezuela",1804,NA,101,"VEN","Venezuela",60
"Venezuela",1805,NA,101,"VEN","Venezuela",60
"Venezuela",1806,NA,101,"VEN","Venezuela",60
"Venezuela",1807,NA,101,"VEN","Venezuela",60
"Venezuela",1808,NA,101,"VEN","Venezuela",60
"Venezuela",1809,NA,101,"VEN","Venezuela",60
"Venezuela",1810,NA,101,"VEN","Venezuela",60
"Venezuela",1811,NA,101,"VEN","Venezuela",60
"Venezuela",1812,NA,101,"VEN","Venezuela",60
"Venezuela",1813,NA,101,"VEN","Venezuela",60
"Venezuela",1814,NA,101,"VEN","Venezuela",60
"Venezuela",1815,NA,101,"VEN","Venezuela",60
"Venezuela",1816,NA,101,"VEN","Venezuela",60
"Venezuela",1817,NA,101,"VEN","Venezuela",60
"Venezuela",1818,NA,101,"VEN","Venezuela",60
"Venezuela",1819,NA,101,"VEN","Venezuela",60
"Venezuela",1830,NA,101,"VEN","Venezuela",60
"Venezuela",1831,NA,101,"VEN","Venezuela",60
"Venezuela",1832,NA,101,"VEN","Venezuela",60
"Venezuela",1833,NA,101,"VEN","Venezuela",60
"Venezuela",1834,NA,101,"VEN","Venezuela",60
"Venezuela",1835,NA,101,"VEN","Venezuela",60
"Venezuela",1836,NA,101,"VEN","Venezuela",60
"Venezuela",1837,NA,101,"VEN","Venezuela",60
"Venezuela",1838,NA,101,"VEN","Venezuela",60
"Venezuela",1839,NA,101,"VEN","Venezuela",60
"Venezuela",1840,NA,101,"VEN","Venezuela",60
"Venezuela",1841,NA,101,"VEN","Venezuela",60
"Venezuela",1842,NA,101,"VEN","Venezuela",60
"Venezuela",1843,NA,101,"VEN","Venezuela",60
"Venezuela",1844,NA,101,"VEN","Venezuela",60
"Venezuela",1845,NA,101,"VEN","Venezuela",60
"Venezuela",1846,NA,101,"VEN","Venezuela",60
"Venezuela",1847,NA,101,"VEN","Venezuela",60
"Venezuela",1848,NA,101,"VEN","Venezuela",60
"Venezuela",1849,NA,101,"VEN","Venezuela",60
"Venezuela",1850,NA,101,"VEN","Venezuela",60
"Venezuela",1851,NA,101,"VEN","Venezuela",60
"Venezuela",1852,NA,101,"VEN","Venezuela",60
"Venezuela",1853,NA,101,"VEN","Venezuela",60
"Venezuela",1854,NA,101,"VEN","Venezuela",60
"Venezuela",1855,NA,101,"VEN","Venezuela",60
"Venezuela",1856,NA,101,"VEN","Venezuela",60
"Venezuela",1857,NA,101,"VEN","Venezuela",60
"Venezuela",1858,NA,101,"VEN","Venezuela",60
"Venezuela",1859,NA,101,"VEN","Venezuela",60
"Venezuela",1860,NA,101,"VEN","Venezuela",60
"Venezuela",1861,NA,101,"VEN","Venezuela",60
"Venezuela",1862,NA,101,"VEN","Venezuela",60
"Venezuela",1863,NA,101,"VEN","Venezuela",60
"Venezuela",1864,NA,101,"VEN","Venezuela",60
"Venezuela",1865,NA,101,"VEN","Venezuela",60
"Venezuela",1866,NA,101,"VEN","Venezuela",60
"Venezuela",1867,NA,101,"VEN","Venezuela",60
"Venezuela",1868,NA,101,"VEN","Venezuela",60
"Venezuela",1869,NA,101,"VEN","Venezuela",60
"Venezuela",1870,NA,101,"VEN","Venezuela",60
"Venezuela",1871,NA,101,"VEN","Venezuela",60
"Venezuela",1872,NA,101,"VEN","Venezuela",60
"Venezuela",1873,NA,101,"VEN","Venezuela",60
"Venezuela",1874,NA,101,"VEN","Venezuela",60
"Venezuela",1875,NA,101,"VEN","Venezuela",60
"Venezuela",1876,NA,101,"VEN","Venezuela",60
"Venezuela",1877,NA,101,"VEN","Venezuela",60
"Venezuela",1878,NA,101,"VEN","Venezuela",60
"Venezuela",1879,NA,101,"VEN","Venezuela",60
"Venezuela",1880,NA,101,"VEN","Venezuela",60
"Venezuela",1881,NA,101,"VEN","Venezuela",60
"Venezuela",1882,NA,101,"VEN","Venezuela",60
"Venezuela",1883,NA,101,"VEN","Venezuela",60
"Venezuela",1884,NA,101,"VEN","Venezuela",60
"Venezuela",1885,NA,101,"VEN","Venezuela",60
"Venezuela",1886,NA,101,"VEN","Venezuela",60
"Venezuela",1887,NA,101,"VEN","Venezuela",60
"Venezuela",1888,NA,101,"VEN","Venezuela",60
"Venezuela",1889,NA,101,"VEN","Venezuela",60
"Venezuela",1890,NA,101,"VEN","Venezuela",60
"Venezuela",1891,NA,101,"VEN","Venezuela",60
"Venezuela",1892,NA,101,"VEN","Venezuela",60
"Venezuela",1893,NA,101,"VEN","Venezuela",60
"Venezuela",1894,NA,101,"VEN","Venezuela",60
"Venezuela",1895,NA,101,"VEN","Venezuela",60
"Venezuela",1896,NA,101,"VEN","Venezuela",60
"Venezuela",1897,NA,101,"VEN","Venezuela",60
"Venezuela",1898,NA,101,"VEN","Venezuela",60
"Venezuela",1899,NA,101,"VEN","Venezuela",60
"Venezuela",1900,0,101,"VEN","Venezuela",60
"Venezuela",1901,0,101,"VEN","Venezuela",60
"Venezuela",1902,0,101,"VEN","Venezuela",60
"Venezuela",1903,0,101,"VEN","Venezuela",60
"Venezuela",1904,0,101,"VEN","Venezuela",60
"Venezuela",1905,0,101,"VEN","Venezuela",60
"Venezuela",1906,0,101,"VEN","Venezuela",60
"Venezuela",1907,0,101,"VEN","Venezuela",60
"Venezuela",1908,0,101,"VEN","Venezuela",60
"Venezuela",1909,0,101,"VEN","Venezuela",60
"Venezuela",1910,0,101,"VEN","Venezuela",60
"Venezuela",1911,0,101,"VEN","Venezuela",60
"Venezuela",1912,0,101,"VEN","Venezuela",60
"Venezuela",1913,0,101,"VEN","Venezuela",60
"Venezuela",1914,0,101,"VEN","Venezuela",60
"Venezuela",1915,0,101,"VEN","Venezuela",60
"Venezuela",1916,0,101,"VEN","Venezuela",60
"Venezuela",1917,0,101,"VEN","Venezuela",60
"Venezuela",1918,0,101,"VEN","Venezuela",60
"Venezuela",1919,0,101,"VEN","Venezuela",60
"Venezuela",1920,0,101,"VEN","Venezuela",60
"Venezuela",1921,0,101,"VEN","Venezuela",60
"Venezuela",1922,0,101,"VEN","Venezuela",60
"Venezuela",1923,0,101,"VEN","Venezuela",60
"Venezuela",1924,0,101,"VEN","Venezuela",60
"Venezuela",1925,0,101,"VEN","Venezuela",60
"Venezuela",1926,0,101,"VEN","Venezuela",60
"Venezuela",1927,0,101,"VEN","Venezuela",60
"Venezuela",1928,0,101,"VEN","Venezuela",60
"Venezuela",1929,0,101,"VEN","Venezuela",60
"Venezuela",1930,0,101,"VEN","Venezuela",60
"Venezuela",1931,0,101,"VEN","Venezuela",60
"Venezuela",1932,0,101,"VEN","Venezuela",60
"Venezuela",1933,0,101,"VEN","Venezuela",60
"Venezuela",1934,0,101,"VEN","Venezuela",60
"Venezuela",1935,0,101,"VEN","Venezuela",60
"Venezuela",1936,0,101,"VEN","Venezuela",60
"Venezuela",1937,0,101,"VEN","Venezuela",60
"Venezuela",1938,0,101,"VEN","Venezuela",60
"Venezuela",1939,0,101,"VEN","Venezuela",60
"Venezuela",1940,0,101,"VEN","Venezuela",60
"Venezuela",1941,0,101,"VEN","Venezuela",60
"Venezuela",1942,0,101,"VEN","Venezuela",60
"Venezuela",1943,0,101,"VEN","Venezuela",60
"Venezuela",1944,0,101,"VEN","Venezuela",60
"Venezuela",1945,0,101,"VEN","Venezuela",60
"Venezuela",1946,0,101,"VEN","Venezuela",60
"Venezuela",1947,1,101,"VEN","Venezuela",60
"Venezuela",1948,1,101,"VEN","Venezuela",60
"Venezuela",1949,0,101,"VEN","Venezuela",60
"Venezuela",1950,0,101,"VEN","Venezuela",60
"Venezuela",1951,0,101,"VEN","Venezuela",60
"Venezuela",1952,0,101,"VEN","Venezuela",60
"Venezuela",1953,0,101,"VEN","Venezuela",60
"Venezuela",1954,0,101,"VEN","Venezuela",60
"Venezuela",1955,0,101,"VEN","Venezuela",60
"Venezuela",1956,0,101,"VEN","Venezuela",60
"Venezuela",1957,0,101,"VEN","Venezuela",60
"Venezuela",1958,1,101,"VEN","Venezuela",60
"Venezuela",1959,2,101,"VEN","Venezuela",60
"Venezuela",1960,2,101,"VEN","Venezuela",60
"Venezuela",1961,2,101,"VEN","Venezuela",60
"Venezuela",1962,2,101,"VEN","Venezuela",60
"Venezuela",1963,2,101,"VEN","Venezuela",60
"Venezuela",1964,2,101,"VEN","Venezuela",60
"Venezuela",1965,2,101,"VEN","Venezuela",60
"Venezuela",1966,2,101,"VEN","Venezuela",60
"Venezuela",1967,2,101,"VEN","Venezuela",60
"Venezuela",1968,2,101,"VEN","Venezuela",60
"Venezuela",1969,2,101,"VEN","Venezuela",60
"Venezuela",1970,2,101,"VEN","Venezuela",60
"Venezuela",1971,2,101,"VEN","Venezuela",60
"Venezuela",1972,2,101,"VEN","Venezuela",60
"Venezuela",1973,2,101,"VEN","Venezuela",60
"Venezuela",1974,2,101,"VEN","Venezuela",60
"Venezuela",1975,2,101,"VEN","Venezuela",60
"Venezuela",1976,2,101,"VEN","Venezuela",60
"Venezuela",1977,2,101,"VEN","Venezuela",60
"Venezuela",1978,2,101,"VEN","Venezuela",60
"Venezuela",1979,2,101,"VEN","Venezuela",60
"Venezuela",1980,2,101,"VEN","Venezuela",60
"Venezuela",1981,2,101,"VEN","Venezuela",60
"Venezuela",1982,2,101,"VEN","Venezuela",60
"Venezuela",1983,2,101,"VEN","Venezuela",60
"Venezuela",1984,2,101,"VEN","Venezuela",60
"Venezuela",1985,2,101,"VEN","Venezuela",60
"Venezuela",1986,2,101,"VEN","Venezuela",60
"Venezuela",1987,2,101,"VEN","Venezuela",60
"Venezuela",1988,2,101,"VEN","Venezuela",60
"Venezuela",1989,2,101,"VEN","Venezuela",60
"Venezuela",1990,2,101,"VEN","Venezuela",60
"Venezuela",1991,2,101,"VEN","Venezuela",60
"Venezuela",1992,2,101,"VEN","Venezuela",60
"Venezuela",1993,2,101,"VEN","Venezuela",60
"Venezuela",1994,2,101,"VEN","Venezuela",60
"Venezuela",1995,2,101,"VEN","Venezuela",60
"Venezuela",1996,2,101,"VEN","Venezuela",60
"Venezuela",1997,2,101,"VEN","Venezuela",60
"Venezuela",1998,2,101,"VEN","Venezuela",60
"Venezuela",1999,2,101,"VEN","Venezuela",60
"Venezuela",2000,2,101,"VEN","Venezuela",60
"Venezuela",2001,2,101,"VEN","Venezuela",60
"Venezuela",2002,1,101,"VEN","Venezuela",60
"Venezuela",2003,1,101,"VEN","Venezuela",60
"Venezuela",2004,1,101,"VEN","Venezuela",60
"Venezuela",2005,1,101,"VEN","Venezuela",60
"Venezuela",2006,1,101,"VEN","Venezuela",60
"Venezuela",2007,1,101,"VEN","Venezuela",60
"Venezuela",2008,1,101,"VEN","Venezuela",60
"Venezuela",2009,1,101,"VEN","Venezuela",60
"Venezuela",2010,1,101,"VEN","Venezuela",60
"Venezuela",2011,1,101,"VEN","Venezuela",60
"Venezuela",2012,1,101,"VEN","Venezuela",60
"Venezuela",2013,1,101,"VEN","Venezuela",60
"Venezuela",2014,1,101,"VEN","Venezuela",60
"Venezuela",2015,1,101,"VEN","Venezuela",60
"Venezuela",2016,1,101,"VEN","Venezuela",60
"Venezuela",2017,1,101,"VEN","Venezuela",60
"Venezuela",2018,1,101,"VEN","Venezuela",60
"Venezuela",2019,1,101,"VEN","Venezuela",60
"Venezuela",2020,1,101,"VEN","Venezuela",60
"Venezuela",2021,1,101,"VEN","Venezuela",60
"Venezuela",2022,1,101,"VEN","Venezuela",60
"Venezuela",2023,1,101,"VEN","Venezuela",60
"Venezuela",2024,1,101,"VEN","Venezuela",60
"Venezuela",2025,1,101,"VEN","Venezuela",60
